2026-10-01 14:30:30.063 Uvicorn server started on :::8501
2026-10-01 16:21:56.886 Please replace `use_container_width` with `width`.

`use_container_width` will be removed after 2025-12-31.

For `use_container_width=True`, use `width='stretch'`. For `use_container_width=False`, use `width='content'`.
2026-10-01 16:22:10 | INFO     | parser.openapi_parser | Parsing OpenAPI spec from: C:\Users\VIGNES~1.SEL\AppData\Local\Temp\tmpkja1ppz_.yaml
2026-10-01 16:22:11 | INFO     | parser.openapi_parser | Parsed 4 endpoint(s) from C:\Users\VIGNES~1.SEL\AppData\Local\Temp\tmpkja1ppz_.yaml
MongoDB is unavailable; using local document store at C:\Users\Vignesh.Selvaraju\Downloads\CapstoneMentorArchitecture\capstone1_mentor_architecture\capstone1_release\storage\data\ingested_documents.sqlite3
Warning: You are sending unauthenticated requests to the HF Hub. Please set a HF_TOKEN to enable higher rate limits and faster downloads.

Loading weights:   0%|          | 0/199 [00:00<?, ?it/s]
Loading weights: 100%|##########| 199/199 [00:00<00:00, 2838.34it/s]
2026-10-01 16:22:54.218 Please replace `use_container_width` with `width`.

`use_container_width` will be removed after 2025-12-31.

For `use_container_width=True`, use `width='stretch'`. For `use_container_width=False`, use `width='content'`.
2026-10-01 16:22:59.849 Examining the path of transformers.models.aria.image_processing_aria_fast raised:
Traceback (most recent call last):
  File "C:\Users\Vignesh.Selvaraju\AppData\Local\Programs\Python\Python312\Lib\site-packages\streamlit\watcher\local_sources_watcher.py", line 330, in get_module_paths
    potential_paths = extract_paths(module)
                      ^^^^^^^^^^^^^^^^^^^^^
  File "C:\Users\Vignesh.Selvaraju\AppData\Local\Programs\Python\Python312\Lib\site-packages\streamlit\watcher\local_sources_watcher.py", line 317, in <lambda>
    if hasattr(m, "__path__")
       ^^^^^^^^^^^^^^^^^^^^^^
  File "C:\Users\Vignesh.Selvaraju\AppData\Local\Programs\Python\Python312\Lib\site-packages\transformers\__init__.py", line 862, in _getattr
    return getattr(importlib.import_module(target, __name__), name)
                   ^^^^^^^^^^^^^^^^^^^^^^^^^^^^^^^^^^^^^^^^^
  File "C:\Users\Vignesh.Selvaraju\AppData\Local\Programs\Python\Python312\Lib\importlib\__init__.py", line 90, in import_module
    return _bootstrap._gcd_import(name[level:], package, level)
           ^^^^^^^^^^^^^^^^^^^^^^^^^^^^^^^^^^^^^^^^^^^^^^^^^^^^
  File "<frozen importlib._bootstrap>", line 1387, in _gcd_import
  File "<frozen importlib._bootstrap>", line 1360, in _find_and_load
  File "<frozen importlib._bootstrap>", line 1331, in _find_and_load_unlocked
  File "<frozen importlib._bootstrap>", line 935, in _load_unlocked
  File "<frozen importlib._bootstrap_external>", line 999, in exec_module
  File "<frozen importlib._bootstrap>", line 488, in _call_with_frames_removed
  File "C:\Users\Vignesh.Selvaraju\AppData\Local\Programs\Python\Python312\Lib\site-packages\transformers\models\aria\image_processing_aria.py", line 23, in <module>
    from torchvision.transforms.v2 import functional as tvF
ModuleNotFoundError: No module named 'torchvision'
2026-10-01 16:22:59.869 Examining the path of transformers.models.beit.image_processing_beit_fast raised:
Traceback (most recent call last):
  File "C:\Users\Vignesh.Selvaraju\AppData\Local\Programs\Python\Python312\Lib\site-packages\streamlit\watcher\local_sources_watcher.py", line 330, in get_module_paths
    potential_paths = extract_paths(module)
                      ^^^^^^^^^^^^^^^^^^^^^
  File "C:\Users\Vignesh.Selvaraju\AppData\Local\Programs\Python\Python312\Lib\site-packages\streamlit\watcher\local_sources_watcher.py", line 317, in <lambda>
    if hasattr(m, "__path__")
       ^^^^^^^^^^^^^^^^^^^^^^
  File "C:\Users\Vignesh.Selvaraju\AppData\Local\Programs\Python\Python312\Lib\site-packages\transformers\__init__.py", line 862, in _getattr
    return getattr(importlib.import_module(target, __name__), name)
                   ^^^^^^^^^^^^^^^^^^^^^^^^^^^^^^^^^^^^^^^^^
  File "C:\Users\Vignesh.Selvaraju\AppData\Local\Programs\Python\Python312\Lib\importlib\__init__.py", line 90, in import_module
    return _bootstrap._gcd_import(name[level:], package, level)
           ^^^^^^^^^^^^^^^^^^^^^^^^^^^^^^^^^^^^^^^^^^^^^^^^^^^^
  File "<frozen importlib._bootstrap>", line 1387, in _gcd_import
  File "<frozen importlib._bootstrap>", line 1360, in _find_and_load
  File "<frozen importlib._bootstrap>", line 1331, in _find_and_load_unlocked
  File "<frozen importlib._bootstrap>", line 935, in _load_unlocked
  File "<frozen importlib._bootstrap_external>", line 999, in exec_module
  File "<frozen importlib._bootstrap>", line 488, in _call_with_frames_removed
  File "C:\Users\Vignesh.Selvaraju\AppData\Local\Programs\Python\Python312\Lib\site-packages\transformers\models\beit\image_processing_beit.py", line 20, in <module>
    from torchvision.transforms.v2 import functional as tvF
ModuleNotFoundError: No module named 'torchvision'
2026-10-01 16:22:59.942 Examining the path of transformers.models.bridgetower.image_processing_bridgetower_fast raised:
Traceback (most recent call last):
  File "C:\Users\Vignesh.Selvaraju\AppData\Local\Programs\Python\Python312\Lib\site-packages\streamlit\watcher\local_sources_watcher.py", line 330, in get_module_paths
    potential_paths = extract_paths(module)
                      ^^^^^^^^^^^^^^^^^^^^^
  File "C:\Users\Vignesh.Selvaraju\AppData\Local\Programs\Python\Python312\Lib\site-packages\streamlit\watcher\local_sources_watcher.py", line 317, in <lambda>
    if hasattr(m, "__path__")
       ^^^^^^^^^^^^^^^^^^^^^^
  File "C:\Users\Vignesh.Selvaraju\AppData\Local\Programs\Python\Python312\Lib\site-packages\transformers\__init__.py", line 862, in _getattr
    return getattr(importlib.import_module(target, __name__), name)
                   ^^^^^^^^^^^^^^^^^^^^^^^^^^^^^^^^^^^^^^^^^
  File "C:\Users\Vignesh.Selvaraju\AppData\Local\Programs\Python\Python312\Lib\importlib\__init__.py", line 90, in import_module
    return _bootstrap._gcd_import(name[level:], package, level)
           ^^^^^^^^^^^^^^^^^^^^^^^^^^^^^^^^^^^^^^^^^^^^^^^^^^^^
  File "<frozen importlib._bootstrap>", line 1387, in _gcd_import
  File "<frozen importlib._bootstrap>", line 1360, in _find_and_load
  File "<frozen importlib._bootstrap>", line 1331, in _find_and_load_unlocked
  File "<frozen importlib._bootstrap>", line 935, in _load_unlocked
  File "<frozen importlib._bootstrap_external>", line 999, in exec_module
  File "<frozen importlib._bootstrap>", line 488, in _call_with_frames_removed
  File "C:\Users\Vignesh.Selvaraju\AppData\Local\Programs\Python\Python312\Lib\site-packages\transformers\models\bridgetower\image_processing_bridgetower.py", line 20, in <module>
    from torchvision.transforms.v2 import functional as tvF
ModuleNotFoundError: No module named 'torchvision'
2026-10-01 16:22:59.992 Examining the path of transformers.models.chmv2.image_processing_chmv2_fast raised:
Traceback (most recent call last):
  File "C:\Users\Vignesh.Selvaraju\AppData\Local\Programs\Python\Python312\Lib\site-packages\streamlit\watcher\local_sources_watcher.py", line 330, in get_module_paths
    potential_paths = extract_paths(module)
                      ^^^^^^^^^^^^^^^^^^^^^
  File "C:\Users\Vignesh.Selvaraju\AppData\Local\Programs\Python\Python312\Lib\site-packages\streamlit\watcher\local_sources_watcher.py", line 317, in <lambda>
    if hasattr(m, "__path__")
       ^^^^^^^^^^^^^^^^^^^^^^
  File "C:\Users\Vignesh.Selvaraju\AppData\Local\Programs\Python\Python312\Lib\site-packages\transformers\__init__.py", line 862, in _getattr
    return getattr(importlib.import_module(target, __name__), name)
                   ^^^^^^^^^^^^^^^^^^^^^^^^^^^^^^^^^^^^^^^^^
  File "C:\Users\Vignesh.Selvaraju\AppData\Local\Programs\Python\Python312\Lib\importlib\__init__.py", line 90, in import_module
    return _bootstrap._gcd_import(name[level:], package, level)
           ^^^^^^^^^^^^^^^^^^^^^^^^^^^^^^^^^^^^^^^^^^^^^^^^^^^^
  File "<frozen importlib._bootstrap>", line 1387, in _gcd_import
  File "<frozen importlib._bootstrap>", line 1360, in _find_and_load
  File "<frozen importlib._bootstrap>", line 1331, in _find_and_load_unlocked
  File "<frozen importlib._bootstrap>", line 935, in _load_unlocked
  File "<frozen importlib._bootstrap_external>", line 999, in exec_module
  File "<frozen importlib._bootstrap>", line 488, in _call_with_frames_removed
  File "C:\Users\Vignesh.Selvaraju\AppData\Local\Programs\Python\Python312\Lib\site-packages\transformers\models\chmv2\image_processing_chmv2.py", line 27, in <module>
    from torchvision.transforms.v2 import functional as tvF
ModuleNotFoundError: No module named 'torchvision'
2026-10-01 16:23:00.020 Examining the path of transformers.models.cohere2_vision.image_processing_cohere2_vision_fast raised:
Traceback (most recent call last):
  File "C:\Users\Vignesh.Selvaraju\AppData\Local\Programs\Python\Python312\Lib\site-packages\streamlit\watcher\local_sources_watcher.py", line 330, in get_module_paths
    potential_paths = extract_paths(module)
                      ^^^^^^^^^^^^^^^^^^^^^
  File "C:\Users\Vignesh.Selvaraju\AppData\Local\Programs\Python\Python312\Lib\site-packages\streamlit\watcher\local_sources_watcher.py", line 317, in <lambda>
    if hasattr(m, "__path__")
       ^^^^^^^^^^^^^^^^^^^^^^
  File "C:\Users\Vignesh.Selvaraju\AppData\Local\Programs\Python\Python312\Lib\site-packages\transformers\__init__.py", line 862, in _getattr
    return getattr(importlib.import_module(target, __name__), name)
                   ^^^^^^^^^^^^^^^^^^^^^^^^^^^^^^^^^^^^^^^^^
  File "C:\Users\Vignesh.Selvaraju\AppData\Local\Programs\Python\Python312\Lib\importlib\__init__.py", line 90, in import_module
    return _bootstrap._gcd_import(name[level:], package, level)
           ^^^^^^^^^^^^^^^^^^^^^^^^^^^^^^^^^^^^^^^^^^^^^^^^^^^^
  File "<frozen importlib._bootstrap>", line 1387, in _gcd_import
  File "<frozen importlib._bootstrap>", line 1360, in _find_and_load
  File "<frozen importlib._bootstrap>", line 1331, in _find_and_load_unlocked
  File "<frozen importlib._bootstrap>", line 935, in _load_unlocked
  File "<frozen importlib._bootstrap_external>", line 999, in exec_module
  File "<frozen importlib._bootstrap>", line 488, in _call_with_frames_removed
  File "C:\Users\Vignesh.Selvaraju\AppData\Local\Programs\Python\Python312\Lib\site-packages\transformers\models\cohere2_vision\image_processing_cohere2_vision.py", line 25, in <module>
    from torchvision.transforms.v2 import functional as tvF
ModuleNotFoundError: No module named 'torchvision'
2026-10-01 16:23:00.044 Examining the path of transformers.models.conditional_detr.image_processing_conditional_detr_fast raised:
Traceback (most recent call last):
  File "C:\Users\Vignesh.Selvaraju\AppData\Local\Programs\Python\Python312\Lib\site-packages\streamlit\watcher\local_sources_watcher.py", line 330, in get_module_paths
    potential_paths = extract_paths(module)
                      ^^^^^^^^^^^^^^^^^^^^^
  File "C:\Users\Vignesh.Selvaraju\AppData\Local\Programs\Python\Python312\Lib\site-packages\streamlit\watcher\local_sources_watcher.py", line 317, in <lambda>
    if hasattr(m, "__path__")
       ^^^^^^^^^^^^^^^^^^^^^^
  File "C:\Users\Vignesh.Selvaraju\AppData\Local\Programs\Python\Python312\Lib\site-packages\transformers\__init__.py", line 862, in _getattr
    return getattr(importlib.import_module(target, __name__), name)
                   ^^^^^^^^^^^^^^^^^^^^^^^^^^^^^^^^^^^^^^^^^
  File "C:\Users\Vignesh.Selvaraju\AppData\Local\Programs\Python\Python312\Lib\importlib\__init__.py", line 90, in import_module
    return _bootstrap._gcd_import(name[level:], package, level)
           ^^^^^^^^^^^^^^^^^^^^^^^^^^^^^^^^^^^^^^^^^^^^^^^^^^^^
  File "<frozen importlib._bootstrap>", line 1387, in _gcd_import
  File "<frozen importlib._bootstrap>", line 1360, in _find_and_load
  File "<frozen importlib._bootstrap>", line 1331, in _find_and_load_unlocked
  File "<frozen importlib._bootstrap>", line 935, in _load_unlocked
  File "<frozen importlib._bootstrap_external>", line 999, in exec_module
  File "<frozen importlib._bootstrap>", line 488, in _call_with_frames_removed
  File "C:\Users\Vignesh.Selvaraju\AppData\Local\Programs\Python\Python312\Lib\site-packages\transformers\models\conditional_detr\image_processing_conditional_detr.py", line 27, in <module>
    from torchvision.io import read_image
ModuleNotFoundError: No module named 'torchvision'
2026-10-01 16:23:00.075 Examining the path of transformers.models.convnext.image_processing_convnext_fast raised:
Traceback (most recent call last):
  File "C:\Users\Vignesh.Selvaraju\AppData\Local\Programs\Python\Python312\Lib\site-packages\streamlit\watcher\local_sources_watcher.py", line 330, in get_module_paths
    potential_paths = extract_paths(module)
                      ^^^^^^^^^^^^^^^^^^^^^
  File "C:\Users\Vignesh.Selvaraju\AppData\Local\Programs\Python\Python312\Lib\site-packages\streamlit\watcher\local_sources_watcher.py", line 317, in <lambda>
    if hasattr(m, "__path__")
       ^^^^^^^^^^^^^^^^^^^^^^
  File "C:\Users\Vignesh.Selvaraju\AppData\Local\Programs\Python\Python312\Lib\site-packages\transformers\__init__.py", line 862, in _getattr
    return getattr(importlib.import_module(target, __name__), name)
                   ^^^^^^^^^^^^^^^^^^^^^^^^^^^^^^^^^^^^^^^^^
  File "C:\Users\Vignesh.Selvaraju\AppData\Local\Programs\Python\Python312\Lib\importlib\__init__.py", line 90, in import_module
    return _bootstrap._gcd_import(name[level:], package, level)
           ^^^^^^^^^^^^^^^^^^^^^^^^^^^^^^^^^^^^^^^^^^^^^^^^^^^^
  File "<frozen importlib._bootstrap>", line 1387, in _gcd_import
  File "<frozen importlib._bootstrap>", line 1360, in _find_and_load
  File "<frozen importlib._bootstrap>", line 1331, in _find_and_load_unlocked
  File "<frozen importlib._bootstrap>", line 935, in _load_unlocked
  File "<frozen importlib._bootstrap_external>", line 999, in exec_module
  File "<frozen importlib._bootstrap>", line 488, in _call_with_frames_removed
  File "C:\Users\Vignesh.Selvaraju\AppData\Local\Programs\Python\Python312\Lib\site-packages\transformers\models\convnext\image_processing_convnext.py", line 17, in <module>
    from torchvision.transforms.v2 import functional as tvF
ModuleNotFoundError: No module named 'torchvision'
2026-10-01 16:23:00.093 Examining the path of transformers.models.cosmos3_edge.image_processing_cosmos3_edge_fast raised:
Traceback (most recent call last):
  File "C:\Users\Vignesh.Selvaraju\AppData\Local\Programs\Python\Python312\Lib\site-packages\streamlit\watcher\local_sources_watcher.py", line 330, in get_module_paths
    potential_paths = extract_paths(module)
                      ^^^^^^^^^^^^^^^^^^^^^
  File "C:\Users\Vignesh.Selvaraju\AppData\Local\Programs\Python\Python312\Lib\site-packages\streamlit\watcher\local_sources_watcher.py", line 317, in <lambda>
    if hasattr(m, "__path__")
       ^^^^^^^^^^^^^^^^^^^^^^
  File "C:\Users\Vignesh.Selvaraju\AppData\Local\Programs\Python\Python312\Lib\site-packages\transformers\__init__.py", line 862, in _getattr
    return getattr(importlib.import_module(target, __name__), name)
                   ^^^^^^^^^^^^^^^^^^^^^^^^^^^^^^^^^^^^^^^^^
  File "C:\Users\Vignesh.Selvaraju\AppData\Local\Programs\Python\Python312\Lib\importlib\__init__.py", line 90, in import_module
    return _bootstrap._gcd_import(name[level:], package, level)
           ^^^^^^^^^^^^^^^^^^^^^^^^^^^^^^^^^^^^^^^^^^^^^^^^^^^^
  File "<frozen importlib._bootstrap>", line 1387, in _gcd_import
  File "<frozen importlib._bootstrap>", line 1360, in _find_and_load
  File "<frozen importlib._bootstrap>", line 1331, in _find_and_load_unlocked
  File "<frozen importlib._bootstrap>", line 935, in _load_unlocked
  File "<frozen importlib._bootstrap_external>", line 999, in exec_module
  File "<frozen importlib._bootstrap>", line 488, in _call_with_frames_removed
  File "C:\Users\Vignesh.Selvaraju\AppData\Local\Programs\Python\Python312\Lib\site-packages\transformers\models\cosmos3_edge\image_processing_cosmos3_edge.py", line 23, in <module>
    from torchvision.transforms.v2 import functional as tvF
ModuleNotFoundError: No module named 'torchvision'
2026-10-01 16:23:00.139 Examining the path of transformers.models.deepseek_ocr2.image_processing_deepseek_ocr2_fast raised:
Traceback (most recent call last):
  File "C:\Users\Vignesh.Selvaraju\AppData\Local\Programs\Python\Python312\Lib\site-packages\streamlit\watcher\local_sources_watcher.py", line 330, in get_module_paths
    potential_paths = extract_paths(module)
                      ^^^^^^^^^^^^^^^^^^^^^
  File "C:\Users\Vignesh.Selvaraju\AppData\Local\Programs\Python\Python312\Lib\site-packages\streamlit\watcher\local_sources_watcher.py", line 317, in <lambda>
    if hasattr(m, "__path__")
       ^^^^^^^^^^^^^^^^^^^^^^
  File "C:\Users\Vignesh.Selvaraju\AppData\Local\Programs\Python\Python312\Lib\site-packages\transformers\__init__.py", line 862, in _getattr
    return getattr(importlib.import_module(target, __name__), name)
                   ^^^^^^^^^^^^^^^^^^^^^^^^^^^^^^^^^^^^^^^^^
  File "C:\Users\Vignesh.Selvaraju\AppData\Local\Programs\Python\Python312\Lib\importlib\__init__.py", line 90, in import_module
    return _bootstrap._gcd_import(name[level:], package, level)
           ^^^^^^^^^^^^^^^^^^^^^^^^^^^^^^^^^^^^^^^^^^^^^^^^^^^^
  File "<frozen importlib._bootstrap>", line 1387, in _gcd_import
  File "<frozen importlib._bootstrap>", line 1360, in _find_and_load
  File "<frozen importlib._bootstrap>", line 1331, in _find_and_load_unlocked
  File "<frozen importlib._bootstrap>", line 935, in _load_unlocked
  File "<frozen importlib._bootstrap_external>", line 999, in exec_module
  File "<frozen importlib._bootstrap>", line 488, in _call_with_frames_removed
  File "C:\Users\Vignesh.Selvaraju\AppData\Local\Programs\Python\Python312\Lib\site-packages\transformers\models\deepseek_ocr2\image_processing_deepseek_ocr2.py", line 24, in <module>
    from torchvision.transforms.v2 import functional as tvF
ModuleNotFoundError: No module named 'torchvision'
2026-10-01 16:23:00.160 Examining the path of transformers.models.deepseek_vl.image_processing_deepseek_vl_fast raised:
Traceback (most recent call last):
  File "C:\Users\Vignesh.Selvaraju\AppData\Local\Programs\Python\Python312\Lib\site-packages\streamlit\watcher\local_sources_watcher.py", line 330, in get_module_paths
    potential_paths = extract_paths(module)
                      ^^^^^^^^^^^^^^^^^^^^^
  File "C:\Users\Vignesh.Selvaraju\AppData\Local\Programs\Python\Python312\Lib\site-packages\streamlit\watcher\local_sources_watcher.py", line 317, in <lambda>
    if hasattr(m, "__path__")
       ^^^^^^^^^^^^^^^^^^^^^^
  File "C:\Users\Vignesh.Selvaraju\AppData\Local\Programs\Python\Python312\Lib\site-packages\transformers\__init__.py", line 862, in _getattr
    return getattr(importlib.import_module(target, __name__), name)
                   ^^^^^^^^^^^^^^^^^^^^^^^^^^^^^^^^^^^^^^^^^
  File "C:\Users\Vignesh.Selvaraju\AppData\Local\Programs\Python\Python312\Lib\importlib\__init__.py", line 90, in import_module
    return _bootstrap._gcd_import(name[level:], package, level)
           ^^^^^^^^^^^^^^^^^^^^^^^^^^^^^^^^^^^^^^^^^^^^^^^^^^^^
  File "<frozen importlib._bootstrap>", line 1387, in _gcd_import
  File "<frozen importlib._bootstrap>", line 1360, in _find_and_load
  File "<frozen importlib._bootstrap>", line 1331, in _find_and_load_unlocked
  File "<frozen importlib._bootstrap>", line 935, in _load_unlocked
  File "<frozen importlib._bootstrap_external>", line 999, in exec_module
  File "<frozen importlib._bootstrap>", line 488, in _call_with_frames_removed
  File "C:\Users\Vignesh.Selvaraju\AppData\Local\Programs\Python\Python312\Lib\site-packages\transformers\models\deepseek_vl\image_processing_deepseek_vl.py", line 23, in <module>
    import torchvision.transforms.v2.functional as tvF
ModuleNotFoundError: No module named 'torchvision'
2026-10-01 16:23:00.184 Examining the path of transformers.models.deepseek_vl_hybrid.image_processing_deepseek_vl_hybrid_fast raised:
Traceback (most recent call last):
  File "C:\Users\Vignesh.Selvaraju\AppData\Local\Programs\Python\Python312\Lib\site-packages\streamlit\watcher\local_sources_watcher.py", line 330, in get_module_paths
    potential_paths = extract_paths(module)
                      ^^^^^^^^^^^^^^^^^^^^^
  File "C:\Users\Vignesh.Selvaraju\AppData\Local\Programs\Python\Python312\Lib\site-packages\streamlit\watcher\local_sources_watcher.py", line 317, in <lambda>
    if hasattr(m, "__path__")
       ^^^^^^^^^^^^^^^^^^^^^^
  File "C:\Users\Vignesh.Selvaraju\AppData\Local\Programs\Python\Python312\Lib\site-packages\transformers\__init__.py", line 862, in _getattr
    return getattr(importlib.import_module(target, __name__), name)
                   ^^^^^^^^^^^^^^^^^^^^^^^^^^^^^^^^^^^^^^^^^
  File "C:\Users\Vignesh.Selvaraju\AppData\Local\Programs\Python\Python312\Lib\importlib\__init__.py", line 90, in import_module
    return _bootstrap._gcd_import(name[level:], package, level)
           ^^^^^^^^^^^^^^^^^^^^^^^^^^^^^^^^^^^^^^^^^^^^^^^^^^^^
  File "<frozen importlib._bootstrap>", line 1387, in _gcd_import
  File "<frozen importlib._bootstrap>", line 1360, in _find_and_load
  File "<frozen importlib._bootstrap>", line 1331, in _find_and_load_unlocked
  File "<frozen importlib._bootstrap>", line 935, in _load_unlocked
  File "<frozen importlib._bootstrap_external>", line 999, in exec_module
  File "<frozen importlib._bootstrap>", line 488, in _call_with_frames_removed
  File "C:\Users\Vignesh.Selvaraju\AppData\Local\Programs\Python\Python312\Lib\site-packages\transformers\models\deepseek_vl_hybrid\image_processing_deepseek_vl_hybrid.py", line 25, in <module>
    import torchvision.transforms.v2.functional as tvF
ModuleNotFoundError: No module named 'torchvision'
2026-10-01 16:23:00.215 Examining the path of transformers.models.deformable_detr.image_processing_deformable_detr_fast raised:
Traceback (most recent call last):
  File "C:\Users\Vignesh.Selvaraju\AppData\Local\Programs\Python\Python312\Lib\site-packages\streamlit\watcher\local_sources_watcher.py", line 330, in get_module_paths
    potential_paths = extract_paths(module)
                      ^^^^^^^^^^^^^^^^^^^^^
  File "C:\Users\Vignesh.Selvaraju\AppData\Local\Programs\Python\Python312\Lib\site-packages\streamlit\watcher\local_sources_watcher.py", line 317, in <lambda>
    if hasattr(m, "__path__")
       ^^^^^^^^^^^^^^^^^^^^^^
  File "C:\Users\Vignesh.Selvaraju\AppData\Local\Programs\Python\Python312\Lib\site-packages\transformers\__init__.py", line 862, in _getattr
    return getattr(importlib.import_module(target, __name__), name)
                   ^^^^^^^^^^^^^^^^^^^^^^^^^^^^^^^^^^^^^^^^^
  File "C:\Users\Vignesh.Selvaraju\AppData\Local\Programs\Python\Python312\Lib\importlib\__init__.py", line 90, in import_module
    return _bootstrap._gcd_import(name[level:], package, level)
           ^^^^^^^^^^^^^^^^^^^^^^^^^^^^^^^^^^^^^^^^^^^^^^^^^^^^
  File "<frozen importlib._bootstrap>", line 1387, in _gcd_import
  File "<frozen importlib._bootstrap>", line 1360, in _find_and_load
  File "<frozen importlib._bootstrap>", line 1331, in _find_and_load_unlocked
  File "<frozen importlib._bootstrap>", line 935, in _load_unlocked
  File "<frozen importlib._bootstrap_external>", line 999, in exec_module
  File "<frozen importlib._bootstrap>", line 488, in _call_with_frames_removed
  File "C:\Users\Vignesh.Selvaraju\AppData\Local\Programs\Python\Python312\Lib\site-packages\transformers\models\deformable_detr\image_processing_deformable_detr.py", line 25, in <module>
    from torchvision.io import read_image
ModuleNotFoundError: No module named 'torchvision'
2026-10-01 16:23:00.269 Examining the path of transformers.models.depth_pro.image_processing_depth_pro_fast raised:
Traceback (most recent call last):
  File "C:\Users\Vignesh.Selvaraju\AppData\Local\Programs\Python\Python312\Lib\site-packages\streamlit\watcher\local_sources_watcher.py", line 330, in get_module_paths
    potential_paths = extract_paths(module)
                      ^^^^^^^^^^^^^^^^^^^^^
  File "C:\Users\Vignesh.Selvaraju\AppData\Local\Programs\Python\Python312\Lib\site-packages\streamlit\watcher\local_sources_watcher.py", line 317, in <lambda>
    if hasattr(m, "__path__")
       ^^^^^^^^^^^^^^^^^^^^^^
  File "C:\Users\Vignesh.Selvaraju\AppData\Local\Programs\Python\Python312\Lib\site-packages\transformers\__init__.py", line 862, in _getattr
    return getattr(importlib.import_module(target, __name__), name)
                   ^^^^^^^^^^^^^^^^^^^^^^^^^^^^^^^^^^^^^^^^^
  File "C:\Users\Vignesh.Selvaraju\AppData\Local\Programs\Python\Python312\Lib\importlib\__init__.py", line 90, in import_module
    return _bootstrap._gcd_import(name[level:], package, level)
           ^^^^^^^^^^^^^^^^^^^^^^^^^^^^^^^^^^^^^^^^^^^^^^^^^^^^
  File "<frozen importlib._bootstrap>", line 1387, in _gcd_import
  File "<frozen importlib._bootstrap>", line 1360, in _find_and_load
  File "<frozen importlib._bootstrap>", line 1331, in _find_and_load_unlocked
  File "<frozen importlib._bootstrap>", line 935, in _load_unlocked
  File "<frozen importlib._bootstrap_external>", line 999, in exec_module
  File "<frozen importlib._bootstrap>", line 488, in _call_with_frames_removed
  File "C:\Users\Vignesh.Selvaraju\AppData\Local\Programs\Python\Python312\Lib\site-packages\transformers\models\depth_pro\image_processing_depth_pro.py", line 19, in <module>
    from torchvision.transforms.v2 import functional as tvF
ModuleNotFoundError: No module named 'torchvision'
2026-10-01 16:23:00.284 Examining the path of transformers.models.detr.image_processing_detr_fast raised:
Traceback (most recent call last):
  File "C:\Users\Vignesh.Selvaraju\AppData\Local\Programs\Python\Python312\Lib\site-packages\streamlit\watcher\local_sources_watcher.py", line 330, in get_module_paths
    potential_paths = extract_paths(module)
                      ^^^^^^^^^^^^^^^^^^^^^
  File "C:\Users\Vignesh.Selvaraju\AppData\Local\Programs\Python\Python312\Lib\site-packages\streamlit\watcher\local_sources_watcher.py", line 317, in <lambda>
    if hasattr(m, "__path__")
       ^^^^^^^^^^^^^^^^^^^^^^
  File "C:\Users\Vignesh.Selvaraju\AppData\Local\Programs\Python\Python312\Lib\site-packages\transformers\__init__.py", line 862, in _getattr
    return getattr(importlib.import_module(target, __name__), name)
                   ^^^^^^^^^^^^^^^^^^^^^^^^^^^^^^^^^^^^^^^^^
  File "C:\Users\Vignesh.Selvaraju\AppData\Local\Programs\Python\Python312\Lib\importlib\__init__.py", line 90, in import_module
    return _bootstrap._gcd_import(name[level:], package, level)
           ^^^^^^^^^^^^^^^^^^^^^^^^^^^^^^^^^^^^^^^^^^^^^^^^^^^^
  File "<frozen importlib._bootstrap>", line 1387, in _gcd_import
  File "<frozen importlib._bootstrap>", line 1360, in _find_and_load
  File "<frozen importlib._bootstrap>", line 1331, in _find_and_load_unlocked
  File "<frozen importlib._bootstrap>", line 935, in _load_unlocked
  File "<frozen importlib._bootstrap_external>", line 999, in exec_module
  File "<frozen importlib._bootstrap>", line 488, in _call_with_frames_removed
  File "C:\Users\Vignesh.Selvaraju\AppData\Local\Programs\Python\Python312\Lib\site-packages\transformers\models\detr\image_processing_detr.py", line 22, in <module>
    from torchvision.io import read_image
ModuleNotFoundError: No module named 'torchvision'
2026-10-01 16:23:00.316 Examining the path of transformers.models.dinov3_vit.image_processing_dinov3_vit_fast raised:
Traceback (most recent call last):
  File "C:\Users\Vignesh.Selvaraju\AppData\Local\Programs\Python\Python312\Lib\site-packages\streamlit\watcher\local_sources_watcher.py", line 330, in get_module_paths
    potential_paths = extract_paths(module)
                      ^^^^^^^^^^^^^^^^^^^^^
  File "C:\Users\Vignesh.Selvaraju\AppData\Local\Programs\Python\Python312\Lib\site-packages\streamlit\watcher\local_sources_watcher.py", line 317, in <lambda>
    if hasattr(m, "__path__")
       ^^^^^^^^^^^^^^^^^^^^^^
  File "C:\Users\Vignesh.Selvaraju\AppData\Local\Programs\Python\Python312\Lib\site-packages\transformers\__init__.py", line 862, in _getattr
    return getattr(importlib.import_module(target, __name__), name)
                   ^^^^^^^^^^^^^^^^^^^^^^^^^^^^^^^^^^^^^^^^^
  File "C:\Users\Vignesh.Selvaraju\AppData\Local\Programs\Python\Python312\Lib\importlib\__init__.py", line 90, in import_module
    return _bootstrap._gcd_import(name[level:], package, level)
           ^^^^^^^^^^^^^^^^^^^^^^^^^^^^^^^^^^^^^^^^^^^^^^^^^^^^
  File "<frozen importlib._bootstrap>", line 1387, in _gcd_import
  File "<frozen importlib._bootstrap>", line 1360, in _find_and_load
  File "<frozen importlib._bootstrap>", line 1331, in _find_and_load_unlocked
  File "<frozen importlib._bootstrap>", line 935, in _load_unlocked
  File "<frozen importlib._bootstrap_external>", line 999, in exec_module
  File "<frozen importlib._bootstrap>", line 488, in _call_with_frames_removed
  File "C:\Users\Vignesh.Selvaraju\AppData\Local\Programs\Python\Python312\Lib\site-packages\transformers\models\dinov3_vit\image_processing_dinov3_vit.py", line 17, in <module>
    from torchvision.transforms.v2 import functional as tvF
ModuleNotFoundError: No module named 'torchvision'
2026-10-01 16:23:00.329 Examining the path of transformers.models.donut.image_processing_donut_fast raised:
Traceback (most recent call last):
  File "C:\Users\Vignesh.Selvaraju\AppData\Local\Programs\Python\Python312\Lib\site-packages\streamlit\watcher\local_sources_watcher.py", line 330, in get_module_paths
    potential_paths = extract_paths(module)
                      ^^^^^^^^^^^^^^^^^^^^^
  File "C:\Users\Vignesh.Selvaraju\AppData\Local\Programs\Python\Python312\Lib\site-packages\streamlit\watcher\local_sources_watcher.py", line 317, in <lambda>
    if hasattr(m, "__path__")
       ^^^^^^^^^^^^^^^^^^^^^^
  File "C:\Users\Vignesh.Selvaraju\AppData\Local\Programs\Python\Python312\Lib\site-packages\transformers\__init__.py", line 862, in _getattr
    return getattr(importlib.import_module(target, __name__), name)
                   ^^^^^^^^^^^^^^^^^^^^^^^^^^^^^^^^^^^^^^^^^
  File "C:\Users\Vignesh.Selvaraju\AppData\Local\Programs\Python\Python312\Lib\importlib\__init__.py", line 90, in import_module
    return _bootstrap._gcd_import(name[level:], package, level)
           ^^^^^^^^^^^^^^^^^^^^^^^^^^^^^^^^^^^^^^^^^^^^^^^^^^^^
  File "<frozen importlib._bootstrap>", line 1387, in _gcd_import
  File "<frozen importlib._bootstrap>", line 1360, in _find_and_load
  File "<frozen importlib._bootstrap>", line 1331, in _find_and_load_unlocked
  File "<frozen importlib._bootstrap>", line 935, in _load_unlocked
  File "<frozen importlib._bootstrap_external>", line 999, in exec_module
  File "<frozen importlib._bootstrap>", line 488, in _call_with_frames_removed
  File "C:\Users\Vignesh.Selvaraju\AppData\Local\Programs\Python\Python312\Lib\site-packages\transformers\models\donut\image_processing_donut.py", line 17, in <module>
    from torchvision.transforms.v2 import functional as tvF
ModuleNotFoundError: No module named 'torchvision'
2026-10-01 16:23:00.351 Examining the path of transformers.models.dpt.image_processing_dpt_fast raised:
Traceback (most recent call last):
  File "C:\Users\Vignesh.Selvaraju\AppData\Local\Programs\Python\Python312\Lib\site-packages\streamlit\watcher\local_sources_watcher.py", line 330, in get_module_paths
    potential_paths = extract_paths(module)
                      ^^^^^^^^^^^^^^^^^^^^^
  File "C:\Users\Vignesh.Selvaraju\AppData\Local\Programs\Python\Python312\Lib\site-packages\streamlit\watcher\local_sources_watcher.py", line 317, in <lambda>
    if hasattr(m, "__path__")
       ^^^^^^^^^^^^^^^^^^^^^^
  File "C:\Users\Vignesh.Selvaraju\AppData\Local\Programs\Python\Python312\Lib\site-packages\transformers\__init__.py", line 862, in _getattr
    return getattr(importlib.import_module(target, __name__), name)
                   ^^^^^^^^^^^^^^^^^^^^^^^^^^^^^^^^^^^^^^^^^
  File "C:\Users\Vignesh.Selvaraju\AppData\Local\Programs\Python\Python312\Lib\importlib\__init__.py", line 90, in import_module
    return _bootstrap._gcd_import(name[level:], package, level)
           ^^^^^^^^^^^^^^^^^^^^^^^^^^^^^^^^^^^^^^^^^^^^^^^^^^^^
  File "<frozen importlib._bootstrap>", line 1387, in _gcd_import
  File "<frozen importlib._bootstrap>", line 1360, in _find_and_load
  File "<frozen importlib._bootstrap>", line 1331, in _find_and_load_unlocked
  File "<frozen importlib._bootstrap>", line 935, in _load_unlocked
  File "<frozen importlib._bootstrap_external>", line 999, in exec_module
  File "<frozen importlib._bootstrap>", line 488, in _call_with_frames_removed
  File "C:\Users\Vignesh.Selvaraju\AppData\Local\Programs\Python\Python312\Lib\site-packages\transformers\models\dpt\image_processing_dpt.py", line 28, in <module>
    from torchvision.transforms.v2 import functional as tvF
ModuleNotFoundError: No module named 'torchvision'
2026-10-01 16:23:00.412 Examining the path of transformers.models.efficientloftr.image_processing_efficientloftr_fast raised:
Traceback (most recent call last):
  File "C:\Users\Vignesh.Selvaraju\AppData\Local\Programs\Python\Python312\Lib\site-packages\streamlit\watcher\local_sources_watcher.py", line 330, in get_module_paths
    potential_paths = extract_paths(module)
                      ^^^^^^^^^^^^^^^^^^^^^
  File "C:\Users\Vignesh.Selvaraju\AppData\Local\Programs\Python\Python312\Lib\site-packages\streamlit\watcher\local_sources_watcher.py", line 317, in <lambda>
    if hasattr(m, "__path__")
       ^^^^^^^^^^^^^^^^^^^^^^
  File "C:\Users\Vignesh.Selvaraju\AppData\Local\Programs\Python\Python312\Lib\site-packages\transformers\__init__.py", line 862, in _getattr
    return getattr(importlib.import_module(target, __name__), name)
                   ^^^^^^^^^^^^^^^^^^^^^^^^^^^^^^^^^^^^^^^^^
  File "C:\Users\Vignesh.Selvaraju\AppData\Local\Programs\Python\Python312\Lib\importlib\__init__.py", line 90, in import_module
    return _bootstrap._gcd_import(name[level:], package, level)
           ^^^^^^^^^^^^^^^^^^^^^^^^^^^^^^^^^^^^^^^^^^^^^^^^^^^^
  File "<frozen importlib._bootstrap>", line 1387, in _gcd_import
  File "<frozen importlib._bootstrap>", line 1360, in _find_and_load
  File "<frozen importlib._bootstrap>", line 1331, in _find_and_load_unlocked
  File "<frozen importlib._bootstrap>", line 935, in _load_unlocked
  File "<frozen importlib._bootstrap_external>", line 999, in exec_module
  File "<frozen importlib._bootstrap>", line 488, in _call_with_frames_removed
  File "C:\Users\Vignesh.Selvaraju\AppData\Local\Programs\Python\Python312\Lib\site-packages\transformers\models\efficientloftr\image_processing_efficientloftr.py", line 10, in <module>
    from torchvision.transforms.v2 import functional as tvF
ModuleNotFoundError: No module named 'torchvision'
2026-10-01 16:23:00.445 Examining the path of transformers.models.efficientnet.image_processing_efficientnet_fast raised:
Traceback (most recent call last):
  File "C:\Users\Vignesh.Selvaraju\AppData\Local\Programs\Python\Python312\Lib\site-packages\streamlit\watcher\local_sources_watcher.py", line 330, in get_module_paths
    potential_paths = extract_paths(module)
                      ^^^^^^^^^^^^^^^^^^^^^
  File "C:\Users\Vignesh.Selvaraju\AppData\Local\Programs\Python\Python312\Lib\site-packages\streamlit\watcher\local_sources_watcher.py", line 317, in <lambda>
    if hasattr(m, "__path__")
       ^^^^^^^^^^^^^^^^^^^^^^
  File "C:\Users\Vignesh.Selvaraju\AppData\Local\Programs\Python\Python312\Lib\site-packages\transformers\__init__.py", line 862, in _getattr
    return getattr(importlib.import_module(target, __name__), name)
                   ^^^^^^^^^^^^^^^^^^^^^^^^^^^^^^^^^^^^^^^^^
  File "C:\Users\Vignesh.Selvaraju\AppData\Local\Programs\Python\Python312\Lib\importlib\__init__.py", line 90, in import_module
    return _bootstrap._gcd_import(name[level:], package, level)
           ^^^^^^^^^^^^^^^^^^^^^^^^^^^^^^^^^^^^^^^^^^^^^^^^^^^^
  File "<frozen importlib._bootstrap>", line 1387, in _gcd_import
  File "<frozen importlib._bootstrap>", line 1360, in _find_and_load
  File "<frozen importlib._bootstrap>", line 1331, in _find_and_load_unlocked
  File "<frozen importlib._bootstrap>", line 935, in _load_unlocked
  File "<frozen importlib._bootstrap_external>", line 999, in exec_module
  File "<frozen importlib._bootstrap>", line 488, in _call_with_frames_removed
  File "C:\Users\Vignesh.Selvaraju\AppData\Local\Programs\Python\Python312\Lib\site-packages\transformers\models\efficientnet\image_processing_efficientnet.py", line 20, in <module>
    from torchvision.transforms.v2 import functional as tvF
ModuleNotFoundError: No module named 'torchvision'
2026-10-01 16:23:00.477 Examining the path of transformers.models.eomt.image_processing_eomt_fast raised:
Traceback (most recent call last):
  File "C:\Users\Vignesh.Selvaraju\AppData\Local\Programs\Python\Python312\Lib\site-packages\streamlit\watcher\local_sources_watcher.py", line 330, in get_module_paths
    potential_paths = extract_paths(module)
                      ^^^^^^^^^^^^^^^^^^^^^
  File "C:\Users\Vignesh.Selvaraju\AppData\Local\Programs\Python\Python312\Lib\site-packages\streamlit\watcher\local_sources_watcher.py", line 317, in <lambda>
    if hasattr(m, "__path__")
       ^^^^^^^^^^^^^^^^^^^^^^
  File "C:\Users\Vignesh.Selvaraju\AppData\Local\Programs\Python\Python312\Lib\site-packages\transformers\__init__.py", line 862, in _getattr
    return getattr(importlib.import_module(target, __name__), name)
                   ^^^^^^^^^^^^^^^^^^^^^^^^^^^^^^^^^^^^^^^^^
  File "C:\Users\Vignesh.Selvaraju\AppData\Local\Programs\Python\Python312\Lib\importlib\__init__.py", line 90, in import_module
    return _bootstrap._gcd_import(name[level:], package, level)
           ^^^^^^^^^^^^^^^^^^^^^^^^^^^^^^^^^^^^^^^^^^^^^^^^^^^^
  File "<frozen importlib._bootstrap>", line 1387, in _gcd_import
  File "<frozen importlib._bootstrap>", line 1360, in _find_and_load
  File "<frozen importlib._bootstrap>", line 1331, in _find_and_load_unlocked
  File "<frozen importlib._bootstrap>", line 935, in _load_unlocked
  File "<frozen importlib._bootstrap_external>", line 999, in exec_module
  File "<frozen importlib._bootstrap>", line 488, in _call_with_frames_removed
  File "C:\Users\Vignesh.Selvaraju\AppData\Local\Programs\Python\Python312\Lib\site-packages\transformers\models\eomt\image_processing_eomt.py", line 20, in <module>
    from torchvision.transforms.v2 import functional as tvF
ModuleNotFoundError: No module named 'torchvision'
2026-10-01 16:23:00.510 Examining the path of transformers.models.ernie4_5_vl_moe.image_processing_ernie4_5_vl_moe_fast raised:
Traceback (most recent call last):
  File "C:\Users\Vignesh.Selvaraju\AppData\Local\Programs\Python\Python312\Lib\site-packages\streamlit\watcher\local_sources_watcher.py", line 330, in get_module_paths
    potential_paths = extract_paths(module)
                      ^^^^^^^^^^^^^^^^^^^^^
  File "C:\Users\Vignesh.Selvaraju\AppData\Local\Programs\Python\Python312\Lib\site-packages\streamlit\watcher\local_sources_watcher.py", line 317, in <lambda>
    if hasattr(m, "__path__")
       ^^^^^^^^^^^^^^^^^^^^^^
  File "C:\Users\Vignesh.Selvaraju\AppData\Local\Programs\Python\Python312\Lib\site-packages\transformers\__init__.py", line 862, in _getattr
    return getattr(importlib.import_module(target, __name__), name)
                   ^^^^^^^^^^^^^^^^^^^^^^^^^^^^^^^^^^^^^^^^^
  File "C:\Users\Vignesh.Selvaraju\AppData\Local\Programs\Python\Python312\Lib\importlib\__init__.py", line 90, in import_module
    return _bootstrap._gcd_import(name[level:], package, level)
           ^^^^^^^^^^^^^^^^^^^^^^^^^^^^^^^^^^^^^^^^^^^^^^^^^^^^
  File "<frozen importlib._bootstrap>", line 1387, in _gcd_import
  File "<frozen importlib._bootstrap>", line 1360, in _find_and_load
  File "<frozen importlib._bootstrap>", line 1331, in _find_and_load_unlocked
  File "<frozen importlib._bootstrap>", line 935, in _load_unlocked
  File "<frozen importlib._bootstrap_external>", line 999, in exec_module
  File "<frozen importlib._bootstrap>", line 488, in _call_with_frames_removed
  File "C:\Users\Vignesh.Selvaraju\AppData\Local\Programs\Python\Python312\Lib\site-packages\transformers\models\ernie4_5_vl_moe\image_processing_ernie4_5_vl_moe.py", line 24, in <module>
    from torchvision.transforms.v2 import functional as tvF
ModuleNotFoundError: No module named 'torchvision'
2026-10-01 16:23:00.547 Examining the path of transformers.models.flava.image_processing_flava_fast raised:
Traceback (most recent call last):
  File "C:\Users\Vignesh.Selvaraju\AppData\Local\Programs\Python\Python312\Lib\site-packages\streamlit\watcher\local_sources_watcher.py", line 330, in get_module_paths
    potential_paths = extract_paths(module)
                      ^^^^^^^^^^^^^^^^^^^^^
  File "C:\Users\Vignesh.Selvaraju\AppData\Local\Programs\Python\Python312\Lib\site-packages\streamlit\watcher\local_sources_watcher.py", line 317, in <lambda>
    if hasattr(m, "__path__")
       ^^^^^^^^^^^^^^^^^^^^^^
  File "C:\Users\Vignesh.Selvaraju\AppData\Local\Programs\Python\Python312\Lib\site-packages\transformers\__init__.py", line 862, in _getattr
    return getattr(importlib.import_module(target, __name__), name)
                   ^^^^^^^^^^^^^^^^^^^^^^^^^^^^^^^^^^^^^^^^^
  File "C:\Users\Vignesh.Selvaraju\AppData\Local\Programs\Python\Python312\Lib\importlib\__init__.py", line 90, in import_module
    return _bootstrap._gcd_import(name[level:], package, level)
           ^^^^^^^^^^^^^^^^^^^^^^^^^^^^^^^^^^^^^^^^^^^^^^^^^^^^
  File "<frozen importlib._bootstrap>", line 1387, in _gcd_import
  File "<frozen importlib._bootstrap>", line 1360, in _find_and_load
  File "<frozen importlib._bootstrap>", line 1331, in _find_and_load_unlocked
  File "<frozen importlib._bootstrap>", line 935, in _load_unlocked
  File "<frozen importlib._bootstrap_external>", line 999, in exec_module
  File "<frozen importlib._bootstrap>", line 488, in _call_with_frames_removed
  File "C:\Users\Vignesh.Selvaraju\AppData\Local\Programs\Python\Python312\Lib\site-packages\transformers\models\flava\image_processing_flava.py", line 23, in <module>
    from torchvision.transforms.v2 import functional as tvF
ModuleNotFoundError: No module named 'torchvision'
2026-10-01 16:23:00.590 Examining the path of transformers.models.fuyu.image_processing_fuyu_fast raised:
Traceback (most recent call last):
  File "C:\Users\Vignesh.Selvaraju\AppData\Local\Programs\Python\Python312\Lib\site-packages\streamlit\watcher\local_sources_watcher.py", line 330, in get_module_paths
    potential_paths = extract_paths(module)
                      ^^^^^^^^^^^^^^^^^^^^^
  File "C:\Users\Vignesh.Selvaraju\AppData\Local\Programs\Python\Python312\Lib\site-packages\streamlit\watcher\local_sources_watcher.py", line 317, in <lambda>
    if hasattr(m, "__path__")
       ^^^^^^^^^^^^^^^^^^^^^^
  File "C:\Users\Vignesh.Selvaraju\AppData\Local\Programs\Python\Python312\Lib\site-packages\transformers\__init__.py", line 862, in _getattr
    return getattr(importlib.import_module(target, __name__), name)
                   ^^^^^^^^^^^^^^^^^^^^^^^^^^^^^^^^^^^^^^^^^
  File "C:\Users\Vignesh.Selvaraju\AppData\Local\Programs\Python\Python312\Lib\importlib\__init__.py", line 90, in import_module
    return _bootstrap._gcd_import(name[level:], package, level)
           ^^^^^^^^^^^^^^^^^^^^^^^^^^^^^^^^^^^^^^^^^^^^^^^^^^^^
  File "<frozen importlib._bootstrap>", line 1387, in _gcd_import
  File "<frozen importlib._bootstrap>", line 1360, in _find_and_load
  File "<frozen importlib._bootstrap>", line 1331, in _find_and_load_unlocked
  File "<frozen importlib._bootstrap>", line 935, in _load_unlocked
  File "<frozen importlib._bootstrap_external>", line 999, in exec_module
  File "<frozen importlib._bootstrap>", line 488, in _call_with_frames_removed
  File "C:\Users\Vignesh.Selvaraju\AppData\Local\Programs\Python\Python312\Lib\site-packages\transformers\models\fuyu\image_processing_fuyu.py", line 19, in <module>
    from torchvision.transforms.v2 import functional as tvF
ModuleNotFoundError: No module named 'torchvision'
2026-10-01 16:23:00.607 Examining the path of transformers.models.gemma3.image_processing_gemma3_fast raised:
Traceback (most recent call last):
  File "C:\Users\Vignesh.Selvaraju\AppData\Local\Programs\Python\Python312\Lib\site-packages\streamlit\watcher\local_sources_watcher.py", line 330, in get_module_paths
    potential_paths = extract_paths(module)
                      ^^^^^^^^^^^^^^^^^^^^^
  File "C:\Users\Vignesh.Selvaraju\AppData\Local\Programs\Python\Python312\Lib\site-packages\streamlit\watcher\local_sources_watcher.py", line 317, in <lambda>
    if hasattr(m, "__path__")
       ^^^^^^^^^^^^^^^^^^^^^^
  File "C:\Users\Vignesh.Selvaraju\AppData\Local\Programs\Python\Python312\Lib\site-packages\transformers\__init__.py", line 862, in _getattr
    return getattr(importlib.import_module(target, __name__), name)
                   ^^^^^^^^^^^^^^^^^^^^^^^^^^^^^^^^^^^^^^^^^
  File "C:\Users\Vignesh.Selvaraju\AppData\Local\Programs\Python\Python312\Lib\importlib\__init__.py", line 90, in import_module
    return _bootstrap._gcd_import(name[level:], package, level)
           ^^^^^^^^^^^^^^^^^^^^^^^^^^^^^^^^^^^^^^^^^^^^^^^^^^^^
  File "<frozen importlib._bootstrap>", line 1387, in _gcd_import
  File "<frozen importlib._bootstrap>", line 1360, in _find_and_load
  File "<frozen importlib._bootstrap>", line 1331, in _find_and_load_unlocked
  File "<frozen importlib._bootstrap>", line 935, in _load_unlocked
  File "<frozen importlib._bootstrap_external>", line 999, in exec_module
  File "<frozen importlib._bootstrap>", line 488, in _call_with_frames_removed
  File "C:\Users\Vignesh.Selvaraju\AppData\Local\Programs\Python\Python312\Lib\site-packages\transformers\models\gemma3\image_processing_gemma3.py", line 20, in <module>
    from torchvision.transforms.v2 import functional as tvF
ModuleNotFoundError: No module named 'torchvision'
2026-10-01 16:23:00.640 Examining the path of transformers.models.gemma4.image_processing_gemma4_fast raised:
Traceback (most recent call last):
  File "C:\Users\Vignesh.Selvaraju\AppData\Local\Programs\Python\Python312\Lib\site-packages\streamlit\watcher\local_sources_watcher.py", line 330, in get_module_paths
    potential_paths = extract_paths(module)
                      ^^^^^^^^^^^^^^^^^^^^^
  File "C:\Users\Vignesh.Selvaraju\AppData\Local\Programs\Python\Python312\Lib\site-packages\streamlit\watcher\local_sources_watcher.py", line 317, in <lambda>
    if hasattr(m, "__path__")
       ^^^^^^^^^^^^^^^^^^^^^^
  File "C:\Users\Vignesh.Selvaraju\AppData\Local\Programs\Python\Python312\Lib\site-packages\transformers\__init__.py", line 862, in _getattr
    return getattr(importlib.import_module(target, __name__), name)
                   ^^^^^^^^^^^^^^^^^^^^^^^^^^^^^^^^^^^^^^^^^
  File "C:\Users\Vignesh.Selvaraju\AppData\Local\Programs\Python\Python312\Lib\importlib\__init__.py", line 90, in import_module
    return _bootstrap._gcd_import(name[level:], package, level)
           ^^^^^^^^^^^^^^^^^^^^^^^^^^^^^^^^^^^^^^^^^^^^^^^^^^^^
  File "<frozen importlib._bootstrap>", line 1387, in _gcd_import
  File "<frozen importlib._bootstrap>", line 1360, in _find_and_load
  File "<frozen importlib._bootstrap>", line 1331, in _find_and_load_unlocked
  File "<frozen importlib._bootstrap>", line 935, in _load_unlocked
  File "<frozen importlib._bootstrap_external>", line 999, in exec_module
  File "<frozen importlib._bootstrap>", line 488, in _call_with_frames_removed
  File "C:\Users\Vignesh.Selvaraju\AppData\Local\Programs\Python\Python312\Lib\site-packages\transformers\models\gemma4\image_processing_gemma4.py", line 17, in <module>
    from torchvision.transforms.v2 import functional as tvF
ModuleNotFoundError: No module named 'torchvision'
2026-10-01 16:23:00.684 Examining the path of transformers.models.gemma4_unified.image_processing_gemma4_unified_fast raised:
Traceback (most recent call last):
  File "C:\Users\Vignesh.Selvaraju\AppData\Local\Programs\Python\Python312\Lib\site-packages\streamlit\watcher\local_sources_watcher.py", line 330, in get_module_paths
    potential_paths = extract_paths(module)
                      ^^^^^^^^^^^^^^^^^^^^^
  File "C:\Users\Vignesh.Selvaraju\AppData\Local\Programs\Python\Python312\Lib\site-packages\streamlit\watcher\local_sources_watcher.py", line 317, in <lambda>
    if hasattr(m, "__path__")
       ^^^^^^^^^^^^^^^^^^^^^^
  File "C:\Users\Vignesh.Selvaraju\AppData\Local\Programs\Python\Python312\Lib\site-packages\transformers\__init__.py", line 862, in _getattr
    return getattr(importlib.import_module(target, __name__), name)
                   ^^^^^^^^^^^^^^^^^^^^^^^^^^^^^^^^^^^^^^^^^
  File "C:\Users\Vignesh.Selvaraju\AppData\Local\Programs\Python\Python312\Lib\importlib\__init__.py", line 90, in import_module
    return _bootstrap._gcd_import(name[level:], package, level)
           ^^^^^^^^^^^^^^^^^^^^^^^^^^^^^^^^^^^^^^^^^^^^^^^^^^^^
  File "<frozen importlib._bootstrap>", line 1387, in _gcd_import
  File "<frozen importlib._bootstrap>", line 1360, in _find_and_load
  File "<frozen importlib._bootstrap>", line 1331, in _find_and_load_unlocked
  File "<frozen importlib._bootstrap>", line 935, in _load_unlocked
  File "<frozen importlib._bootstrap_external>", line 999, in exec_module
  File "<frozen importlib._bootstrap>", line 488, in _call_with_frames_removed
  File "C:\Users\Vignesh.Selvaraju\AppData\Local\Programs\Python\Python312\Lib\site-packages\transformers\models\gemma4_unified\image_processing_gemma4_unified.py", line 23, in <module>
    from torchvision.transforms.v2 import functional as tvF
ModuleNotFoundError: No module named 'torchvision'
2026-10-01 16:23:00.695 Examining the path of transformers.models.glm46v.image_processing_glm46v_fast raised:
Traceback (most recent call last):
  File "C:\Users\Vignesh.Selvaraju\AppData\Local\Programs\Python\Python312\Lib\site-packages\streamlit\watcher\local_sources_watcher.py", line 330, in get_module_paths
    potential_paths = extract_paths(module)
                      ^^^^^^^^^^^^^^^^^^^^^
  File "C:\Users\Vignesh.Selvaraju\AppData\Local\Programs\Python\Python312\Lib\site-packages\streamlit\watcher\local_sources_watcher.py", line 317, in <lambda>
    if hasattr(m, "__path__")
       ^^^^^^^^^^^^^^^^^^^^^^
  File "C:\Users\Vignesh.Selvaraju\AppData\Local\Programs\Python\Python312\Lib\site-packages\transformers\__init__.py", line 862, in _getattr
    return getattr(importlib.import_module(target, __name__), name)
                   ^^^^^^^^^^^^^^^^^^^^^^^^^^^^^^^^^^^^^^^^^
  File "C:\Users\Vignesh.Selvaraju\AppData\Local\Programs\Python\Python312\Lib\importlib\__init__.py", line 90, in import_module
    return _bootstrap._gcd_import(name[level:], package, level)
           ^^^^^^^^^^^^^^^^^^^^^^^^^^^^^^^^^^^^^^^^^^^^^^^^^^^^
  File "<frozen importlib._bootstrap>", line 1387, in _gcd_import
  File "<frozen importlib._bootstrap>", line 1360, in _find_and_load
  File "<frozen importlib._bootstrap>", line 1331, in _find_and_load_unlocked
  File "<frozen importlib._bootstrap>", line 935, in _load_unlocked
  File "<frozen importlib._bootstrap_external>", line 999, in exec_module
  File "<frozen importlib._bootstrap>", line 488, in _call_with_frames_removed
  File "C:\Users\Vignesh.Selvaraju\AppData\Local\Programs\Python\Python312\Lib\site-packages\transformers\models\glm46v\image_processing_glm46v.py", line 25, in <module>
    from torchvision.transforms.v2 import functional as tvF
ModuleNotFoundError: No module named 'torchvision'
2026-10-01 16:23:00.727 Examining the path of transformers.models.glm4v.image_processing_glm4v_fast raised:
Traceback (most recent call last):
  File "C:\Users\Vignesh.Selvaraju\AppData\Local\Programs\Python\Python312\Lib\site-packages\streamlit\watcher\local_sources_watcher.py", line 330, in get_module_paths
    potential_paths = extract_paths(module)
                      ^^^^^^^^^^^^^^^^^^^^^
  File "C:\Users\Vignesh.Selvaraju\AppData\Local\Programs\Python\Python312\Lib\site-packages\streamlit\watcher\local_sources_watcher.py", line 317, in <lambda>
    if hasattr(m, "__path__")
       ^^^^^^^^^^^^^^^^^^^^^^
  File "C:\Users\Vignesh.Selvaraju\AppData\Local\Programs\Python\Python312\Lib\site-packages\transformers\__init__.py", line 862, in _getattr
    return getattr(importlib.import_module(target, __name__), name)
                   ^^^^^^^^^^^^^^^^^^^^^^^^^^^^^^^^^^^^^^^^^
  File "C:\Users\Vignesh.Selvaraju\AppData\Local\Programs\Python\Python312\Lib\importlib\__init__.py", line 90, in import_module
    return _bootstrap._gcd_import(name[level:], package, level)
           ^^^^^^^^^^^^^^^^^^^^^^^^^^^^^^^^^^^^^^^^^^^^^^^^^^^^
  File "<frozen importlib._bootstrap>", line 1387, in _gcd_import
  File "<frozen importlib._bootstrap>", line 1360, in _find_and_load
  File "<frozen importlib._bootstrap>", line 1331, in _find_and_load_unlocked
  File "<frozen importlib._bootstrap>", line 935, in _load_unlocked
  File "<frozen importlib._bootstrap_external>", line 999, in exec_module
  File "<frozen importlib._bootstrap>", line 488, in _call_with_frames_removed
  File "C:\Users\Vignesh.Selvaraju\AppData\Local\Programs\Python\Python312\Lib\site-packages\transformers\models\glm4v\image_processing_glm4v.py", line 19, in <module>
    from torchvision.transforms.v2 import functional as tvF
ModuleNotFoundError: No module named 'torchvision'
2026-10-01 16:23:00.757 Examining the path of transformers.models.glm_image.image_processing_glm_image_fast raised:
Traceback (most recent call last):
  File "C:\Users\Vignesh.Selvaraju\AppData\Local\Programs\Python\Python312\Lib\site-packages\streamlit\watcher\local_sources_watcher.py", line 330, in get_module_paths
    potential_paths = extract_paths(module)
                      ^^^^^^^^^^^^^^^^^^^^^
  File "C:\Users\Vignesh.Selvaraju\AppData\Local\Programs\Python\Python312\Lib\site-packages\streamlit\watcher\local_sources_watcher.py", line 317, in <lambda>
    if hasattr(m, "__path__")
       ^^^^^^^^^^^^^^^^^^^^^^
  File "C:\Users\Vignesh.Selvaraju\AppData\Local\Programs\Python\Python312\Lib\site-packages\transformers\__init__.py", line 862, in _getattr
    return getattr(importlib.import_module(target, __name__), name)
                   ^^^^^^^^^^^^^^^^^^^^^^^^^^^^^^^^^^^^^^^^^
  File "C:\Users\Vignesh.Selvaraju\AppData\Local\Programs\Python\Python312\Lib\importlib\__init__.py", line 90, in import_module
    return _bootstrap._gcd_import(name[level:], package, level)
           ^^^^^^^^^^^^^^^^^^^^^^^^^^^^^^^^^^^^^^^^^^^^^^^^^^^^
  File "<frozen importlib._bootstrap>", line 1387, in _gcd_import
  File "<frozen importlib._bootstrap>", line 1360, in _find_and_load
  File "<frozen importlib._bootstrap>", line 1331, in _find_and_load_unlocked
  File "<frozen importlib._bootstrap>", line 935, in _load_unlocked
  File "<frozen importlib._bootstrap_external>", line 999, in exec_module
  File "<frozen importlib._bootstrap>", line 488, in _call_with_frames_removed
  File "C:\Users\Vignesh.Selvaraju\AppData\Local\Programs\Python\Python312\Lib\site-packages\transformers\models\glm_image\image_processing_glm_image.py", line 25, in <module>
    from torchvision.transforms.v2 import functional as tvF
ModuleNotFoundError: No module named 'torchvision'
2026-10-01 16:23:00.797 Examining the path of transformers.models.glmga.image_processing_glmga_fast raised:
Traceback (most recent call last):
  File "C:\Users\Vignesh.Selvaraju\AppData\Local\Programs\Python\Python312\Lib\site-packages\streamlit\watcher\local_sources_watcher.py", line 330, in get_module_paths
    potential_paths = extract_paths(module)
                      ^^^^^^^^^^^^^^^^^^^^^
  File "C:\Users\Vignesh.Selvaraju\AppData\Local\Programs\Python\Python312\Lib\site-packages\streamlit\watcher\local_sources_watcher.py", line 317, in <lambda>
    if hasattr(m, "__path__")
       ^^^^^^^^^^^^^^^^^^^^^^
  File "C:\Users\Vignesh.Selvaraju\AppData\Local\Programs\Python\Python312\Lib\site-packages\transformers\__init__.py", line 862, in _getattr
    return getattr(importlib.import_module(target, __name__), name)
                   ^^^^^^^^^^^^^^^^^^^^^^^^^^^^^^^^^^^^^^^^^
  File "C:\Users\Vignesh.Selvaraju\AppData\Local\Programs\Python\Python312\Lib\importlib\__init__.py", line 90, in import_module
    return _bootstrap._gcd_import(name[level:], package, level)
           ^^^^^^^^^^^^^^^^^^^^^^^^^^^^^^^^^^^^^^^^^^^^^^^^^^^^
  File "<frozen importlib._bootstrap>", line 1387, in _gcd_import
  File "<frozen importlib._bootstrap>", line 1360, in _find_and_load
  File "<frozen importlib._bootstrap>", line 1331, in _find_and_load_unlocked
  File "<frozen importlib._bootstrap>", line 935, in _load_unlocked
  File "<frozen importlib._bootstrap_external>", line 999, in exec_module
  File "<frozen importlib._bootstrap>", line 488, in _call_with_frames_removed
  File "C:\Users\Vignesh.Selvaraju\AppData\Local\Programs\Python\Python312\Lib\site-packages\transformers\models\glmga\image_processing_glmga.py", line 24, in <module>
    from torchvision.transforms.v2 import functional as tvF
ModuleNotFoundError: No module named 'torchvision'
2026-10-01 16:23:00.823 Examining the path of transformers.models.glpn.image_processing_glpn_fast raised:
Traceback (most recent call last):
  File "C:\Users\Vignesh.Selvaraju\AppData\Local\Programs\Python\Python312\Lib\site-packages\streamlit\watcher\local_sources_watcher.py", line 330, in get_module_paths
    potential_paths = extract_paths(module)
                      ^^^^^^^^^^^^^^^^^^^^^
  File "C:\Users\Vignesh.Selvaraju\AppData\Local\Programs\Python\Python312\Lib\site-packages\streamlit\watcher\local_sources_watcher.py", line 317, in <lambda>
    if hasattr(m, "__path__")
       ^^^^^^^^^^^^^^^^^^^^^^
  File "C:\Users\Vignesh.Selvaraju\AppData\Local\Programs\Python\Python312\Lib\site-packages\transformers\__init__.py", line 862, in _getattr
    return getattr(importlib.import_module(target, __name__), name)
                   ^^^^^^^^^^^^^^^^^^^^^^^^^^^^^^^^^^^^^^^^^
  File "C:\Users\Vignesh.Selvaraju\AppData\Local\Programs\Python\Python312\Lib\importlib\__init__.py", line 90, in import_module
    return _bootstrap._gcd_import(name[level:], package, level)
           ^^^^^^^^^^^^^^^^^^^^^^^^^^^^^^^^^^^^^^^^^^^^^^^^^^^^
  File "<frozen importlib._bootstrap>", line 1387, in _gcd_import
  File "<frozen importlib._bootstrap>", line 1360, in _find_and_load
  File "<frozen importlib._bootstrap>", line 1331, in _find_and_load_unlocked
  File "<frozen importlib._bootstrap>", line 935, in _load_unlocked
  File "<frozen importlib._bootstrap_external>", line 999, in exec_module
  File "<frozen importlib._bootstrap>", line 488, in _call_with_frames_removed
  File "C:\Users\Vignesh.Selvaraju\AppData\Local\Programs\Python\Python312\Lib\site-packages\transformers\models\glpn\image_processing_glpn.py", line 34, in <module>
    from torchvision.transforms.v2 import functional as tvF
ModuleNotFoundError: No module named 'torchvision'
2026-10-01 16:23:00.842 Examining the path of transformers.models.got_ocr2.image_processing_got_ocr2_fast raised:
Traceback (most recent call last):
  File "C:\Users\Vignesh.Selvaraju\AppData\Local\Programs\Python\Python312\Lib\site-packages\streamlit\watcher\local_sources_watcher.py", line 330, in get_module_paths
    potential_paths = extract_paths(module)
                      ^^^^^^^^^^^^^^^^^^^^^
  File "C:\Users\Vignesh.Selvaraju\AppData\Local\Programs\Python\Python312\Lib\site-packages\streamlit\watcher\local_sources_watcher.py", line 317, in <lambda>
    if hasattr(m, "__path__")
       ^^^^^^^^^^^^^^^^^^^^^^
  File "C:\Users\Vignesh.Selvaraju\AppData\Local\Programs\Python\Python312\Lib\site-packages\transformers\__init__.py", line 862, in _getattr
    return getattr(importlib.import_module(target, __name__), name)
                   ^^^^^^^^^^^^^^^^^^^^^^^^^^^^^^^^^^^^^^^^^
  File "C:\Users\Vignesh.Selvaraju\AppData\Local\Programs\Python\Python312\Lib\importlib\__init__.py", line 90, in import_module
    return _bootstrap._gcd_import(name[level:], package, level)
           ^^^^^^^^^^^^^^^^^^^^^^^^^^^^^^^^^^^^^^^^^^^^^^^^^^^^
  File "<frozen importlib._bootstrap>", line 1387, in _gcd_import
  File "<frozen importlib._bootstrap>", line 1360, in _find_and_load
  File "<frozen importlib._bootstrap>", line 1331, in _find_and_load_unlocked
  File "<frozen importlib._bootstrap>", line 935, in _load_unlocked
  File "<frozen importlib._bootstrap_external>", line 999, in exec_module
  File "<frozen importlib._bootstrap>", line 488, in _call_with_frames_removed
  File "C:\Users\Vignesh.Selvaraju\AppData\Local\Programs\Python\Python312\Lib\site-packages\transformers\models\got_ocr2\image_processing_got_ocr2.py", line 19, in <module>
    from torchvision.transforms.v2 import functional as tvF
ModuleNotFoundError: No module named 'torchvision'
2026-10-01 16:23:00.860 Examining the path of transformers.models.grounding_dino.image_processing_grounding_dino_fast raised:
Traceback (most recent call last):
  File "C:\Users\Vignesh.Selvaraju\AppData\Local\Programs\Python\Python312\Lib\site-packages\streamlit\watcher\local_sources_watcher.py", line 330, in get_module_paths
    potential_paths = extract_paths(module)
                      ^^^^^^^^^^^^^^^^^^^^^
  File "C:\Users\Vignesh.Selvaraju\AppData\Local\Programs\Python\Python312\Lib\site-packages\streamlit\watcher\local_sources_watcher.py", line 317, in <lambda>
    if hasattr(m, "__path__")
       ^^^^^^^^^^^^^^^^^^^^^^
  File "C:\Users\Vignesh.Selvaraju\AppData\Local\Programs\Python\Python312\Lib\site-packages\transformers\__init__.py", line 862, in _getattr
    return getattr(importlib.import_module(target, __name__), name)
                   ^^^^^^^^^^^^^^^^^^^^^^^^^^^^^^^^^^^^^^^^^
  File "C:\Users\Vignesh.Selvaraju\AppData\Local\Programs\Python\Python312\Lib\importlib\__init__.py", line 90, in import_module
    return _bootstrap._gcd_import(name[level:], package, level)
           ^^^^^^^^^^^^^^^^^^^^^^^^^^^^^^^^^^^^^^^^^^^^^^^^^^^^
  File "<frozen importlib._bootstrap>", line 1387, in _gcd_import
  File "<frozen importlib._bootstrap>", line 1360, in _find_and_load
  File "<frozen importlib._bootstrap>", line 1331, in _find_and_load_unlocked
  File "<frozen importlib._bootstrap>", line 935, in _load_unlocked
  File "<frozen importlib._bootstrap_external>", line 999, in exec_module
  File "<frozen importlib._bootstrap>", line 488, in _call_with_frames_removed
  File "C:\Users\Vignesh.Selvaraju\AppData\Local\Programs\Python\Python312\Lib\site-packages\transformers\models\grounding_dino\image_processing_grounding_dino.py", line 30, in <module>
    from torchvision.io import read_image
ModuleNotFoundError: No module named 'torchvision'
2026-10-01 16:23:00.889 Examining the path of transformers.models.hunyuan_vl.image_processing_hunyuan_vl_fast raised:
Traceback (most recent call last):
  File "C:\Users\Vignesh.Selvaraju\AppData\Local\Programs\Python\Python312\Lib\site-packages\streamlit\watcher\local_sources_watcher.py", line 330, in get_module_paths
    potential_paths = extract_paths(module)
                      ^^^^^^^^^^^^^^^^^^^^^
  File "C:\Users\Vignesh.Selvaraju\AppData\Local\Programs\Python\Python312\Lib\site-packages\streamlit\watcher\local_sources_watcher.py", line 317, in <lambda>
    if hasattr(m, "__path__")
       ^^^^^^^^^^^^^^^^^^^^^^
  File "C:\Users\Vignesh.Selvaraju\AppData\Local\Programs\Python\Python312\Lib\site-packages\transformers\__init__.py", line 862, in _getattr
    return getattr(importlib.import_module(target, __name__), name)
                   ^^^^^^^^^^^^^^^^^^^^^^^^^^^^^^^^^^^^^^^^^
  File "C:\Users\Vignesh.Selvaraju\AppData\Local\Programs\Python\Python312\Lib\importlib\__init__.py", line 90, in import_module
    return _bootstrap._gcd_import(name[level:], package, level)
           ^^^^^^^^^^^^^^^^^^^^^^^^^^^^^^^^^^^^^^^^^^^^^^^^^^^^
  File "<frozen importlib._bootstrap>", line 1387, in _gcd_import
  File "<frozen importlib._bootstrap>", line 1360, in _find_and_load
  File "<frozen importlib._bootstrap>", line 1331, in _find_and_load_unlocked
  File "<frozen importlib._bootstrap>", line 935, in _load_unlocked
  File "<frozen importlib._bootstrap_external>", line 999, in exec_module
  File "<frozen importlib._bootstrap>", line 488, in _call_with_frames_removed
  File "C:\Users\Vignesh.Selvaraju\AppData\Local\Programs\Python\Python312\Lib\site-packages\transformers\models\hunyuan_vl\image_processing_hunyuan_vl.py", line 25, in <module>
    from torchvision.transforms.v2 import functional as tvF
ModuleNotFoundError: No module named 'torchvision'
2026-10-01 16:23:00.987 Examining the path of transformers.models.idefics2.image_processing_idefics2_fast raised:
Traceback (most recent call last):
  File "C:\Users\Vignesh.Selvaraju\AppData\Local\Programs\Python\Python312\Lib\site-packages\streamlit\watcher\local_sources_watcher.py", line 330, in get_module_paths
    potential_paths = extract_paths(module)
                      ^^^^^^^^^^^^^^^^^^^^^
  File "C:\Users\Vignesh.Selvaraju\AppData\Local\Programs\Python\Python312\Lib\site-packages\streamlit\watcher\local_sources_watcher.py", line 317, in <lambda>
    if hasattr(m, "__path__")
       ^^^^^^^^^^^^^^^^^^^^^^
  File "C:\Users\Vignesh.Selvaraju\AppData\Local\Programs\Python\Python312\Lib\site-packages\transformers\__init__.py", line 862, in _getattr
    return getattr(importlib.import_module(target, __name__), name)
                   ^^^^^^^^^^^^^^^^^^^^^^^^^^^^^^^^^^^^^^^^^
  File "C:\Users\Vignesh.Selvaraju\AppData\Local\Programs\Python\Python312\Lib\importlib\__init__.py", line 90, in import_module
    return _bootstrap._gcd_import(name[level:], package, level)
           ^^^^^^^^^^^^^^^^^^^^^^^^^^^^^^^^^^^^^^^^^^^^^^^^^^^^
  File "<frozen importlib._bootstrap>", line 1387, in _gcd_import
  File "<frozen importlib._bootstrap>", line 1360, in _find_and_load
  File "<frozen importlib._bootstrap>", line 1331, in _find_and_load_unlocked
  File "<frozen importlib._bootstrap>", line 935, in _load_unlocked
  File "<frozen importlib._bootstrap_external>", line 999, in exec_module
  File "<frozen importlib._bootstrap>", line 488, in _call_with_frames_removed
  File "C:\Users\Vignesh.Selvaraju\AppData\Local\Programs\Python\Python312\Lib\site-packages\transformers\models\idefics2\image_processing_idefics2.py", line 37, in <module>
    from torchvision.transforms.v2 import functional as tvF
ModuleNotFoundError: No module named 'torchvision'
2026-10-01 16:23:01.016 Examining the path of transformers.models.idefics3.image_processing_idefics3_fast raised:
Traceback (most recent call last):
  File "C:\Users\Vignesh.Selvaraju\AppData\Local\Programs\Python\Python312\Lib\site-packages\streamlit\watcher\local_sources_watcher.py", line 330, in get_module_paths
    potential_paths = extract_paths(module)
                      ^^^^^^^^^^^^^^^^^^^^^
  File "C:\Users\Vignesh.Selvaraju\AppData\Local\Programs\Python\Python312\Lib\site-packages\streamlit\watcher\local_sources_watcher.py", line 317, in <lambda>
    if hasattr(m, "__path__")
       ^^^^^^^^^^^^^^^^^^^^^^
  File "C:\Users\Vignesh.Selvaraju\AppData\Local\Programs\Python\Python312\Lib\site-packages\transformers\__init__.py", line 862, in _getattr
    return getattr(importlib.import_module(target, __name__), name)
                   ^^^^^^^^^^^^^^^^^^^^^^^^^^^^^^^^^^^^^^^^^
  File "C:\Users\Vignesh.Selvaraju\AppData\Local\Programs\Python\Python312\Lib\importlib\__init__.py", line 90, in import_module
    return _bootstrap._gcd_import(name[level:], package, level)
           ^^^^^^^^^^^^^^^^^^^^^^^^^^^^^^^^^^^^^^^^^^^^^^^^^^^^
  File "<frozen importlib._bootstrap>", line 1387, in _gcd_import
  File "<frozen importlib._bootstrap>", line 1360, in _find_and_load
  File "<frozen importlib._bootstrap>", line 1331, in _find_and_load_unlocked
  File "<frozen importlib._bootstrap>", line 935, in _load_unlocked
  File "<frozen importlib._bootstrap_external>", line 999, in exec_module
  File "<frozen importlib._bootstrap>", line 488, in _call_with_frames_removed
  File "C:\Users\Vignesh.Selvaraju\AppData\Local\Programs\Python\Python312\Lib\site-packages\transformers\models\idefics3\image_processing_idefics3.py", line 20, in <module>
    from torchvision.transforms.v2 import functional as tvF
ModuleNotFoundError: No module named 'torchvision'
2026-10-01 16:23:01.053 Examining the path of transformers.models.imagegpt.image_processing_imagegpt_fast raised:
Traceback (most recent call last):
  File "C:\Users\Vignesh.Selvaraju\AppData\Local\Programs\Python\Python312\Lib\site-packages\streamlit\watcher\local_sources_watcher.py", line 330, in get_module_paths
    potential_paths = extract_paths(module)
                      ^^^^^^^^^^^^^^^^^^^^^
  File "C:\Users\Vignesh.Selvaraju\AppData\Local\Programs\Python\Python312\Lib\site-packages\streamlit\watcher\local_sources_watcher.py", line 317, in <lambda>
    if hasattr(m, "__path__")
       ^^^^^^^^^^^^^^^^^^^^^^
  File "C:\Users\Vignesh.Selvaraju\AppData\Local\Programs\Python\Python312\Lib\site-packages\transformers\__init__.py", line 862, in _getattr
    return getattr(importlib.import_module(target, __name__), name)
                   ^^^^^^^^^^^^^^^^^^^^^^^^^^^^^^^^^^^^^^^^^
  File "C:\Users\Vignesh.Selvaraju\AppData\Local\Programs\Python\Python312\Lib\importlib\__init__.py", line 90, in import_module
    return _bootstrap._gcd_import(name[level:], package, level)
           ^^^^^^^^^^^^^^^^^^^^^^^^^^^^^^^^^^^^^^^^^^^^^^^^^^^^
  File "<frozen importlib._bootstrap>", line 1387, in _gcd_import
  File "<frozen importlib._bootstrap>", line 1360, in _find_and_load
  File "<frozen importlib._bootstrap>", line 1331, in _find_and_load_unlocked
  File "<frozen importlib._bootstrap>", line 935, in _load_unlocked
  File "<frozen importlib._bootstrap_external>", line 999, in exec_module
  File "<frozen importlib._bootstrap>", line 488, in _call_with_frames_removed
  File "C:\Users\Vignesh.Selvaraju\AppData\Local\Programs\Python\Python312\Lib\site-packages\transformers\models\imagegpt\image_processing_imagegpt.py", line 20, in <module>
    from torchvision.transforms.v2 import functional as tvF
ModuleNotFoundError: No module named 'torchvision'
2026-10-01 16:23:01.068 Examining the path of transformers.models.inkling.image_processing_inkling_fast raised:
Traceback (most recent call last):
  File "C:\Users\Vignesh.Selvaraju\AppData\Local\Programs\Python\Python312\Lib\site-packages\streamlit\watcher\local_sources_watcher.py", line 330, in get_module_paths
    potential_paths = extract_paths(module)
                      ^^^^^^^^^^^^^^^^^^^^^
  File "C:\Users\Vignesh.Selvaraju\AppData\Local\Programs\Python\Python312\Lib\site-packages\streamlit\watcher\local_sources_watcher.py", line 317, in <lambda>
    if hasattr(m, "__path__")
       ^^^^^^^^^^^^^^^^^^^^^^
  File "C:\Users\Vignesh.Selvaraju\AppData\Local\Programs\Python\Python312\Lib\site-packages\transformers\__init__.py", line 862, in _getattr
    return getattr(importlib.import_module(target, __name__), name)
                   ^^^^^^^^^^^^^^^^^^^^^^^^^^^^^^^^^^^^^^^^^
  File "C:\Users\Vignesh.Selvaraju\AppData\Local\Programs\Python\Python312\Lib\importlib\__init__.py", line 90, in import_module
    return _bootstrap._gcd_import(name[level:], package, level)
           ^^^^^^^^^^^^^^^^^^^^^^^^^^^^^^^^^^^^^^^^^^^^^^^^^^^^
  File "<frozen importlib._bootstrap>", line 1387, in _gcd_import
  File "<frozen importlib._bootstrap>", line 1360, in _find_and_load
  File "<frozen importlib._bootstrap>", line 1331, in _find_and_load_unlocked
  File "<frozen importlib._bootstrap>", line 935, in _load_unlocked
  File "<frozen importlib._bootstrap_external>", line 999, in exec_module
  File "<frozen importlib._bootstrap>", line 488, in _call_with_frames_removed
  File "C:\Users\Vignesh.Selvaraju\AppData\Local\Programs\Python\Python312\Lib\site-packages\transformers\models\inkling\image_processing_inkling.py", line 19, in <module>
    from torchvision.transforms.v2 import functional as tvF
ModuleNotFoundError: No module named 'torchvision'
2026-10-01 16:23:01.080 Examining the path of transformers.models.janus.image_processing_janus_fast raised:
Traceback (most recent call last):
  File "C:\Users\Vignesh.Selvaraju\AppData\Local\Programs\Python\Python312\Lib\site-packages\streamlit\watcher\local_sources_watcher.py", line 330, in get_module_paths
    potential_paths = extract_paths(module)
                      ^^^^^^^^^^^^^^^^^^^^^
  File "C:\Users\Vignesh.Selvaraju\AppData\Local\Programs\Python\Python312\Lib\site-packages\streamlit\watcher\local_sources_watcher.py", line 317, in <lambda>
    if hasattr(m, "__path__")
       ^^^^^^^^^^^^^^^^^^^^^^
  File "C:\Users\Vignesh.Selvaraju\AppData\Local\Programs\Python\Python312\Lib\site-packages\transformers\__init__.py", line 862, in _getattr
    return getattr(importlib.import_module(target, __name__), name)
                   ^^^^^^^^^^^^^^^^^^^^^^^^^^^^^^^^^^^^^^^^^
  File "C:\Users\Vignesh.Selvaraju\AppData\Local\Programs\Python\Python312\Lib\importlib\__init__.py", line 90, in import_module
    return _bootstrap._gcd_import(name[level:], package, level)
           ^^^^^^^^^^^^^^^^^^^^^^^^^^^^^^^^^^^^^^^^^^^^^^^^^^^^
  File "<frozen importlib._bootstrap>", line 1387, in _gcd_import
  File "<frozen importlib._bootstrap>", line 1360, in _find_and_load
  File "<frozen importlib._bootstrap>", line 1331, in _find_and_load_unlocked
  File "<frozen importlib._bootstrap>", line 935, in _load_unlocked
  File "<frozen importlib._bootstrap_external>", line 999, in exec_module
  File "<frozen importlib._bootstrap>", line 488, in _call_with_frames_removed
  File "C:\Users\Vignesh.Selvaraju\AppData\Local\Programs\Python\Python312\Lib\site-packages\transformers\models\janus\image_processing_janus.py", line 17, in <module>
    import torchvision.transforms.v2.functional as tvF
ModuleNotFoundError: No module named 'torchvision'
2026-10-01 16:23:01.108 Examining the path of transformers.models.kimi_k25.image_processing_kimi_k25_fast raised:
Traceback (most recent call last):
  File "C:\Users\Vignesh.Selvaraju\AppData\Local\Programs\Python\Python312\Lib\site-packages\streamlit\watcher\local_sources_watcher.py", line 330, in get_module_paths
    potential_paths = extract_paths(module)
                      ^^^^^^^^^^^^^^^^^^^^^
  File "C:\Users\Vignesh.Selvaraju\AppData\Local\Programs\Python\Python312\Lib\site-packages\streamlit\watcher\local_sources_watcher.py", line 317, in <lambda>
    if hasattr(m, "__path__")
       ^^^^^^^^^^^^^^^^^^^^^^
  File "C:\Users\Vignesh.Selvaraju\AppData\Local\Programs\Python\Python312\Lib\site-packages\transformers\__init__.py", line 862, in _getattr
    return getattr(importlib.import_module(target, __name__), name)
                   ^^^^^^^^^^^^^^^^^^^^^^^^^^^^^^^^^^^^^^^^^
  File "C:\Users\Vignesh.Selvaraju\AppData\Local\Programs\Python\Python312\Lib\importlib\__init__.py", line 90, in import_module
    return _bootstrap._gcd_import(name[level:], package, level)
           ^^^^^^^^^^^^^^^^^^^^^^^^^^^^^^^^^^^^^^^^^^^^^^^^^^^^
  File "<frozen importlib._bootstrap>", line 1387, in _gcd_import
  File "<frozen importlib._bootstrap>", line 1360, in _find_and_load
  File "<frozen importlib._bootstrap>", line 1331, in _find_and_load_unlocked
  File "<frozen importlib._bootstrap>", line 935, in _load_unlocked
  File "<frozen importlib._bootstrap_external>", line 999, in exec_module
  File "<frozen importlib._bootstrap>", line 488, in _call_with_frames_removed
  File "C:\Users\Vignesh.Selvaraju\AppData\Local\Programs\Python\Python312\Lib\site-packages\transformers\models\kimi_k25\image_processing_kimi_k25.py", line 19, in <module>
    from torchvision.transforms.v2 import functional as tvF
ModuleNotFoundError: No module named 'torchvision'
2026-10-01 16:23:01.158 Examining the path of transformers.models.layoutlmv2.image_processing_layoutlmv2_fast raised:
Traceback (most recent call last):
  File "C:\Users\Vignesh.Selvaraju\AppData\Local\Programs\Python\Python312\Lib\site-packages\streamlit\watcher\local_sources_watcher.py", line 330, in get_module_paths
    potential_paths = extract_paths(module)
                      ^^^^^^^^^^^^^^^^^^^^^
  File "C:\Users\Vignesh.Selvaraju\AppData\Local\Programs\Python\Python312\Lib\site-packages\streamlit\watcher\local_sources_watcher.py", line 317, in <lambda>
    if hasattr(m, "__path__")
       ^^^^^^^^^^^^^^^^^^^^^^
  File "C:\Users\Vignesh.Selvaraju\AppData\Local\Programs\Python\Python312\Lib\site-packages\transformers\__init__.py", line 862, in _getattr
    return getattr(importlib.import_module(target, __name__), name)
                   ^^^^^^^^^^^^^^^^^^^^^^^^^^^^^^^^^^^^^^^^^
  File "C:\Users\Vignesh.Selvaraju\AppData\Local\Programs\Python\Python312\Lib\importlib\__init__.py", line 90, in import_module
    return _bootstrap._gcd_import(name[level:], package, level)
           ^^^^^^^^^^^^^^^^^^^^^^^^^^^^^^^^^^^^^^^^^^^^^^^^^^^^
  File "<frozen importlib._bootstrap>", line 1387, in _gcd_import
  File "<frozen importlib._bootstrap>", line 1360, in _find_and_load
  File "<frozen importlib._bootstrap>", line 1331, in _find_and_load_unlocked
  File "<frozen importlib._bootstrap>", line 935, in _load_unlocked
  File "<frozen importlib._bootstrap_external>", line 999, in exec_module
  File "<frozen importlib._bootstrap>", line 488, in _call_with_frames_removed
  File "C:\Users\Vignesh.Selvaraju\AppData\Local\Programs\Python\Python312\Lib\site-packages\transformers\models\layoutlmv2\image_processing_layoutlmv2.py", line 36, in <module>
    from torchvision.transforms.v2 import functional as tvF
ModuleNotFoundError: No module named 'torchvision'
2026-10-01 16:23:01.198 Examining the path of transformers.models.layoutlmv3.image_processing_layoutlmv3_fast raised:
Traceback (most recent call last):
  File "C:\Users\Vignesh.Selvaraju\AppData\Local\Programs\Python\Python312\Lib\site-packages\streamlit\watcher\local_sources_watcher.py", line 330, in get_module_paths
    potential_paths = extract_paths(module)
                      ^^^^^^^^^^^^^^^^^^^^^
  File "C:\Users\Vignesh.Selvaraju\AppData\Local\Programs\Python\Python312\Lib\site-packages\streamlit\watcher\local_sources_watcher.py", line 317, in <lambda>
    if hasattr(m, "__path__")
       ^^^^^^^^^^^^^^^^^^^^^^
  File "C:\Users\Vignesh.Selvaraju\AppData\Local\Programs\Python\Python312\Lib\site-packages\transformers\__init__.py", line 862, in _getattr
    return getattr(importlib.import_module(target, __name__), name)
                   ^^^^^^^^^^^^^^^^^^^^^^^^^^^^^^^^^^^^^^^^^
  File "C:\Users\Vignesh.Selvaraju\AppData\Local\Programs\Python\Python312\Lib\importlib\__init__.py", line 90, in import_module
    return _bootstrap._gcd_import(name[level:], package, level)
           ^^^^^^^^^^^^^^^^^^^^^^^^^^^^^^^^^^^^^^^^^^^^^^^^^^^^
  File "<frozen importlib._bootstrap>", line 1387, in _gcd_import
  File "<frozen importlib._bootstrap>", line 1360, in _find_and_load
  File "<frozen importlib._bootstrap>", line 1331, in _find_and_load_unlocked
  File "<frozen importlib._bootstrap>", line 935, in _load_unlocked
  File "<frozen importlib._bootstrap_external>", line 999, in exec_module
  File "<frozen importlib._bootstrap>", line 488, in _call_with_frames_removed
  File "C:\Users\Vignesh.Selvaraju\AppData\Local\Programs\Python\Python312\Lib\site-packages\transformers\models\layoutlmv3\image_processing_layoutlmv3.py", line 42, in <module>
    from torchvision.transforms.v2 import functional as tvF
ModuleNotFoundError: No module named 'torchvision'
2026-10-01 16:23:01.231 Examining the path of transformers.models.levit.image_processing_levit_fast raised:
Traceback (most recent call last):
  File "C:\Users\Vignesh.Selvaraju\AppData\Local\Programs\Python\Python312\Lib\site-packages\streamlit\watcher\local_sources_watcher.py", line 330, in get_module_paths
    potential_paths = extract_paths(module)
                      ^^^^^^^^^^^^^^^^^^^^^
  File "C:\Users\Vignesh.Selvaraju\AppData\Local\Programs\Python\Python312\Lib\site-packages\streamlit\watcher\local_sources_watcher.py", line 317, in <lambda>
    if hasattr(m, "__path__")
       ^^^^^^^^^^^^^^^^^^^^^^
  File "C:\Users\Vignesh.Selvaraju\AppData\Local\Programs\Python\Python312\Lib\site-packages\transformers\__init__.py", line 862, in _getattr
    return getattr(importlib.import_module(target, __name__), name)
                   ^^^^^^^^^^^^^^^^^^^^^^^^^^^^^^^^^^^^^^^^^
  File "C:\Users\Vignesh.Selvaraju\AppData\Local\Programs\Python\Python312\Lib\importlib\__init__.py", line 90, in import_module
    return _bootstrap._gcd_import(name[level:], package, level)
           ^^^^^^^^^^^^^^^^^^^^^^^^^^^^^^^^^^^^^^^^^^^^^^^^^^^^
  File "<frozen importlib._bootstrap>", line 1387, in _gcd_import
  File "<frozen importlib._bootstrap>", line 1360, in _find_and_load
  File "<frozen importlib._bootstrap>", line 1331, in _find_and_load_unlocked
  File "<frozen importlib._bootstrap>", line 935, in _load_unlocked
  File "<frozen importlib._bootstrap_external>", line 999, in exec_module
  File "<frozen importlib._bootstrap>", line 488, in _call_with_frames_removed
  File "C:\Users\Vignesh.Selvaraju\AppData\Local\Programs\Python\Python312\Lib\site-packages\transformers\models\levit\image_processing_levit.py", line 17, in <module>
    from torchvision.transforms.v2 import functional as tvF
ModuleNotFoundError: No module named 'torchvision'
2026-10-01 16:23:01.245 Examining the path of transformers.models.lfm2_vl.image_processing_lfm2_vl_fast raised:
Traceback (most recent call last):
  File "C:\Users\Vignesh.Selvaraju\AppData\Local\Programs\Python\Python312\Lib\site-packages\streamlit\watcher\local_sources_watcher.py", line 330, in get_module_paths
    potential_paths = extract_paths(module)
                      ^^^^^^^^^^^^^^^^^^^^^
  File "C:\Users\Vignesh.Selvaraju\AppData\Local\Programs\Python\Python312\Lib\site-packages\streamlit\watcher\local_sources_watcher.py", line 317, in <lambda>
    if hasattr(m, "__path__")
       ^^^^^^^^^^^^^^^^^^^^^^
  File "C:\Users\Vignesh.Selvaraju\AppData\Local\Programs\Python\Python312\Lib\site-packages\transformers\__init__.py", line 862, in _getattr
    return getattr(importlib.import_module(target, __name__), name)
                   ^^^^^^^^^^^^^^^^^^^^^^^^^^^^^^^^^^^^^^^^^
  File "C:\Users\Vignesh.Selvaraju\AppData\Local\Programs\Python\Python312\Lib\importlib\__init__.py", line 90, in import_module
    return _bootstrap._gcd_import(name[level:], package, level)
           ^^^^^^^^^^^^^^^^^^^^^^^^^^^^^^^^^^^^^^^^^^^^^^^^^^^^
  File "<frozen importlib._bootstrap>", line 1387, in _gcd_import
  File "<frozen importlib._bootstrap>", line 1360, in _find_and_load
  File "<frozen importlib._bootstrap>", line 1331, in _find_and_load_unlocked
  File "<frozen importlib._bootstrap>", line 935, in _load_unlocked
  File "<frozen importlib._bootstrap_external>", line 999, in exec_module
  File "<frozen importlib._bootstrap>", line 488, in _call_with_frames_removed
  File "C:\Users\Vignesh.Selvaraju\AppData\Local\Programs\Python\Python312\Lib\site-packages\transformers\models\lfm2_vl\image_processing_lfm2_vl.py", line 18, in <module>
    from torchvision.transforms.v2 import functional as tvF
ModuleNotFoundError: No module named 'torchvision'
2026-10-01 16:23:01.258 Examining the path of transformers.models.lightglue.image_processing_lightglue_fast raised:
Traceback (most recent call last):
  File "C:\Users\Vignesh.Selvaraju\AppData\Local\Programs\Python\Python312\Lib\site-packages\streamlit\watcher\local_sources_watcher.py", line 330, in get_module_paths
    potential_paths = extract_paths(module)
                      ^^^^^^^^^^^^^^^^^^^^^
  File "C:\Users\Vignesh.Selvaraju\AppData\Local\Programs\Python\Python312\Lib\site-packages\streamlit\watcher\local_sources_watcher.py", line 317, in <lambda>
    if hasattr(m, "__path__")
       ^^^^^^^^^^^^^^^^^^^^^^
  File "C:\Users\Vignesh.Selvaraju\AppData\Local\Programs\Python\Python312\Lib\site-packages\transformers\__init__.py", line 862, in _getattr
    return getattr(importlib.import_module(target, __name__), name)
                   ^^^^^^^^^^^^^^^^^^^^^^^^^^^^^^^^^^^^^^^^^
  File "C:\Users\Vignesh.Selvaraju\AppData\Local\Programs\Python\Python312\Lib\importlib\__init__.py", line 90, in import_module
    return _bootstrap._gcd_import(name[level:], package, level)
           ^^^^^^^^^^^^^^^^^^^^^^^^^^^^^^^^^^^^^^^^^^^^^^^^^^^^
  File "<frozen importlib._bootstrap>", line 1387, in _gcd_import
  File "<frozen importlib._bootstrap>", line 1360, in _find_and_load
  File "<frozen importlib._bootstrap>", line 1331, in _find_and_load_unlocked
  File "<frozen importlib._bootstrap>", line 935, in _load_unlocked
  File "<frozen importlib._bootstrap_external>", line 999, in exec_module
  File "<frozen importlib._bootstrap>", line 488, in _call_with_frames_removed
  File "C:\Users\Vignesh.Selvaraju\AppData\Local\Programs\Python\Python312\Lib\site-packages\transformers\models\lightglue\image_processing_lightglue.py", line 24, in <module>
    from torchvision.transforms.v2 import functional as tvF
ModuleNotFoundError: No module named 'torchvision'
2026-10-01 16:23:01.286 Examining the path of transformers.models.llama4.image_processing_llama4_fast raised:
Traceback (most recent call last):
  File "C:\Users\Vignesh.Selvaraju\AppData\Local\Programs\Python\Python312\Lib\site-packages\streamlit\watcher\local_sources_watcher.py", line 330, in get_module_paths
    potential_paths = extract_paths(module)
                      ^^^^^^^^^^^^^^^^^^^^^
  File "C:\Users\Vignesh.Selvaraju\AppData\Local\Programs\Python\Python312\Lib\site-packages\streamlit\watcher\local_sources_watcher.py", line 317, in <lambda>
    if hasattr(m, "__path__")
       ^^^^^^^^^^^^^^^^^^^^^^
  File "C:\Users\Vignesh.Selvaraju\AppData\Local\Programs\Python\Python312\Lib\site-packages\transformers\__init__.py", line 862, in _getattr
    return getattr(importlib.import_module(target, __name__), name)
                   ^^^^^^^^^^^^^^^^^^^^^^^^^^^^^^^^^^^^^^^^^
  File "C:\Users\Vignesh.Selvaraju\AppData\Local\Programs\Python\Python312\Lib\importlib\__init__.py", line 90, in import_module
    return _bootstrap._gcd_import(name[level:], package, level)
           ^^^^^^^^^^^^^^^^^^^^^^^^^^^^^^^^^^^^^^^^^^^^^^^^^^^^
  File "<frozen importlib._bootstrap>", line 1387, in _gcd_import
  File "<frozen importlib._bootstrap>", line 1360, in _find_and_load
  File "<frozen importlib._bootstrap>", line 1331, in _find_and_load_unlocked
  File "<frozen importlib._bootstrap>", line 935, in _load_unlocked
  File "<frozen importlib._bootstrap_external>", line 999, in exec_module
  File "<frozen importlib._bootstrap>", line 488, in _call_with_frames_removed
  File "C:\Users\Vignesh.Selvaraju\AppData\Local\Programs\Python\Python312\Lib\site-packages\transformers\models\llama4\image_processing_llama4.py", line 21, in <module>
    from torchvision.transforms.v2 import functional as tvF
ModuleNotFoundError: No module named 'torchvision'
2026-10-01 16:23:01.296 Examining the path of transformers.models.llava.image_processing_llava_fast raised:
Traceback (most recent call last):
  File "C:\Users\Vignesh.Selvaraju\AppData\Local\Programs\Python\Python312\Lib\site-packages\streamlit\watcher\local_sources_watcher.py", line 330, in get_module_paths
    potential_paths = extract_paths(module)
                      ^^^^^^^^^^^^^^^^^^^^^
  File "C:\Users\Vignesh.Selvaraju\AppData\Local\Programs\Python\Python312\Lib\site-packages\streamlit\watcher\local_sources_watcher.py", line 317, in <lambda>
    if hasattr(m, "__path__")
       ^^^^^^^^^^^^^^^^^^^^^^
  File "C:\Users\Vignesh.Selvaraju\AppData\Local\Programs\Python\Python312\Lib\site-packages\transformers\__init__.py", line 862, in _getattr
    return getattr(importlib.import_module(target, __name__), name)
                   ^^^^^^^^^^^^^^^^^^^^^^^^^^^^^^^^^^^^^^^^^
  File "C:\Users\Vignesh.Selvaraju\AppData\Local\Programs\Python\Python312\Lib\importlib\__init__.py", line 90, in import_module
    return _bootstrap._gcd_import(name[level:], package, level)
           ^^^^^^^^^^^^^^^^^^^^^^^^^^^^^^^^^^^^^^^^^^^^^^^^^^^^
  File "<frozen importlib._bootstrap>", line 1387, in _gcd_import
  File "<frozen importlib._bootstrap>", line 1360, in _find_and_load
  File "<frozen importlib._bootstrap>", line 1331, in _find_and_load_unlocked
  File "<frozen importlib._bootstrap>", line 935, in _load_unlocked
  File "<frozen importlib._bootstrap_external>", line 999, in exec_module
  File "<frozen importlib._bootstrap>", line 488, in _call_with_frames_removed
  File "C:\Users\Vignesh.Selvaraju\AppData\Local\Programs\Python\Python312\Lib\site-packages\transformers\models\llava\image_processing_llava.py", line 19, in <module>
    from torchvision.transforms.v2 import functional as tvF
ModuleNotFoundError: No module named 'torchvision'
2026-10-01 16:23:01.312 Examining the path of transformers.models.llava_next.image_processing_llava_next_fast raised:
Traceback (most recent call last):
  File "C:\Users\Vignesh.Selvaraju\AppData\Local\Programs\Python\Python312\Lib\site-packages\streamlit\watcher\local_sources_watcher.py", line 330, in get_module_paths
    potential_paths = extract_paths(module)
                      ^^^^^^^^^^^^^^^^^^^^^
  File "C:\Users\Vignesh.Selvaraju\AppData\Local\Programs\Python\Python312\Lib\site-packages\streamlit\watcher\local_sources_watcher.py", line 317, in <lambda>
    if hasattr(m, "__path__")
       ^^^^^^^^^^^^^^^^^^^^^^
  File "C:\Users\Vignesh.Selvaraju\AppData\Local\Programs\Python\Python312\Lib\site-packages\transformers\__init__.py", line 862, in _getattr
    return getattr(importlib.import_module(target, __name__), name)
                   ^^^^^^^^^^^^^^^^^^^^^^^^^^^^^^^^^^^^^^^^^
  File "C:\Users\Vignesh.Selvaraju\AppData\Local\Programs\Python\Python312\Lib\importlib\__init__.py", line 90, in import_module
    return _bootstrap._gcd_import(name[level:], package, level)
           ^^^^^^^^^^^^^^^^^^^^^^^^^^^^^^^^^^^^^^^^^^^^^^^^^^^^
  File "<frozen importlib._bootstrap>", line 1387, in _gcd_import
  File "<frozen importlib._bootstrap>", line 1360, in _find_and_load
  File "<frozen importlib._bootstrap>", line 1331, in _find_and_load_unlocked
  File "<frozen importlib._bootstrap>", line 935, in _load_unlocked
  File "<frozen importlib._bootstrap_external>", line 999, in exec_module
  File "<frozen importlib._bootstrap>", line 488, in _call_with_frames_removed
  File "C:\Users\Vignesh.Selvaraju\AppData\Local\Programs\Python\Python312\Lib\site-packages\transformers\models\llava_next\image_processing_llava_next.py", line 19, in <module>
    from torchvision.transforms.v2 import functional as tvF
ModuleNotFoundError: No module named 'torchvision'
2026-10-01 16:23:01.341 Examining the path of transformers.models.llava_onevision.image_processing_llava_onevision_fast raised:
Traceback (most recent call last):
  File "C:\Users\Vignesh.Selvaraju\AppData\Local\Programs\Python\Python312\Lib\site-packages\streamlit\watcher\local_sources_watcher.py", line 330, in get_module_paths
    potential_paths = extract_paths(module)
                      ^^^^^^^^^^^^^^^^^^^^^
  File "C:\Users\Vignesh.Selvaraju\AppData\Local\Programs\Python\Python312\Lib\site-packages\streamlit\watcher\local_sources_watcher.py", line 317, in <lambda>
    if hasattr(m, "__path__")
       ^^^^^^^^^^^^^^^^^^^^^^
  File "C:\Users\Vignesh.Selvaraju\AppData\Local\Programs\Python\Python312\Lib\site-packages\transformers\__init__.py", line 862, in _getattr
    return getattr(importlib.import_module(target, __name__), name)
                   ^^^^^^^^^^^^^^^^^^^^^^^^^^^^^^^^^^^^^^^^^
  File "C:\Users\Vignesh.Selvaraju\AppData\Local\Programs\Python\Python312\Lib\importlib\__init__.py", line 90, in import_module
    return _bootstrap._gcd_import(name[level:], package, level)
           ^^^^^^^^^^^^^^^^^^^^^^^^^^^^^^^^^^^^^^^^^^^^^^^^^^^^
  File "<frozen importlib._bootstrap>", line 1387, in _gcd_import
  File "<frozen importlib._bootstrap>", line 1360, in _find_and_load
  File "<frozen importlib._bootstrap>", line 1331, in _find_and_load_unlocked
  File "<frozen importlib._bootstrap>", line 935, in _load_unlocked
  File "<frozen importlib._bootstrap_external>", line 999, in exec_module
  File "<frozen importlib._bootstrap>", line 488, in _call_with_frames_removed
  File "C:\Users\Vignesh.Selvaraju\AppData\Local\Programs\Python\Python312\Lib\site-packages\transformers\models\llava_onevision\image_processing_llava_onevision.py", line 24, in <module>
    import torchvision.transforms.v2.functional as tvF
ModuleNotFoundError: No module named 'torchvision'
2026-10-01 16:23:01.370 Examining the path of transformers.models.mask2former.image_processing_mask2former_fast raised:
Traceback (most recent call last):
  File "C:\Users\Vignesh.Selvaraju\AppData\Local\Programs\Python\Python312\Lib\site-packages\streamlit\watcher\local_sources_watcher.py", line 330, in get_module_paths
    potential_paths = extract_paths(module)
                      ^^^^^^^^^^^^^^^^^^^^^
  File "C:\Users\Vignesh.Selvaraju\AppData\Local\Programs\Python\Python312\Lib\site-packages\streamlit\watcher\local_sources_watcher.py", line 317, in <lambda>
    if hasattr(m, "__path__")
       ^^^^^^^^^^^^^^^^^^^^^^
  File "C:\Users\Vignesh.Selvaraju\AppData\Local\Programs\Python\Python312\Lib\site-packages\transformers\__init__.py", line 862, in _getattr
    return getattr(importlib.import_module(target, __name__), name)
                   ^^^^^^^^^^^^^^^^^^^^^^^^^^^^^^^^^^^^^^^^^
  File "C:\Users\Vignesh.Selvaraju\AppData\Local\Programs\Python\Python312\Lib\importlib\__init__.py", line 90, in import_module
    return _bootstrap._gcd_import(name[level:], package, level)
           ^^^^^^^^^^^^^^^^^^^^^^^^^^^^^^^^^^^^^^^^^^^^^^^^^^^^
  File "<frozen importlib._bootstrap>", line 1387, in _gcd_import
  File "<frozen importlib._bootstrap>", line 1360, in _find_and_load
  File "<frozen importlib._bootstrap>", line 1331, in _find_and_load_unlocked
  File "<frozen importlib._bootstrap>", line 935, in _load_unlocked
  File "<frozen importlib._bootstrap_external>", line 999, in exec_module
  File "<frozen importlib._bootstrap>", line 488, in _call_with_frames_removed
  File "C:\Users\Vignesh.Selvaraju\AppData\Local\Programs\Python\Python312\Lib\site-packages\transformers\models\mask2former\image_processing_mask2former.py", line 27, in <module>
    from torchvision.transforms.v2 import functional as tvF
ModuleNotFoundError: No module named 'torchvision'
2026-10-01 16:23:01.399 Examining the path of transformers.models.maskformer.image_processing_maskformer_fast raised:
Traceback (most recent call last):
  File "C:\Users\Vignesh.Selvaraju\AppData\Local\Programs\Python\Python312\Lib\site-packages\streamlit\watcher\local_sources_watcher.py", line 330, in get_module_paths
    potential_paths = extract_paths(module)
                      ^^^^^^^^^^^^^^^^^^^^^
  File "C:\Users\Vignesh.Selvaraju\AppData\Local\Programs\Python\Python312\Lib\site-packages\streamlit\watcher\local_sources_watcher.py", line 317, in <lambda>
    if hasattr(m, "__path__")
       ^^^^^^^^^^^^^^^^^^^^^^
  File "C:\Users\Vignesh.Selvaraju\AppData\Local\Programs\Python\Python312\Lib\site-packages\transformers\__init__.py", line 862, in _getattr
    return getattr(importlib.import_module(target, __name__), name)
                   ^^^^^^^^^^^^^^^^^^^^^^^^^^^^^^^^^^^^^^^^^
  File "C:\Users\Vignesh.Selvaraju\AppData\Local\Programs\Python\Python312\Lib\importlib\__init__.py", line 90, in import_module
    return _bootstrap._gcd_import(name[level:], package, level)
           ^^^^^^^^^^^^^^^^^^^^^^^^^^^^^^^^^^^^^^^^^^^^^^^^^^^^
  File "<frozen importlib._bootstrap>", line 1387, in _gcd_import
  File "<frozen importlib._bootstrap>", line 1360, in _find_and_load
  File "<frozen importlib._bootstrap>", line 1331, in _find_and_load_unlocked
  File "<frozen importlib._bootstrap>", line 935, in _load_unlocked
  File "<frozen importlib._bootstrap_external>", line 999, in exec_module
  File "<frozen importlib._bootstrap>", line 488, in _call_with_frames_removed
  File "C:\Users\Vignesh.Selvaraju\AppData\Local\Programs\Python\Python312\Lib\site-packages\transformers\models\maskformer\image_processing_maskformer.py", line 22, in <module>
    from torchvision.transforms.v2 import functional as tvF
ModuleNotFoundError: No module named 'torchvision'
2026-10-01 16:23:01.465 Examining the path of transformers.models.minimax_m3_vl.image_processing_minimax_m3_vl_fast raised:
Traceback (most recent call last):
  File "C:\Users\Vignesh.Selvaraju\AppData\Local\Programs\Python\Python312\Lib\site-packages\streamlit\watcher\local_sources_watcher.py", line 330, in get_module_paths
    potential_paths = extract_paths(module)
                      ^^^^^^^^^^^^^^^^^^^^^
  File "C:\Users\Vignesh.Selvaraju\AppData\Local\Programs\Python\Python312\Lib\site-packages\streamlit\watcher\local_sources_watcher.py", line 317, in <lambda>
    if hasattr(m, "__path__")
       ^^^^^^^^^^^^^^^^^^^^^^
  File "C:\Users\Vignesh.Selvaraju\AppData\Local\Programs\Python\Python312\Lib\site-packages\transformers\__init__.py", line 862, in _getattr
    return getattr(importlib.import_module(target, __name__), name)
                   ^^^^^^^^^^^^^^^^^^^^^^^^^^^^^^^^^^^^^^^^^
  File "C:\Users\Vignesh.Selvaraju\AppData\Local\Programs\Python\Python312\Lib\importlib\__init__.py", line 90, in import_module
    return _bootstrap._gcd_import(name[level:], package, level)
           ^^^^^^^^^^^^^^^^^^^^^^^^^^^^^^^^^^^^^^^^^^^^^^^^^^^^
  File "<frozen importlib._bootstrap>", line 1387, in _gcd_import
  File "<frozen importlib._bootstrap>", line 1360, in _find_and_load
  File "<frozen importlib._bootstrap>", line 1331, in _find_and_load_unlocked
  File "<frozen importlib._bootstrap>", line 935, in _load_unlocked
  File "<frozen importlib._bootstrap_external>", line 999, in exec_module
  File "<frozen importlib._bootstrap>", line 488, in _call_with_frames_removed
  File "C:\Users\Vignesh.Selvaraju\AppData\Local\Programs\Python\Python312\Lib\site-packages\transformers\models\minimax_m3_vl\image_processing_minimax_m3_vl.py", line 25, in <module>
    from torchvision.transforms.v2 import functional as tvF
ModuleNotFoundError: No module named 'torchvision'
2026-10-01 16:23:01.481 Examining the path of transformers.models.mllama.image_processing_mllama_fast raised:
Traceback (most recent call last):
  File "C:\Users\Vignesh.Selvaraju\AppData\Local\Programs\Python\Python312\Lib\site-packages\streamlit\watcher\local_sources_watcher.py", line 330, in get_module_paths
    potential_paths = extract_paths(module)
                      ^^^^^^^^^^^^^^^^^^^^^
  File "C:\Users\Vignesh.Selvaraju\AppData\Local\Programs\Python\Python312\Lib\site-packages\streamlit\watcher\local_sources_watcher.py", line 317, in <lambda>
    if hasattr(m, "__path__")
       ^^^^^^^^^^^^^^^^^^^^^^
  File "C:\Users\Vignesh.Selvaraju\AppData\Local\Programs\Python\Python312\Lib\site-packages\transformers\__init__.py", line 862, in _getattr
    return getattr(importlib.import_module(target, __name__), name)
                   ^^^^^^^^^^^^^^^^^^^^^^^^^^^^^^^^^^^^^^^^^
  File "C:\Users\Vignesh.Selvaraju\AppData\Local\Programs\Python\Python312\Lib\importlib\__init__.py", line 90, in import_module
    return _bootstrap._gcd_import(name[level:], package, level)
           ^^^^^^^^^^^^^^^^^^^^^^^^^^^^^^^^^^^^^^^^^^^^^^^^^^^^
  File "<frozen importlib._bootstrap>", line 1387, in _gcd_import
  File "<frozen importlib._bootstrap>", line 1360, in _find_and_load
  File "<frozen importlib._bootstrap>", line 1331, in _find_and_load_unlocked
  File "<frozen importlib._bootstrap>", line 935, in _load_unlocked
  File "<frozen importlib._bootstrap_external>", line 999, in exec_module
  File "<frozen importlib._bootstrap>", line 488, in _call_with_frames_removed
  File "C:\Users\Vignesh.Selvaraju\AppData\Local\Programs\Python\Python312\Lib\site-packages\transformers\models\mllama\image_processing_mllama.py", line 40, in <module>
    from torchvision.transforms.v2 import functional as tvF
ModuleNotFoundError: No module named 'torchvision'
2026-10-01 16:23:01.527 Examining the path of transformers.models.mobilenet_v2.image_processing_mobilenet_v2_fast raised:
Traceback (most recent call last):
  File "C:\Users\Vignesh.Selvaraju\AppData\Local\Programs\Python\Python312\Lib\site-packages\streamlit\watcher\local_sources_watcher.py", line 330, in get_module_paths
    potential_paths = extract_paths(module)
                      ^^^^^^^^^^^^^^^^^^^^^
  File "C:\Users\Vignesh.Selvaraju\AppData\Local\Programs\Python\Python312\Lib\site-packages\streamlit\watcher\local_sources_watcher.py", line 317, in <lambda>
    if hasattr(m, "__path__")
       ^^^^^^^^^^^^^^^^^^^^^^
  File "C:\Users\Vignesh.Selvaraju\AppData\Local\Programs\Python\Python312\Lib\site-packages\transformers\__init__.py", line 862, in _getattr
    return getattr(importlib.import_module(target, __name__), name)
                   ^^^^^^^^^^^^^^^^^^^^^^^^^^^^^^^^^^^^^^^^^
  File "C:\Users\Vignesh.Selvaraju\AppData\Local\Programs\Python\Python312\Lib\importlib\__init__.py", line 90, in import_module
    return _bootstrap._gcd_import(name[level:], package, level)
           ^^^^^^^^^^^^^^^^^^^^^^^^^^^^^^^^^^^^^^^^^^^^^^^^^^^^
  File "<frozen importlib._bootstrap>", line 1387, in _gcd_import
  File "<frozen importlib._bootstrap>", line 1360, in _find_and_load
  File "<frozen importlib._bootstrap>", line 1331, in _find_and_load_unlocked
  File "<frozen importlib._bootstrap>", line 935, in _load_unlocked
  File "<frozen importlib._bootstrap_external>", line 999, in exec_module
  File "<frozen importlib._bootstrap>", line 488, in _call_with_frames_removed
  File "C:\Users\Vignesh.Selvaraju\AppData\Local\Programs\Python\Python312\Lib\site-packages\transformers\models\mobilenet_v2\image_processing_mobilenet_v2.py", line 19, in <module>
    from torchvision.transforms.v2 import functional as tvF
ModuleNotFoundError: No module named 'torchvision'
2026-10-01 16:23:01.552 Examining the path of transformers.models.mobilevit.image_processing_mobilevit_fast raised:
Traceback (most recent call last):
  File "C:\Users\Vignesh.Selvaraju\AppData\Local\Programs\Python\Python312\Lib\site-packages\streamlit\watcher\local_sources_watcher.py", line 330, in get_module_paths
    potential_paths = extract_paths(module)
                      ^^^^^^^^^^^^^^^^^^^^^
  File "C:\Users\Vignesh.Selvaraju\AppData\Local\Programs\Python\Python312\Lib\site-packages\streamlit\watcher\local_sources_watcher.py", line 317, in <lambda>
    if hasattr(m, "__path__")
       ^^^^^^^^^^^^^^^^^^^^^^
  File "C:\Users\Vignesh.Selvaraju\AppData\Local\Programs\Python\Python312\Lib\site-packages\transformers\__init__.py", line 862, in _getattr
    return getattr(importlib.import_module(target, __name__), name)
                   ^^^^^^^^^^^^^^^^^^^^^^^^^^^^^^^^^^^^^^^^^
  File "C:\Users\Vignesh.Selvaraju\AppData\Local\Programs\Python\Python312\Lib\importlib\__init__.py", line 90, in import_module
    return _bootstrap._gcd_import(name[level:], package, level)
           ^^^^^^^^^^^^^^^^^^^^^^^^^^^^^^^^^^^^^^^^^^^^^^^^^^^^
  File "<frozen importlib._bootstrap>", line 1387, in _gcd_import
  File "<frozen importlib._bootstrap>", line 1360, in _find_and_load
  File "<frozen importlib._bootstrap>", line 1331, in _find_and_load_unlocked
  File "<frozen importlib._bootstrap>", line 935, in _load_unlocked
  File "<frozen importlib._bootstrap_external>", line 999, in exec_module
  File "<frozen importlib._bootstrap>", line 488, in _call_with_frames_removed
  File "C:\Users\Vignesh.Selvaraju\AppData\Local\Programs\Python\Python312\Lib\site-packages\transformers\models\mobilevit\image_processing_mobilevit.py", line 19, in <module>
    from torchvision.transforms.v2 import functional as tvF
ModuleNotFoundError: No module named 'torchvision'
2026-10-01 16:23:01.582 Examining the path of transformers.models.muse_glimmer.image_processing_muse_glimmer_fast raised:
Traceback (most recent call last):
  File "C:\Users\Vignesh.Selvaraju\AppData\Local\Programs\Python\Python312\Lib\site-packages\streamlit\watcher\local_sources_watcher.py", line 330, in get_module_paths
    potential_paths = extract_paths(module)
                      ^^^^^^^^^^^^^^^^^^^^^
  File "C:\Users\Vignesh.Selvaraju\AppData\Local\Programs\Python\Python312\Lib\site-packages\streamlit\watcher\local_sources_watcher.py", line 317, in <lambda>
    if hasattr(m, "__path__")
       ^^^^^^^^^^^^^^^^^^^^^^
  File "C:\Users\Vignesh.Selvaraju\AppData\Local\Programs\Python\Python312\Lib\site-packages\transformers\__init__.py", line 862, in _getattr
    return getattr(importlib.import_module(target, __name__), name)
                   ^^^^^^^^^^^^^^^^^^^^^^^^^^^^^^^^^^^^^^^^^
  File "C:\Users\Vignesh.Selvaraju\AppData\Local\Programs\Python\Python312\Lib\importlib\__init__.py", line 90, in import_module
    return _bootstrap._gcd_import(name[level:], package, level)
           ^^^^^^^^^^^^^^^^^^^^^^^^^^^^^^^^^^^^^^^^^^^^^^^^^^^^
  File "<frozen importlib._bootstrap>", line 1387, in _gcd_import
  File "<frozen importlib._bootstrap>", line 1360, in _find_and_load
  File "<frozen importlib._bootstrap>", line 1331, in _find_and_load_unlocked
  File "<frozen importlib._bootstrap>", line 935, in _load_unlocked
  File "<frozen importlib._bootstrap_external>", line 999, in exec_module
  File "<frozen importlib._bootstrap>", line 488, in _call_with_frames_removed
  File "C:\Users\Vignesh.Selvaraju\AppData\Local\Programs\Python\Python312\Lib\site-packages\transformers\models\muse_glimmer\image_processing_muse_glimmer.py", line 25, in <module>
    from torchvision.transforms.v2 import functional as tvF
ModuleNotFoundError: No module named 'torchvision'
2026-10-01 16:23:01.594 Examining the path of transformers.models.nougat.image_processing_nougat_fast raised:
Traceback (most recent call last):
  File "C:\Users\Vignesh.Selvaraju\AppData\Local\Programs\Python\Python312\Lib\site-packages\streamlit\watcher\local_sources_watcher.py", line 330, in get_module_paths
    potential_paths = extract_paths(module)
                      ^^^^^^^^^^^^^^^^^^^^^
  File "C:\Users\Vignesh.Selvaraju\AppData\Local\Programs\Python\Python312\Lib\site-packages\streamlit\watcher\local_sources_watcher.py", line 317, in <lambda>
    if hasattr(m, "__path__")
       ^^^^^^^^^^^^^^^^^^^^^^
  File "C:\Users\Vignesh.Selvaraju\AppData\Local\Programs\Python\Python312\Lib\site-packages\transformers\__init__.py", line 862, in _getattr
    return getattr(importlib.import_module(target, __name__), name)
                   ^^^^^^^^^^^^^^^^^^^^^^^^^^^^^^^^^^^^^^^^^
  File "C:\Users\Vignesh.Selvaraju\AppData\Local\Programs\Python\Python312\Lib\importlib\__init__.py", line 90, in import_module
    return _bootstrap._gcd_import(name[level:], package, level)
           ^^^^^^^^^^^^^^^^^^^^^^^^^^^^^^^^^^^^^^^^^^^^^^^^^^^^
  File "<frozen importlib._bootstrap>", line 1387, in _gcd_import
  File "<frozen importlib._bootstrap>", line 1360, in _find_and_load
  File "<frozen importlib._bootstrap>", line 1331, in _find_and_load_unlocked
  File "<frozen importlib._bootstrap>", line 935, in _load_unlocked
  File "<frozen importlib._bootstrap_external>", line 999, in exec_module
  File "<frozen importlib._bootstrap>", line 488, in _call_with_frames_removed
  File "C:\Users\Vignesh.Selvaraju\AppData\Local\Programs\Python\Python312\Lib\site-packages\transformers\models\nougat\image_processing_nougat.py", line 17, in <module>
    from torchvision.transforms.v2 import functional as tvF
ModuleNotFoundError: No module named 'torchvision'
2026-10-01 16:23:01.622 Examining the path of transformers.models.oneformer.image_processing_oneformer_fast raised:
Traceback (most recent call last):
  File "C:\Users\Vignesh.Selvaraju\AppData\Local\Programs\Python\Python312\Lib\site-packages\streamlit\watcher\local_sources_watcher.py", line 330, in get_module_paths
    potential_paths = extract_paths(module)
                      ^^^^^^^^^^^^^^^^^^^^^
  File "C:\Users\Vignesh.Selvaraju\AppData\Local\Programs\Python\Python312\Lib\site-packages\streamlit\watcher\local_sources_watcher.py", line 317, in <lambda>
    if hasattr(m, "__path__")
       ^^^^^^^^^^^^^^^^^^^^^^
  File "C:\Users\Vignesh.Selvaraju\AppData\Local\Programs\Python\Python312\Lib\site-packages\transformers\__init__.py", line 862, in _getattr
    return getattr(importlib.import_module(target, __name__), name)
                   ^^^^^^^^^^^^^^^^^^^^^^^^^^^^^^^^^^^^^^^^^
  File "C:\Users\Vignesh.Selvaraju\AppData\Local\Programs\Python\Python312\Lib\importlib\__init__.py", line 90, in import_module
    return _bootstrap._gcd_import(name[level:], package, level)
           ^^^^^^^^^^^^^^^^^^^^^^^^^^^^^^^^^^^^^^^^^^^^^^^^^^^^
  File "<frozen importlib._bootstrap>", line 1387, in _gcd_import
  File "<frozen importlib._bootstrap>", line 1360, in _find_and_load
  File "<frozen importlib._bootstrap>", line 1331, in _find_and_load_unlocked
  File "<frozen importlib._bootstrap>", line 935, in _load_unlocked
  File "<frozen importlib._bootstrap_external>", line 999, in exec_module
  File "<frozen importlib._bootstrap>", line 488, in _call_with_frames_removed
  File "C:\Users\Vignesh.Selvaraju\AppData\Local\Programs\Python\Python312\Lib\site-packages\transformers\models\oneformer\image_processing_oneformer.py", line 23, in <module>
    from torchvision.transforms.v2 import functional as tvF
ModuleNotFoundError: No module named 'torchvision'
2026-10-01 16:23:01.649 Examining the path of transformers.models.ovis2.image_processing_ovis2_fast raised:
Traceback (most recent call last):
  File "C:\Users\Vignesh.Selvaraju\AppData\Local\Programs\Python\Python312\Lib\site-packages\streamlit\watcher\local_sources_watcher.py", line 330, in get_module_paths
    potential_paths = extract_paths(module)
                      ^^^^^^^^^^^^^^^^^^^^^
  File "C:\Users\Vignesh.Selvaraju\AppData\Local\Programs\Python\Python312\Lib\site-packages\streamlit\watcher\local_sources_watcher.py", line 317, in <lambda>
    if hasattr(m, "__path__")
       ^^^^^^^^^^^^^^^^^^^^^^
  File "C:\Users\Vignesh.Selvaraju\AppData\Local\Programs\Python\Python312\Lib\site-packages\transformers\__init__.py", line 862, in _getattr
    return getattr(importlib.import_module(target, __name__), name)
                   ^^^^^^^^^^^^^^^^^^^^^^^^^^^^^^^^^^^^^^^^^
  File "C:\Users\Vignesh.Selvaraju\AppData\Local\Programs\Python\Python312\Lib\importlib\__init__.py", line 90, in import_module
    return _bootstrap._gcd_import(name[level:], package, level)
           ^^^^^^^^^^^^^^^^^^^^^^^^^^^^^^^^^^^^^^^^^^^^^^^^^^^^
  File "<frozen importlib._bootstrap>", line 1387, in _gcd_import
  File "<frozen importlib._bootstrap>", line 1360, in _find_and_load
  File "<frozen importlib._bootstrap>", line 1331, in _find_and_load_unlocked
  File "<frozen importlib._bootstrap>", line 935, in _load_unlocked
  File "<frozen importlib._bootstrap_external>", line 999, in exec_module
  File "<frozen importlib._bootstrap>", line 488, in _call_with_frames_removed
  File "C:\Users\Vignesh.Selvaraju\AppData\Local\Programs\Python\Python312\Lib\site-packages\transformers\models\ovis2\image_processing_ovis2.py", line 19, in <module>
    from torchvision.transforms.v2 import functional as tvF
ModuleNotFoundError: No module named 'torchvision'
2026-10-01 16:23:01.690 Examining the path of transformers.models.owlv2.image_processing_owlv2_fast raised:
Traceback (most recent call last):
  File "C:\Users\Vignesh.Selvaraju\AppData\Local\Programs\Python\Python312\Lib\site-packages\streamlit\watcher\local_sources_watcher.py", line 330, in get_module_paths
    potential_paths = extract_paths(module)
                      ^^^^^^^^^^^^^^^^^^^^^
  File "C:\Users\Vignesh.Selvaraju\AppData\Local\Programs\Python\Python312\Lib\site-packages\streamlit\watcher\local_sources_watcher.py", line 317, in <lambda>
    if hasattr(m, "__path__")
       ^^^^^^^^^^^^^^^^^^^^^^
  File "C:\Users\Vignesh.Selvaraju\AppData\Local\Programs\Python\Python312\Lib\site-packages\transformers\__init__.py", line 862, in _getattr
    return getattr(importlib.import_module(target, __name__), name)
                   ^^^^^^^^^^^^^^^^^^^^^^^^^^^^^^^^^^^^^^^^^
  File "C:\Users\Vignesh.Selvaraju\AppData\Local\Programs\Python\Python312\Lib\importlib\__init__.py", line 90, in import_module
    return _bootstrap._gcd_import(name[level:], package, level)
           ^^^^^^^^^^^^^^^^^^^^^^^^^^^^^^^^^^^^^^^^^^^^^^^^^^^^
  File "<frozen importlib._bootstrap>", line 1387, in _gcd_import
  File "<frozen importlib._bootstrap>", line 1360, in _find_and_load
  File "<frozen importlib._bootstrap>", line 1331, in _find_and_load_unlocked
  File "<frozen importlib._bootstrap>", line 935, in _load_unlocked
  File "<frozen importlib._bootstrap_external>", line 999, in exec_module
  File "<frozen importlib._bootstrap>", line 488, in _call_with_frames_removed
  File "C:\Users\Vignesh.Selvaraju\AppData\Local\Programs\Python\Python312\Lib\site-packages\transformers\models\owlv2\image_processing_owlv2.py", line 25, in <module>
    import torchvision.transforms.v2.functional as tvF
ModuleNotFoundError: No module named 'torchvision'
2026-10-01 16:23:01.720 Examining the path of transformers.models.paddleocr_vl.image_processing_paddleocr_vl_fast raised:
Traceback (most recent call last):
  File "C:\Users\Vignesh.Selvaraju\AppData\Local\Programs\Python\Python312\Lib\site-packages\streamlit\watcher\local_sources_watcher.py", line 330, in get_module_paths
    potential_paths = extract_paths(module)
                      ^^^^^^^^^^^^^^^^^^^^^
  File "C:\Users\Vignesh.Selvaraju\AppData\Local\Programs\Python\Python312\Lib\site-packages\streamlit\watcher\local_sources_watcher.py", line 317, in <lambda>
    if hasattr(m, "__path__")
       ^^^^^^^^^^^^^^^^^^^^^^
  File "C:\Users\Vignesh.Selvaraju\AppData\Local\Programs\Python\Python312\Lib\site-packages\transformers\__init__.py", line 862, in _getattr
    return getattr(importlib.import_module(target, __name__), name)
                   ^^^^^^^^^^^^^^^^^^^^^^^^^^^^^^^^^^^^^^^^^
  File "C:\Users\Vignesh.Selvaraju\AppData\Local\Programs\Python\Python312\Lib\importlib\__init__.py", line 90, in import_module
    return _bootstrap._gcd_import(name[level:], package, level)
           ^^^^^^^^^^^^^^^^^^^^^^^^^^^^^^^^^^^^^^^^^^^^^^^^^^^^
  File "<frozen importlib._bootstrap>", line 1387, in _gcd_import
  File "<frozen importlib._bootstrap>", line 1360, in _find_and_load
  File "<frozen importlib._bootstrap>", line 1331, in _find_and_load_unlocked
  File "<frozen importlib._bootstrap>", line 935, in _load_unlocked
  File "<frozen importlib._bootstrap_external>", line 999, in exec_module
  File "<frozen importlib._bootstrap>", line 488, in _call_with_frames_removed
  File "C:\Users\Vignesh.Selvaraju\AppData\Local\Programs\Python\Python312\Lib\site-packages\transformers\models\paddleocr_vl\image_processing_paddleocr_vl.py", line 30, in <module>
    from torchvision.transforms.v2 import functional as tvF
ModuleNotFoundError: No module named 'torchvision'
2026-10-01 16:23:01.746 Examining the path of transformers.models.perceiver.image_processing_perceiver_fast raised:
Traceback (most recent call last):
  File "C:\Users\Vignesh.Selvaraju\AppData\Local\Programs\Python\Python312\Lib\site-packages\streamlit\watcher\local_sources_watcher.py", line 330, in get_module_paths
    potential_paths = extract_paths(module)
                      ^^^^^^^^^^^^^^^^^^^^^
  File "C:\Users\Vignesh.Selvaraju\AppData\Local\Programs\Python\Python312\Lib\site-packages\streamlit\watcher\local_sources_watcher.py", line 317, in <lambda>
    if hasattr(m, "__path__")
       ^^^^^^^^^^^^^^^^^^^^^^
  File "C:\Users\Vignesh.Selvaraju\AppData\Local\Programs\Python\Python312\Lib\site-packages\transformers\__init__.py", line 862, in _getattr
    return getattr(importlib.import_module(target, __name__), name)
                   ^^^^^^^^^^^^^^^^^^^^^^^^^^^^^^^^^^^^^^^^^
  File "C:\Users\Vignesh.Selvaraju\AppData\Local\Programs\Python\Python312\Lib\importlib\__init__.py", line 90, in import_module
    return _bootstrap._gcd_import(name[level:], package, level)
           ^^^^^^^^^^^^^^^^^^^^^^^^^^^^^^^^^^^^^^^^^^^^^^^^^^^^
  File "<frozen importlib._bootstrap>", line 1387, in _gcd_import
  File "<frozen importlib._bootstrap>", line 1360, in _find_and_load
  File "<frozen importlib._bootstrap>", line 1331, in _find_and_load_unlocked
  File "<frozen importlib._bootstrap>", line 935, in _load_unlocked
  File "<frozen importlib._bootstrap_external>", line 999, in exec_module
  File "<frozen importlib._bootstrap>", line 488, in _call_with_frames_removed
  File "C:\Users\Vignesh.Selvaraju\AppData\Local\Programs\Python\Python312\Lib\site-packages\transformers\models\perceiver\image_processing_perceiver.py", line 17, in <module>
    from torchvision.transforms.v2 import functional as tvF
ModuleNotFoundError: No module named 'torchvision'
2026-10-01 16:23:01.759 Examining the path of transformers.models.perception_lm.image_processing_perception_lm_fast raised:
Traceback (most recent call last):
  File "C:\Users\Vignesh.Selvaraju\AppData\Local\Programs\Python\Python312\Lib\site-packages\streamlit\watcher\local_sources_watcher.py", line 330, in get_module_paths
    potential_paths = extract_paths(module)
                      ^^^^^^^^^^^^^^^^^^^^^
  File "C:\Users\Vignesh.Selvaraju\AppData\Local\Programs\Python\Python312\Lib\site-packages\streamlit\watcher\local_sources_watcher.py", line 317, in <lambda>
    if hasattr(m, "__path__")
       ^^^^^^^^^^^^^^^^^^^^^^
  File "C:\Users\Vignesh.Selvaraju\AppData\Local\Programs\Python\Python312\Lib\site-packages\transformers\__init__.py", line 862, in _getattr
    return getattr(importlib.import_module(target, __name__), name)
                   ^^^^^^^^^^^^^^^^^^^^^^^^^^^^^^^^^^^^^^^^^
  File "C:\Users\Vignesh.Selvaraju\AppData\Local\Programs\Python\Python312\Lib\importlib\__init__.py", line 90, in import_module
    return _bootstrap._gcd_import(name[level:], package, level)
           ^^^^^^^^^^^^^^^^^^^^^^^^^^^^^^^^^^^^^^^^^^^^^^^^^^^^
  File "<frozen importlib._bootstrap>", line 1387, in _gcd_import
  File "<frozen importlib._bootstrap>", line 1360, in _find_and_load
  File "<frozen importlib._bootstrap>", line 1331, in _find_and_load_unlocked
  File "<frozen importlib._bootstrap>", line 935, in _load_unlocked
  File "<frozen importlib._bootstrap_external>", line 999, in exec_module
  File "<frozen importlib._bootstrap>", line 488, in _call_with_frames_removed
  File "C:\Users\Vignesh.Selvaraju\AppData\Local\Programs\Python\Python312\Lib\site-packages\transformers\models\perception_lm\image_processing_perception_lm.py", line 19, in <module>
    from torchvision.transforms.v2 import functional as tvF
ModuleNotFoundError: No module named 'torchvision'
2026-10-01 16:23:01.771 Examining the path of transformers.models.phi4_multimodal.image_processing_phi4_multimodal_fast raised:
Traceback (most recent call last):
  File "C:\Users\Vignesh.Selvaraju\AppData\Local\Programs\Python\Python312\Lib\site-packages\streamlit\watcher\local_sources_watcher.py", line 330, in get_module_paths
    potential_paths = extract_paths(module)
                      ^^^^^^^^^^^^^^^^^^^^^
  File "C:\Users\Vignesh.Selvaraju\AppData\Local\Programs\Python\Python312\Lib\site-packages\streamlit\watcher\local_sources_watcher.py", line 317, in <lambda>
    if hasattr(m, "__path__")
       ^^^^^^^^^^^^^^^^^^^^^^
  File "C:\Users\Vignesh.Selvaraju\AppData\Local\Programs\Python\Python312\Lib\site-packages\transformers\__init__.py", line 862, in _getattr
    return getattr(importlib.import_module(target, __name__), name)
                   ^^^^^^^^^^^^^^^^^^^^^^^^^^^^^^^^^^^^^^^^^
  File "C:\Users\Vignesh.Selvaraju\AppData\Local\Programs\Python\Python312\Lib\importlib\__init__.py", line 90, in import_module
    return _bootstrap._gcd_import(name[level:], package, level)
           ^^^^^^^^^^^^^^^^^^^^^^^^^^^^^^^^^^^^^^^^^^^^^^^^^^^^
  File "<frozen importlib._bootstrap>", line 1387, in _gcd_import
  File "<frozen importlib._bootstrap>", line 1360, in _find_and_load
  File "<frozen importlib._bootstrap>", line 1331, in _find_and_load_unlocked
  File "<frozen importlib._bootstrap>", line 935, in _load_unlocked
  File "<frozen importlib._bootstrap_external>", line 999, in exec_module
  File "<frozen importlib._bootstrap>", line 488, in _call_with_frames_removed
  File "C:\Users\Vignesh.Selvaraju\AppData\Local\Programs\Python\Python312\Lib\site-packages\transformers\models\phi4_multimodal\image_processing_phi4_multimodal.py", line 19, in <module>
    from torchvision.transforms.v2 import functional as tvF
ModuleNotFoundError: No module named 'torchvision'
2026-10-01 16:23:01.821 Examining the path of transformers.models.pix2struct.image_processing_pix2struct_fast raised:
Traceback (most recent call last):
  File "C:\Users\Vignesh.Selvaraju\AppData\Local\Programs\Python\Python312\Lib\site-packages\streamlit\watcher\local_sources_watcher.py", line 330, in get_module_paths
    potential_paths = extract_paths(module)
                      ^^^^^^^^^^^^^^^^^^^^^
  File "C:\Users\Vignesh.Selvaraju\AppData\Local\Programs\Python\Python312\Lib\site-packages\streamlit\watcher\local_sources_watcher.py", line 317, in <lambda>
    if hasattr(m, "__path__")
       ^^^^^^^^^^^^^^^^^^^^^^
  File "C:\Users\Vignesh.Selvaraju\AppData\Local\Programs\Python\Python312\Lib\site-packages\transformers\__init__.py", line 862, in _getattr
    return getattr(importlib.import_module(target, __name__), name)
                   ^^^^^^^^^^^^^^^^^^^^^^^^^^^^^^^^^^^^^^^^^
  File "C:\Users\Vignesh.Selvaraju\AppData\Local\Programs\Python\Python312\Lib\importlib\__init__.py", line 90, in import_module
    return _bootstrap._gcd_import(name[level:], package, level)
           ^^^^^^^^^^^^^^^^^^^^^^^^^^^^^^^^^^^^^^^^^^^^^^^^^^^^
  File "<frozen importlib._bootstrap>", line 1387, in _gcd_import
  File "<frozen importlib._bootstrap>", line 1360, in _find_and_load
  File "<frozen importlib._bootstrap>", line 1331, in _find_and_load_unlocked
  File "<frozen importlib._bootstrap>", line 935, in _load_unlocked
  File "<frozen importlib._bootstrap_external>", line 999, in exec_module
  File "<frozen importlib._bootstrap>", line 488, in _call_with_frames_removed
  File "C:\Users\Vignesh.Selvaraju\AppData\Local\Programs\Python\Python312\Lib\site-packages\transformers\models\pix2struct\image_processing_pix2struct.py", line 21, in <module>
    import torchvision.transforms.v2.functional as tvF
ModuleNotFoundError: No module named 'torchvision'
2026-10-01 16:23:01.843 Examining the path of transformers.models.pixtral.image_processing_pixtral_fast raised:
Traceback (most recent call last):
  File "C:\Users\Vignesh.Selvaraju\AppData\Local\Programs\Python\Python312\Lib\site-packages\streamlit\watcher\local_sources_watcher.py", line 330, in get_module_paths
    potential_paths = extract_paths(module)
                      ^^^^^^^^^^^^^^^^^^^^^
  File "C:\Users\Vignesh.Selvaraju\AppData\Local\Programs\Python\Python312\Lib\site-packages\streamlit\watcher\local_sources_watcher.py", line 317, in <lambda>
    if hasattr(m, "__path__")
       ^^^^^^^^^^^^^^^^^^^^^^
  File "C:\Users\Vignesh.Selvaraju\AppData\Local\Programs\Python\Python312\Lib\site-packages\transformers\__init__.py", line 862, in _getattr
    return getattr(importlib.import_module(target, __name__), name)
                   ^^^^^^^^^^^^^^^^^^^^^^^^^^^^^^^^^^^^^^^^^
  File "C:\Users\Vignesh.Selvaraju\AppData\Local\Programs\Python\Python312\Lib\importlib\__init__.py", line 90, in import_module
    return _bootstrap._gcd_import(name[level:], package, level)
           ^^^^^^^^^^^^^^^^^^^^^^^^^^^^^^^^^^^^^^^^^^^^^^^^^^^^
  File "<frozen importlib._bootstrap>", line 1387, in _gcd_import
  File "<frozen importlib._bootstrap>", line 1360, in _find_and_load
  File "<frozen importlib._bootstrap>", line 1331, in _find_and_load_unlocked
  File "<frozen importlib._bootstrap>", line 935, in _load_unlocked
  File "<frozen importlib._bootstrap_external>", line 999, in exec_module
  File "<frozen importlib._bootstrap>", line 488, in _call_with_frames_removed
  File "C:\Users\Vignesh.Selvaraju\AppData\Local\Programs\Python\Python312\Lib\site-packages\transformers\models\pixtral\image_processing_pixtral.py", line 19, in <module>
    from torchvision.transforms.v2 import functional as tvF
ModuleNotFoundError: No module named 'torchvision'
2026-10-01 16:23:01.857 Examining the path of transformers.models.poolformer.image_processing_poolformer_fast raised:
Traceback (most recent call last):
  File "C:\Users\Vignesh.Selvaraju\AppData\Local\Programs\Python\Python312\Lib\site-packages\streamlit\watcher\local_sources_watcher.py", line 330, in get_module_paths
    potential_paths = extract_paths(module)
                      ^^^^^^^^^^^^^^^^^^^^^
  File "C:\Users\Vignesh.Selvaraju\AppData\Local\Programs\Python\Python312\Lib\site-packages\streamlit\watcher\local_sources_watcher.py", line 317, in <lambda>
    if hasattr(m, "__path__")
       ^^^^^^^^^^^^^^^^^^^^^^
  File "C:\Users\Vignesh.Selvaraju\AppData\Local\Programs\Python\Python312\Lib\site-packages\transformers\__init__.py", line 862, in _getattr
    return getattr(importlib.import_module(target, __name__), name)
                   ^^^^^^^^^^^^^^^^^^^^^^^^^^^^^^^^^^^^^^^^^
  File "C:\Users\Vignesh.Selvaraju\AppData\Local\Programs\Python\Python312\Lib\importlib\__init__.py", line 90, in import_module
    return _bootstrap._gcd_import(name[level:], package, level)
           ^^^^^^^^^^^^^^^^^^^^^^^^^^^^^^^^^^^^^^^^^^^^^^^^^^^^
  File "<frozen importlib._bootstrap>", line 1387, in _gcd_import
  File "<frozen importlib._bootstrap>", line 1360, in _find_and_load
  File "<frozen importlib._bootstrap>", line 1331, in _find_and_load_unlocked
  File "<frozen importlib._bootstrap>", line 935, in _load_unlocked
  File "<frozen importlib._bootstrap_external>", line 999, in exec_module
  File "<frozen importlib._bootstrap>", line 488, in _call_with_frames_removed
  File "C:\Users\Vignesh.Selvaraju\AppData\Local\Programs\Python\Python312\Lib\site-packages\transformers\models\poolformer\image_processing_poolformer.py", line 17, in <module>
    from torchvision.transforms.v2 import functional as tvF
ModuleNotFoundError: No module named 'torchvision'
2026-10-01 16:23:01.883 Examining the path of transformers.models.pp_doclayout_v2.image_processing_pp_doclayout_v2_fast raised:
Traceback (most recent call last):
  File "C:\Users\Vignesh.Selvaraju\AppData\Local\Programs\Python\Python312\Lib\site-packages\streamlit\watcher\local_sources_watcher.py", line 330, in get_module_paths
    potential_paths = extract_paths(module)
                      ^^^^^^^^^^^^^^^^^^^^^
  File "C:\Users\Vignesh.Selvaraju\AppData\Local\Programs\Python\Python312\Lib\site-packages\streamlit\watcher\local_sources_watcher.py", line 317, in <lambda>
    if hasattr(m, "__path__")
       ^^^^^^^^^^^^^^^^^^^^^^
  File "C:\Users\Vignesh.Selvaraju\AppData\Local\Programs\Python\Python312\Lib\site-packages\transformers\__init__.py", line 862, in _getattr
    return getattr(importlib.import_module(target, __name__), name)
                   ^^^^^^^^^^^^^^^^^^^^^^^^^^^^^^^^^^^^^^^^^
  File "C:\Users\Vignesh.Selvaraju\AppData\Local\Programs\Python\Python312\Lib\importlib\__init__.py", line 90, in import_module
    return _bootstrap._gcd_import(name[level:], package, level)
           ^^^^^^^^^^^^^^^^^^^^^^^^^^^^^^^^^^^^^^^^^^^^^^^^^^^^
  File "<frozen importlib._bootstrap>", line 1387, in _gcd_import
  File "<frozen importlib._bootstrap>", line 1360, in _find_and_load
  File "<frozen importlib._bootstrap>", line 1331, in _find_and_load_unlocked
  File "<frozen importlib._bootstrap>", line 935, in _load_unlocked
  File "<frozen importlib._bootstrap_external>", line 999, in exec_module
  File "<frozen importlib._bootstrap>", line 488, in _call_with_frames_removed
  File "C:\Users\Vignesh.Selvaraju\AppData\Local\Programs\Python\Python312\Lib\site-packages\transformers\models\pp_doclayout_v2\image_processing_pp_doclayout_v2.py", line 23, in <module>
    from torchvision.transforms.v2 import functional as tvF
ModuleNotFoundError: No module named 'torchvision'
2026-10-01 16:23:01.896 Examining the path of transformers.models.pp_doclayout_v3.image_processing_pp_doclayout_v3_fast raised:
Traceback (most recent call last):
  File "C:\Users\Vignesh.Selvaraju\AppData\Local\Programs\Python\Python312\Lib\site-packages\streamlit\watcher\local_sources_watcher.py", line 330, in get_module_paths
    potential_paths = extract_paths(module)
                      ^^^^^^^^^^^^^^^^^^^^^
  File "C:\Users\Vignesh.Selvaraju\AppData\Local\Programs\Python\Python312\Lib\site-packages\streamlit\watcher\local_sources_watcher.py", line 317, in <lambda>
    if hasattr(m, "__path__")
       ^^^^^^^^^^^^^^^^^^^^^^
  File "C:\Users\Vignesh.Selvaraju\AppData\Local\Programs\Python\Python312\Lib\site-packages\transformers\__init__.py", line 862, in _getattr
    return getattr(importlib.import_module(target, __name__), name)
                   ^^^^^^^^^^^^^^^^^^^^^^^^^^^^^^^^^^^^^^^^^
  File "C:\Users\Vignesh.Selvaraju\AppData\Local\Programs\Python\Python312\Lib\importlib\__init__.py", line 90, in import_module
    return _bootstrap._gcd_import(name[level:], package, level)
           ^^^^^^^^^^^^^^^^^^^^^^^^^^^^^^^^^^^^^^^^^^^^^^^^^^^^
  File "<frozen importlib._bootstrap>", line 1387, in _gcd_import
  File "<frozen importlib._bootstrap>", line 1360, in _find_and_load
  File "<frozen importlib._bootstrap>", line 1331, in _find_and_load_unlocked
  File "<frozen importlib._bootstrap>", line 935, in _load_unlocked
  File "<frozen importlib._bootstrap_external>", line 999, in exec_module
  File "<frozen importlib._bootstrap>", line 488, in _call_with_frames_removed
  File "C:\Users\Vignesh.Selvaraju\AppData\Local\Programs\Python\Python312\Lib\site-packages\transformers\models\pp_doclayout_v3\image_processing_pp_doclayout_v3.py", line 24, in <module>
    from torchvision.transforms.v2 import functional as tvF
ModuleNotFoundError: No module named 'torchvision'
2026-10-01 16:23:01.911 Examining the path of transformers.models.pp_formulanet.image_processing_pp_formulanet_fast raised:
Traceback (most recent call last):
  File "C:\Users\Vignesh.Selvaraju\AppData\Local\Programs\Python\Python312\Lib\site-packages\streamlit\watcher\local_sources_watcher.py", line 330, in get_module_paths
    potential_paths = extract_paths(module)
                      ^^^^^^^^^^^^^^^^^^^^^
  File "C:\Users\Vignesh.Selvaraju\AppData\Local\Programs\Python\Python312\Lib\site-packages\streamlit\watcher\local_sources_watcher.py", line 317, in <lambda>
    if hasattr(m, "__path__")
       ^^^^^^^^^^^^^^^^^^^^^^
  File "C:\Users\Vignesh.Selvaraju\AppData\Local\Programs\Python\Python312\Lib\site-packages\transformers\__init__.py", line 862, in _getattr
    return getattr(importlib.import_module(target, __name__), name)
                   ^^^^^^^^^^^^^^^^^^^^^^^^^^^^^^^^^^^^^^^^^
  File "C:\Users\Vignesh.Selvaraju\AppData\Local\Programs\Python\Python312\Lib\importlib\__init__.py", line 90, in import_module
    return _bootstrap._gcd_import(name[level:], package, level)
           ^^^^^^^^^^^^^^^^^^^^^^^^^^^^^^^^^^^^^^^^^^^^^^^^^^^^
  File "<frozen importlib._bootstrap>", line 1387, in _gcd_import
  File "<frozen importlib._bootstrap>", line 1360, in _find_and_load
  File "<frozen importlib._bootstrap>", line 1331, in _find_and_load_unlocked
  File "<frozen importlib._bootstrap>", line 935, in _load_unlocked
  File "<frozen importlib._bootstrap_external>", line 999, in exec_module
  File "<frozen importlib._bootstrap>", line 488, in _call_with_frames_removed
  File "C:\Users\Vignesh.Selvaraju\AppData\Local\Programs\Python\Python312\Lib\site-packages\transformers\models\pp_formulanet\image_processing_pp_formulanet.py", line 23, in <module>
    from torchvision.transforms.v2 import functional as tvF
ModuleNotFoundError: No module named 'torchvision'
2026-10-01 16:23:01.921 Examining the path of transformers.models.pp_lcnet.image_processing_pp_lcnet_fast raised:
Traceback (most recent call last):
  File "C:\Users\Vignesh.Selvaraju\AppData\Local\Programs\Python\Python312\Lib\site-packages\streamlit\watcher\local_sources_watcher.py", line 330, in get_module_paths
    potential_paths = extract_paths(module)
                      ^^^^^^^^^^^^^^^^^^^^^
  File "C:\Users\Vignesh.Selvaraju\AppData\Local\Programs\Python\Python312\Lib\site-packages\streamlit\watcher\local_sources_watcher.py", line 317, in <lambda>
    if hasattr(m, "__path__")
       ^^^^^^^^^^^^^^^^^^^^^^
  File "C:\Users\Vignesh.Selvaraju\AppData\Local\Programs\Python\Python312\Lib\site-packages\transformers\__init__.py", line 862, in _getattr
    return getattr(importlib.import_module(target, __name__), name)
                   ^^^^^^^^^^^^^^^^^^^^^^^^^^^^^^^^^^^^^^^^^
  File "C:\Users\Vignesh.Selvaraju\AppData\Local\Programs\Python\Python312\Lib\importlib\__init__.py", line 90, in import_module
    return _bootstrap._gcd_import(name[level:], package, level)
           ^^^^^^^^^^^^^^^^^^^^^^^^^^^^^^^^^^^^^^^^^^^^^^^^^^^^
  File "<frozen importlib._bootstrap>", line 1387, in _gcd_import
  File "<frozen importlib._bootstrap>", line 1360, in _find_and_load
  File "<frozen importlib._bootstrap>", line 1331, in _find_and_load_unlocked
  File "<frozen importlib._bootstrap>", line 935, in _load_unlocked
  File "<frozen importlib._bootstrap_external>", line 999, in exec_module
  File "<frozen importlib._bootstrap>", line 488, in _call_with_frames_removed
  File "C:\Users\Vignesh.Selvaraju\AppData\Local\Programs\Python\Python312\Lib\site-packages\transformers\models\pp_lcnet\image_processing_pp_lcnet.py", line 24, in <module>
    import torchvision.transforms.v2.functional as tvF
ModuleNotFoundError: No module named 'torchvision'
2026-10-01 16:23:01.932 Examining the path of transformers.models.pp_ocrv5_server_det.image_processing_pp_ocrv5_server_det_fast raised:
Traceback (most recent call last):
  File "C:\Users\Vignesh.Selvaraju\AppData\Local\Programs\Python\Python312\Lib\site-packages\streamlit\watcher\local_sources_watcher.py", line 330, in get_module_paths
    potential_paths = extract_paths(module)
                      ^^^^^^^^^^^^^^^^^^^^^
  File "C:\Users\Vignesh.Selvaraju\AppData\Local\Programs\Python\Python312\Lib\site-packages\streamlit\watcher\local_sources_watcher.py", line 317, in <lambda>
    if hasattr(m, "__path__")
       ^^^^^^^^^^^^^^^^^^^^^^
  File "C:\Users\Vignesh.Selvaraju\AppData\Local\Programs\Python\Python312\Lib\site-packages\transformers\__init__.py", line 862, in _getattr
    return getattr(importlib.import_module(target, __name__), name)
                   ^^^^^^^^^^^^^^^^^^^^^^^^^^^^^^^^^^^^^^^^^
  File "C:\Users\Vignesh.Selvaraju\AppData\Local\Programs\Python\Python312\Lib\importlib\__init__.py", line 90, in import_module
    return _bootstrap._gcd_import(name[level:], package, level)
           ^^^^^^^^^^^^^^^^^^^^^^^^^^^^^^^^^^^^^^^^^^^^^^^^^^^^
  File "<frozen importlib._bootstrap>", line 1387, in _gcd_import
  File "<frozen importlib._bootstrap>", line 1360, in _find_and_load
  File "<frozen importlib._bootstrap>", line 1331, in _find_and_load_unlocked
  File "<frozen importlib._bootstrap>", line 935, in _load_unlocked
  File "<frozen importlib._bootstrap_external>", line 999, in exec_module
  File "<frozen importlib._bootstrap>", line 488, in _call_with_frames_removed
  File "C:\Users\Vignesh.Selvaraju\AppData\Local\Programs\Python\Python312\Lib\site-packages\transformers\models\pp_ocrv5_server_det\image_processing_pp_ocrv5_server_det.py", line 25, in <module>
    import torchvision.transforms.v2.functional as tvF
ModuleNotFoundError: No module named 'torchvision'
2026-10-01 16:23:01.943 Examining the path of transformers.models.pp_ocrv5_server_rec.image_processing_pp_ocrv5_server_rec_fast raised:
Traceback (most recent call last):
  File "C:\Users\Vignesh.Selvaraju\AppData\Local\Programs\Python\Python312\Lib\site-packages\streamlit\watcher\local_sources_watcher.py", line 330, in get_module_paths
    potential_paths = extract_paths(module)
                      ^^^^^^^^^^^^^^^^^^^^^
  File "C:\Users\Vignesh.Selvaraju\AppData\Local\Programs\Python\Python312\Lib\site-packages\streamlit\watcher\local_sources_watcher.py", line 317, in <lambda>
    if hasattr(m, "__path__")
       ^^^^^^^^^^^^^^^^^^^^^^
  File "C:\Users\Vignesh.Selvaraju\AppData\Local\Programs\Python\Python312\Lib\site-packages\transformers\__init__.py", line 862, in _getattr
    return getattr(importlib.import_module(target, __name__), name)
                   ^^^^^^^^^^^^^^^^^^^^^^^^^^^^^^^^^^^^^^^^^
  File "C:\Users\Vignesh.Selvaraju\AppData\Local\Programs\Python\Python312\Lib\importlib\__init__.py", line 90, in import_module
    return _bootstrap._gcd_import(name[level:], package, level)
           ^^^^^^^^^^^^^^^^^^^^^^^^^^^^^^^^^^^^^^^^^^^^^^^^^^^^
  File "<frozen importlib._bootstrap>", line 1387, in _gcd_import
  File "<frozen importlib._bootstrap>", line 1360, in _find_and_load
  File "<frozen importlib._bootstrap>", line 1331, in _find_and_load_unlocked
  File "<frozen importlib._bootstrap>", line 935, in _load_unlocked
  File "<frozen importlib._bootstrap_external>", line 999, in exec_module
  File "<frozen importlib._bootstrap>", line 488, in _call_with_frames_removed
  File "C:\Users\Vignesh.Selvaraju\AppData\Local\Programs\Python\Python312\Lib\site-packages\transformers\models\pp_ocrv5_server_rec\image_processing_pp_ocrv5_server_rec.py", line 24, in <module>
    import torchvision.transforms.v2.functional as tvF
ModuleNotFoundError: No module named 'torchvision'
2026-10-01 16:23:01.952 Examining the path of transformers.models.pp_ocrv6_small_rec.image_processing_pp_ocrv6_small_rec_fast raised:
Traceback (most recent call last):
  File "C:\Users\Vignesh.Selvaraju\AppData\Local\Programs\Python\Python312\Lib\site-packages\streamlit\watcher\local_sources_watcher.py", line 330, in get_module_paths
    potential_paths = extract_paths(module)
                      ^^^^^^^^^^^^^^^^^^^^^
  File "C:\Users\Vignesh.Selvaraju\AppData\Local\Programs\Python\Python312\Lib\site-packages\streamlit\watcher\local_sources_watcher.py", line 317, in <lambda>
    if hasattr(m, "__path__")
       ^^^^^^^^^^^^^^^^^^^^^^
  File "C:\Users\Vignesh.Selvaraju\AppData\Local\Programs\Python\Python312\Lib\site-packages\transformers\__init__.py", line 862, in _getattr
    return getattr(importlib.import_module(target, __name__), name)
                   ^^^^^^^^^^^^^^^^^^^^^^^^^^^^^^^^^^^^^^^^^
  File "C:\Users\Vignesh.Selvaraju\AppData\Local\Programs\Python\Python312\Lib\importlib\__init__.py", line 90, in import_module
    return _bootstrap._gcd_import(name[level:], package, level)
           ^^^^^^^^^^^^^^^^^^^^^^^^^^^^^^^^^^^^^^^^^^^^^^^^^^^^
  File "<frozen importlib._bootstrap>", line 1387, in _gcd_import
  File "<frozen importlib._bootstrap>", line 1360, in _find_and_load
  File "<frozen importlib._bootstrap>", line 1331, in _find_and_load_unlocked
  File "<frozen importlib._bootstrap>", line 935, in _load_unlocked
  File "<frozen importlib._bootstrap_external>", line 999, in exec_module
  File "<frozen importlib._bootstrap>", line 488, in _call_with_frames_removed
  File "C:\Users\Vignesh.Selvaraju\AppData\Local\Programs\Python\Python312\Lib\site-packages\transformers\models\pp_ocrv6_small_rec\image_processing_pp_ocrv6_small_rec.py", line 24, in <module>
    import torchvision.transforms.v2.functional as tvF
ModuleNotFoundError: No module named 'torchvision'
2026-10-01 16:23:01.984 Examining the path of transformers.models.prompt_depth_anything.image_processing_prompt_depth_anything_fast raised:
Traceback (most recent call last):
  File "C:\Users\Vignesh.Selvaraju\AppData\Local\Programs\Python\Python312\Lib\site-packages\streamlit\watcher\local_sources_watcher.py", line 330, in get_module_paths
    potential_paths = extract_paths(module)
                      ^^^^^^^^^^^^^^^^^^^^^
  File "C:\Users\Vignesh.Selvaraju\AppData\Local\Programs\Python\Python312\Lib\site-packages\streamlit\watcher\local_sources_watcher.py", line 317, in <lambda>
    if hasattr(m, "__path__")
       ^^^^^^^^^^^^^^^^^^^^^^
  File "C:\Users\Vignesh.Selvaraju\AppData\Local\Programs\Python\Python312\Lib\site-packages\transformers\__init__.py", line 862, in _getattr
    return getattr(importlib.import_module(target, __name__), name)
                   ^^^^^^^^^^^^^^^^^^^^^^^^^^^^^^^^^^^^^^^^^
  File "C:\Users\Vignesh.Selvaraju\AppData\Local\Programs\Python\Python312\Lib\importlib\__init__.py", line 90, in import_module
    return _bootstrap._gcd_import(name[level:], package, level)
           ^^^^^^^^^^^^^^^^^^^^^^^^^^^^^^^^^^^^^^^^^^^^^^^^^^^^
  File "<frozen importlib._bootstrap>", line 1387, in _gcd_import
  File "<frozen importlib._bootstrap>", line 1360, in _find_and_load
  File "<frozen importlib._bootstrap>", line 1331, in _find_and_load_unlocked
  File "<frozen importlib._bootstrap>", line 935, in _load_unlocked
  File "<frozen importlib._bootstrap_external>", line 999, in exec_module
  File "<frozen importlib._bootstrap>", line 488, in _call_with_frames_removed
  File "C:\Users\Vignesh.Selvaraju\AppData\Local\Programs\Python\Python312\Lib\site-packages\transformers\models\prompt_depth_anything\image_processing_prompt_depth_anything.py", line 42, in <module>
    from torchvision.transforms.v2 import functional as tvF
ModuleNotFoundError: No module named 'torchvision'
2026-10-01 16:23:02.055 Examining the path of transformers.models.qwen2_vl.image_processing_qwen2_vl_fast raised:
Traceback (most recent call last):
  File "C:\Users\Vignesh.Selvaraju\AppData\Local\Programs\Python\Python312\Lib\site-packages\streamlit\watcher\local_sources_watcher.py", line 330, in get_module_paths
    potential_paths = extract_paths(module)
                      ^^^^^^^^^^^^^^^^^^^^^
  File "C:\Users\Vignesh.Selvaraju\AppData\Local\Programs\Python\Python312\Lib\site-packages\streamlit\watcher\local_sources_watcher.py", line 317, in <lambda>
    if hasattr(m, "__path__")
       ^^^^^^^^^^^^^^^^^^^^^^
  File "C:\Users\Vignesh.Selvaraju\AppData\Local\Programs\Python\Python312\Lib\site-packages\transformers\__init__.py", line 862, in _getattr
    return getattr(importlib.import_module(target, __name__), name)
                   ^^^^^^^^^^^^^^^^^^^^^^^^^^^^^^^^^^^^^^^^^
  File "C:\Users\Vignesh.Selvaraju\AppData\Local\Programs\Python\Python312\Lib\importlib\__init__.py", line 90, in import_module
    return _bootstrap._gcd_import(name[level:], package, level)
           ^^^^^^^^^^^^^^^^^^^^^^^^^^^^^^^^^^^^^^^^^^^^^^^^^^^^
  File "<frozen importlib._bootstrap>", line 1387, in _gcd_import
  File "<frozen importlib._bootstrap>", line 1360, in _find_and_load
  File "<frozen importlib._bootstrap>", line 1331, in _find_and_load_unlocked
  File "<frozen importlib._bootstrap>", line 935, in _load_unlocked
  File "<frozen importlib._bootstrap_external>", line 999, in exec_module
  File "<frozen importlib._bootstrap>", line 488, in _call_with_frames_removed
  File "C:\Users\Vignesh.Selvaraju\AppData\Local\Programs\Python\Python312\Lib\site-packages\transformers\models\qwen2_vl\image_processing_qwen2_vl.py", line 25, in <module>
    from torchvision.transforms.v2 import functional as tvF
ModuleNotFoundError: No module named 'torchvision'
2026-10-01 16:23:02.111 Examining the path of transformers.models.rf_detr.image_processing_rf_detr_fast raised:
Traceback (most recent call last):
  File "C:\Users\Vignesh.Selvaraju\AppData\Local\Programs\Python\Python312\Lib\site-packages\streamlit\watcher\local_sources_watcher.py", line 330, in get_module_paths
    potential_paths = extract_paths(module)
                      ^^^^^^^^^^^^^^^^^^^^^
  File "C:\Users\Vignesh.Selvaraju\AppData\Local\Programs\Python\Python312\Lib\site-packages\streamlit\watcher\local_sources_watcher.py", line 317, in <lambda>
    if hasattr(m, "__path__")
       ^^^^^^^^^^^^^^^^^^^^^^
  File "C:\Users\Vignesh.Selvaraju\AppData\Local\Programs\Python\Python312\Lib\site-packages\transformers\__init__.py", line 862, in _getattr
    return getattr(importlib.import_module(target, __name__), name)
                   ^^^^^^^^^^^^^^^^^^^^^^^^^^^^^^^^^^^^^^^^^
  File "C:\Users\Vignesh.Selvaraju\AppData\Local\Programs\Python\Python312\Lib\importlib\__init__.py", line 90, in import_module
    return _bootstrap._gcd_import(name[level:], package, level)
           ^^^^^^^^^^^^^^^^^^^^^^^^^^^^^^^^^^^^^^^^^^^^^^^^^^^^
  File "<frozen importlib._bootstrap>", line 1387, in _gcd_import
  File "<frozen importlib._bootstrap>", line 1360, in _find_and_load
  File "<frozen importlib._bootstrap>", line 1331, in _find_and_load_unlocked
  File "<frozen importlib._bootstrap>", line 935, in _load_unlocked
  File "<frozen importlib._bootstrap_external>", line 999, in exec_module
  File "<frozen importlib._bootstrap>", line 488, in _call_with_frames_removed
  File "C:\Users\Vignesh.Selvaraju\AppData\Local\Programs\Python\Python312\Lib\site-packages\transformers\models\rf_detr\image_processing_rf_detr.py", line 26, in <module>
    from torchvision.transforms.v2 import functional as tvF
ModuleNotFoundError: No module named 'torchvision'
2026-10-01 16:23:02.316 Examining the path of transformers.models.rt_detr.image_processing_rt_detr_fast raised:
Traceback (most recent call last):
  File "C:\Users\Vignesh.Selvaraju\AppData\Local\Programs\Python\Python312\Lib\site-packages\streamlit\watcher\local_sources_watcher.py", line 330, in get_module_paths
    potential_paths = extract_paths(module)
                      ^^^^^^^^^^^^^^^^^^^^^
  File "C:\Users\Vignesh.Selvaraju\AppData\Local\Programs\Python\Python312\Lib\site-packages\streamlit\watcher\local_sources_watcher.py", line 317, in <lambda>
    if hasattr(m, "__path__")
       ^^^^^^^^^^^^^^^^^^^^^^
  File "C:\Users\Vignesh.Selvaraju\AppData\Local\Programs\Python\Python312\Lib\site-packages\transformers\__init__.py", line 862, in _getattr
    return getattr(importlib.import_module(target, __name__), name)
                   ^^^^^^^^^^^^^^^^^^^^^^^^^^^^^^^^^^^^^^^^^
  File "C:\Users\Vignesh.Selvaraju\AppData\Local\Programs\Python\Python312\Lib\importlib\__init__.py", line 90, in import_module
    return _bootstrap._gcd_import(name[level:], package, level)
           ^^^^^^^^^^^^^^^^^^^^^^^^^^^^^^^^^^^^^^^^^^^^^^^^^^^^
  File "<frozen importlib._bootstrap>", line 1387, in _gcd_import
  File "<frozen importlib._bootstrap>", line 1360, in _find_and_load
  File "<frozen importlib._bootstrap>", line 1331, in _find_and_load_unlocked
  File "<frozen importlib._bootstrap>", line 935, in _load_unlocked
  File "<frozen importlib._bootstrap_external>", line 999, in exec_module
  File "<frozen importlib._bootstrap>", line 488, in _call_with_frames_removed
  File "C:\Users\Vignesh.Selvaraju\AppData\Local\Programs\Python\Python312\Lib\site-packages\transformers\models\rt_detr\image_processing_rt_detr.py", line 24, in <module>
    from torchvision.transforms.v2 import functional as tvF
ModuleNotFoundError: No module named 'torchvision'
2026-10-01 16:23:02.410 Examining the path of transformers.models.sam.image_processing_sam_fast raised:
Traceback (most recent call last):
  File "C:\Users\Vignesh.Selvaraju\AppData\Local\Programs\Python\Python312\Lib\site-packages\streamlit\watcher\local_sources_watcher.py", line 330, in get_module_paths
    potential_paths = extract_paths(module)
                      ^^^^^^^^^^^^^^^^^^^^^
  File "C:\Users\Vignesh.Selvaraju\AppData\Local\Programs\Python\Python312\Lib\site-packages\streamlit\watcher\local_sources_watcher.py", line 317, in <lambda>
    if hasattr(m, "__path__")
       ^^^^^^^^^^^^^^^^^^^^^^
  File "C:\Users\Vignesh.Selvaraju\AppData\Local\Programs\Python\Python312\Lib\site-packages\transformers\__init__.py", line 862, in _getattr
    return getattr(importlib.import_module(target, __name__), name)
                   ^^^^^^^^^^^^^^^^^^^^^^^^^^^^^^^^^^^^^^^^^
  File "C:\Users\Vignesh.Selvaraju\AppData\Local\Programs\Python\Python312\Lib\importlib\__init__.py", line 90, in import_module
    return _bootstrap._gcd_import(name[level:], package, level)
           ^^^^^^^^^^^^^^^^^^^^^^^^^^^^^^^^^^^^^^^^^^^^^^^^^^^^
  File "<frozen importlib._bootstrap>", line 1387, in _gcd_import
  File "<frozen importlib._bootstrap>", line 1360, in _find_and_load
  File "<frozen importlib._bootstrap>", line 1331, in _find_and_load_unlocked
  File "<frozen importlib._bootstrap>", line 935, in _load_unlocked
  File "<frozen importlib._bootstrap_external>", line 999, in exec_module
  File "<frozen importlib._bootstrap>", line 488, in _call_with_frames_removed
  File "C:\Users\Vignesh.Selvaraju\AppData\Local\Programs\Python\Python312\Lib\site-packages\transformers\models\sam\image_processing_sam.py", line 25, in <module>
    from torchvision.ops.boxes import batched_nms
ModuleNotFoundError: No module named 'torchvision'
2026-10-01 16:23:02.428 Examining the path of transformers.models.sam2.image_processing_sam2_fast raised:
Traceback (most recent call last):
  File "C:\Users\Vignesh.Selvaraju\AppData\Local\Programs\Python\Python312\Lib\site-packages\streamlit\watcher\local_sources_watcher.py", line 330, in get_module_paths
    potential_paths = extract_paths(module)
                      ^^^^^^^^^^^^^^^^^^^^^
  File "C:\Users\Vignesh.Selvaraju\AppData\Local\Programs\Python\Python312\Lib\site-packages\streamlit\watcher\local_sources_watcher.py", line 317, in <lambda>
    if hasattr(m, "__path__")
       ^^^^^^^^^^^^^^^^^^^^^^
  File "C:\Users\Vignesh.Selvaraju\AppData\Local\Programs\Python\Python312\Lib\site-packages\transformers\__init__.py", line 862, in _getattr
    return getattr(importlib.import_module(target, __name__), name)
                   ^^^^^^^^^^^^^^^^^^^^^^^^^^^^^^^^^^^^^^^^^
  File "C:\Users\Vignesh.Selvaraju\AppData\Local\Programs\Python\Python312\Lib\importlib\__init__.py", line 90, in import_module
    return _bootstrap._gcd_import(name[level:], package, level)
           ^^^^^^^^^^^^^^^^^^^^^^^^^^^^^^^^^^^^^^^^^^^^^^^^^^^^
  File "<frozen importlib._bootstrap>", line 1387, in _gcd_import
  File "<frozen importlib._bootstrap>", line 1360, in _find_and_load
  File "<frozen importlib._bootstrap>", line 1331, in _find_and_load_unlocked
  File "<frozen importlib._bootstrap>", line 935, in _load_unlocked
  File "<frozen importlib._bootstrap_external>", line 999, in exec_module
  File "<frozen importlib._bootstrap>", line 488, in _call_with_frames_removed
  File "C:\Users\Vignesh.Selvaraju\AppData\Local\Programs\Python\Python312\Lib\site-packages\transformers\models\sam2\image_processing_sam2.py", line 28, in <module>
    from torchvision.ops.boxes import batched_nms
ModuleNotFoundError: No module named 'torchvision'
2026-10-01 16:23:02.447 Examining the path of transformers.models.sam3.image_processing_sam3_fast raised:
Traceback (most recent call last):
  File "C:\Users\Vignesh.Selvaraju\AppData\Local\Programs\Python\Python312\Lib\site-packages\streamlit\watcher\local_sources_watcher.py", line 330, in get_module_paths
    potential_paths = extract_paths(module)
                      ^^^^^^^^^^^^^^^^^^^^^
  File "C:\Users\Vignesh.Selvaraju\AppData\Local\Programs\Python\Python312\Lib\site-packages\streamlit\watcher\local_sources_watcher.py", line 317, in <lambda>
    if hasattr(m, "__path__")
       ^^^^^^^^^^^^^^^^^^^^^^
  File "C:\Users\Vignesh.Selvaraju\AppData\Local\Programs\Python\Python312\Lib\site-packages\transformers\__init__.py", line 862, in _getattr
    return getattr(importlib.import_module(target, __name__), name)
                   ^^^^^^^^^^^^^^^^^^^^^^^^^^^^^^^^^^^^^^^^^
  File "C:\Users\Vignesh.Selvaraju\AppData\Local\Programs\Python\Python312\Lib\importlib\__init__.py", line 90, in import_module
    return _bootstrap._gcd_import(name[level:], package, level)
           ^^^^^^^^^^^^^^^^^^^^^^^^^^^^^^^^^^^^^^^^^^^^^^^^^^^^
  File "<frozen importlib._bootstrap>", line 1387, in _gcd_import
  File "<frozen importlib._bootstrap>", line 1360, in _find_and_load
  File "<frozen importlib._bootstrap>", line 1331, in _find_and_load_unlocked
  File "<frozen importlib._bootstrap>", line 935, in _load_unlocked
  File "<frozen importlib._bootstrap_external>", line 999, in exec_module
  File "<frozen importlib._bootstrap>", line 488, in _call_with_frames_removed
  File "C:\Users\Vignesh.Selvaraju\AppData\Local\Programs\Python\Python312\Lib\site-packages\transformers\models\sam3\image_processing_sam3.py", line 30, in <module>
    from torchvision.ops.boxes import batched_nms
ModuleNotFoundError: No module named 'torchvision'
2026-10-01 16:23:02.460 Examining the path of transformers.models.sapiens2.image_processing_sapiens2_fast raised:
Traceback (most recent call last):
  File "C:\Users\Vignesh.Selvaraju\AppData\Local\Programs\Python\Python312\Lib\site-packages\streamlit\watcher\local_sources_watcher.py", line 330, in get_module_paths
    potential_paths = extract_paths(module)
                      ^^^^^^^^^^^^^^^^^^^^^
  File "C:\Users\Vignesh.Selvaraju\AppData\Local\Programs\Python\Python312\Lib\site-packages\streamlit\watcher\local_sources_watcher.py", line 317, in <lambda>
    if hasattr(m, "__path__")
       ^^^^^^^^^^^^^^^^^^^^^^
  File "C:\Users\Vignesh.Selvaraju\AppData\Local\Programs\Python\Python312\Lib\site-packages\transformers\__init__.py", line 862, in _getattr
    return getattr(importlib.import_module(target, __name__), name)
                   ^^^^^^^^^^^^^^^^^^^^^^^^^^^^^^^^^^^^^^^^^
  File "C:\Users\Vignesh.Selvaraju\AppData\Local\Programs\Python\Python312\Lib\importlib\__init__.py", line 90, in import_module
    return _bootstrap._gcd_import(name[level:], package, level)
           ^^^^^^^^^^^^^^^^^^^^^^^^^^^^^^^^^^^^^^^^^^^^^^^^^^^^
  File "<frozen importlib._bootstrap>", line 1387, in _gcd_import
  File "<frozen importlib._bootstrap>", line 1360, in _find_and_load
  File "<frozen importlib._bootstrap>", line 1331, in _find_and_load_unlocked
  File "<frozen importlib._bootstrap>", line 935, in _load_unlocked
  File "<frozen importlib._bootstrap_external>", line 999, in exec_module
  File "<frozen importlib._bootstrap>", line 488, in _call_with_frames_removed
  File "C:\Users\Vignesh.Selvaraju\AppData\Local\Programs\Python\Python312\Lib\site-packages\transformers\models\sapiens2\image_processing_sapiens2.py", line 23, in <module>
    from torchvision.transforms.v2 import functional as tvF
ModuleNotFoundError: No module named 'torchvision'
2026-10-01 16:23:02.485 Examining the path of transformers.models.segformer.image_processing_segformer_fast raised:
Traceback (most recent call last):
  File "C:\Users\Vignesh.Selvaraju\AppData\Local\Programs\Python\Python312\Lib\site-packages\streamlit\watcher\local_sources_watcher.py", line 330, in get_module_paths
    potential_paths = extract_paths(module)
                      ^^^^^^^^^^^^^^^^^^^^^
  File "C:\Users\Vignesh.Selvaraju\AppData\Local\Programs\Python\Python312\Lib\site-packages\streamlit\watcher\local_sources_watcher.py", line 317, in <lambda>
    if hasattr(m, "__path__")
       ^^^^^^^^^^^^^^^^^^^^^^
  File "C:\Users\Vignesh.Selvaraju\AppData\Local\Programs\Python\Python312\Lib\site-packages\transformers\__init__.py", line 862, in _getattr
    return getattr(importlib.import_module(target, __name__), name)
                   ^^^^^^^^^^^^^^^^^^^^^^^^^^^^^^^^^^^^^^^^^
  File "C:\Users\Vignesh.Selvaraju\AppData\Local\Programs\Python\Python312\Lib\importlib\__init__.py", line 90, in import_module
    return _bootstrap._gcd_import(name[level:], package, level)
           ^^^^^^^^^^^^^^^^^^^^^^^^^^^^^^^^^^^^^^^^^^^^^^^^^^^^
  File "<frozen importlib._bootstrap>", line 1387, in _gcd_import
  File "<frozen importlib._bootstrap>", line 1360, in _find_and_load
  File "<frozen importlib._bootstrap>", line 1331, in _find_and_load_unlocked
  File "<frozen importlib._bootstrap>", line 935, in _load_unlocked
  File "<frozen importlib._bootstrap_external>", line 999, in exec_module
  File "<frozen importlib._bootstrap>", line 488, in _call_with_frames_removed
  File "C:\Users\Vignesh.Selvaraju\AppData\Local\Programs\Python\Python312\Lib\site-packages\transformers\models\segformer\image_processing_segformer.py", line 25, in <module>
    import torchvision.transforms.v2.functional as tvF
ModuleNotFoundError: No module named 'torchvision'
2026-10-01 16:23:02.517 Examining the path of transformers.models.seggpt.image_processing_seggpt_fast raised:
Traceback (most recent call last):
  File "C:\Users\Vignesh.Selvaraju\AppData\Local\Programs\Python\Python312\Lib\site-packages\streamlit\watcher\local_sources_watcher.py", line 330, in get_module_paths
    potential_paths = extract_paths(module)
                      ^^^^^^^^^^^^^^^^^^^^^
  File "C:\Users\Vignesh.Selvaraju\AppData\Local\Programs\Python\Python312\Lib\site-packages\streamlit\watcher\local_sources_watcher.py", line 317, in <lambda>
    if hasattr(m, "__path__")
       ^^^^^^^^^^^^^^^^^^^^^^
  File "C:\Users\Vignesh.Selvaraju\AppData\Local\Programs\Python\Python312\Lib\site-packages\transformers\__init__.py", line 862, in _getattr
    return getattr(importlib.import_module(target, __name__), name)
                   ^^^^^^^^^^^^^^^^^^^^^^^^^^^^^^^^^^^^^^^^^
  File "C:\Users\Vignesh.Selvaraju\AppData\Local\Programs\Python\Python312\Lib\importlib\__init__.py", line 90, in import_module
    return _bootstrap._gcd_import(name[level:], package, level)
           ^^^^^^^^^^^^^^^^^^^^^^^^^^^^^^^^^^^^^^^^^^^^^^^^^^^^
  File "<frozen importlib._bootstrap>", line 1387, in _gcd_import
  File "<frozen importlib._bootstrap>", line 1360, in _find_and_load
  File "<frozen importlib._bootstrap>", line 1331, in _find_and_load_unlocked
  File "<frozen importlib._bootstrap>", line 935, in _load_unlocked
  File "<frozen importlib._bootstrap_external>", line 999, in exec_module
  File "<frozen importlib._bootstrap>", line 488, in _call_with_frames_removed
  File "C:\Users\Vignesh.Selvaraju\AppData\Local\Programs\Python\Python312\Lib\site-packages\transformers\models\seggpt\image_processing_seggpt.py", line 20, in <module>
    from torchvision.transforms.v2 import functional as tvF
ModuleNotFoundError: No module named 'torchvision'
2026-10-01 16:23:02.570 Examining the path of transformers.models.siglip2.image_processing_siglip2_fast raised:
Traceback (most recent call last):
  File "C:\Users\Vignesh.Selvaraju\AppData\Local\Programs\Python\Python312\Lib\site-packages\streamlit\watcher\local_sources_watcher.py", line 330, in get_module_paths
    potential_paths = extract_paths(module)
                      ^^^^^^^^^^^^^^^^^^^^^
  File "C:\Users\Vignesh.Selvaraju\AppData\Local\Programs\Python\Python312\Lib\site-packages\streamlit\watcher\local_sources_watcher.py", line 317, in <lambda>
    if hasattr(m, "__path__")
       ^^^^^^^^^^^^^^^^^^^^^^
  File "C:\Users\Vignesh.Selvaraju\AppData\Local\Programs\Python\Python312\Lib\site-packages\transformers\__init__.py", line 862, in _getattr
    return getattr(importlib.import_module(target, __name__), name)
                   ^^^^^^^^^^^^^^^^^^^^^^^^^^^^^^^^^^^^^^^^^
  File "C:\Users\Vignesh.Selvaraju\AppData\Local\Programs\Python\Python312\Lib\importlib\__init__.py", line 90, in import_module
    return _bootstrap._gcd_import(name[level:], package, level)
           ^^^^^^^^^^^^^^^^^^^^^^^^^^^^^^^^^^^^^^^^^^^^^^^^^^^^
  File "<frozen importlib._bootstrap>", line 1387, in _gcd_import
  File "<frozen importlib._bootstrap>", line 1360, in _find_and_load
  File "<frozen importlib._bootstrap>", line 1331, in _find_and_load_unlocked
  File "<frozen importlib._bootstrap>", line 935, in _load_unlocked
  File "<frozen importlib._bootstrap_external>", line 999, in exec_module
  File "<frozen importlib._bootstrap>", line 488, in _call_with_frames_removed
  File "C:\Users\Vignesh.Selvaraju\AppData\Local\Programs\Python\Python312\Lib\site-packages\transformers\models\siglip2\image_processing_siglip2.py", line 17, in <module>
    from torchvision.transforms.v2 import functional as tvF
ModuleNotFoundError: No module named 'torchvision'
2026-10-01 16:23:02.580 Examining the path of transformers.models.slanext.image_processing_slanext_fast raised:
Traceback (most recent call last):
  File "C:\Users\Vignesh.Selvaraju\AppData\Local\Programs\Python\Python312\Lib\site-packages\streamlit\watcher\local_sources_watcher.py", line 330, in get_module_paths
    potential_paths = extract_paths(module)
                      ^^^^^^^^^^^^^^^^^^^^^
  File "C:\Users\Vignesh.Selvaraju\AppData\Local\Programs\Python\Python312\Lib\site-packages\streamlit\watcher\local_sources_watcher.py", line 317, in <lambda>
    if hasattr(m, "__path__")
       ^^^^^^^^^^^^^^^^^^^^^^
  File "C:\Users\Vignesh.Selvaraju\AppData\Local\Programs\Python\Python312\Lib\site-packages\transformers\__init__.py", line 862, in _getattr
    return getattr(importlib.import_module(target, __name__), name)
                   ^^^^^^^^^^^^^^^^^^^^^^^^^^^^^^^^^^^^^^^^^
  File "C:\Users\Vignesh.Selvaraju\AppData\Local\Programs\Python\Python312\Lib\importlib\__init__.py", line 90, in import_module
    return _bootstrap._gcd_import(name[level:], package, level)
           ^^^^^^^^^^^^^^^^^^^^^^^^^^^^^^^^^^^^^^^^^^^^^^^^^^^^
  File "<frozen importlib._bootstrap>", line 1387, in _gcd_import
  File "<frozen importlib._bootstrap>", line 1360, in _find_and_load
  File "<frozen importlib._bootstrap>", line 1331, in _find_and_load_unlocked
  File "<frozen importlib._bootstrap>", line 935, in _load_unlocked
  File "<frozen importlib._bootstrap_external>", line 999, in exec_module
  File "<frozen importlib._bootstrap>", line 488, in _call_with_frames_removed
  File "C:\Users\Vignesh.Selvaraju\AppData\Local\Programs\Python\Python312\Lib\site-packages\transformers\models\slanext\image_processing_slanext.py", line 23, in <module>
    import torchvision.transforms.v2.functional as tvF
ModuleNotFoundError: No module named 'torchvision'
2026-10-01 16:23:02.607 Examining the path of transformers.models.smolvlm.image_processing_smolvlm_fast raised:
Traceback (most recent call last):
  File "C:\Users\Vignesh.Selvaraju\AppData\Local\Programs\Python\Python312\Lib\site-packages\streamlit\watcher\local_sources_watcher.py", line 330, in get_module_paths
    potential_paths = extract_paths(module)
                      ^^^^^^^^^^^^^^^^^^^^^
  File "C:\Users\Vignesh.Selvaraju\AppData\Local\Programs\Python\Python312\Lib\site-packages\streamlit\watcher\local_sources_watcher.py", line 317, in <lambda>
    if hasattr(m, "__path__")
       ^^^^^^^^^^^^^^^^^^^^^^
  File "C:\Users\Vignesh.Selvaraju\AppData\Local\Programs\Python\Python312\Lib\site-packages\transformers\__init__.py", line 862, in _getattr
    return getattr(importlib.import_module(target, __name__), name)
                   ^^^^^^^^^^^^^^^^^^^^^^^^^^^^^^^^^^^^^^^^^
  File "C:\Users\Vignesh.Selvaraju\AppData\Local\Programs\Python\Python312\Lib\importlib\__init__.py", line 90, in import_module
    return _bootstrap._gcd_import(name[level:], package, level)
           ^^^^^^^^^^^^^^^^^^^^^^^^^^^^^^^^^^^^^^^^^^^^^^^^^^^^
  File "<frozen importlib._bootstrap>", line 1387, in _gcd_import
  File "<frozen importlib._bootstrap>", line 1360, in _find_and_load
  File "<frozen importlib._bootstrap>", line 1331, in _find_and_load_unlocked
  File "<frozen importlib._bootstrap>", line 935, in _load_unlocked
  File "<frozen importlib._bootstrap_external>", line 999, in exec_module
  File "<frozen importlib._bootstrap>", line 488, in _call_with_frames_removed
  File "C:\Users\Vignesh.Selvaraju\AppData\Local\Programs\Python\Python312\Lib\site-packages\transformers\models\smolvlm\image_processing_smolvlm.py", line 27, in <module>
    from torchvision.transforms.v2 import functional as tvF
ModuleNotFoundError: No module named 'torchvision'
2026-10-01 16:23:02.630 Examining the path of transformers.models.superglue.image_processing_superglue_fast raised:
Traceback (most recent call last):
  File "C:\Users\Vignesh.Selvaraju\AppData\Local\Programs\Python\Python312\Lib\site-packages\streamlit\watcher\local_sources_watcher.py", line 330, in get_module_paths
    potential_paths = extract_paths(module)
                      ^^^^^^^^^^^^^^^^^^^^^
  File "C:\Users\Vignesh.Selvaraju\AppData\Local\Programs\Python\Python312\Lib\site-packages\streamlit\watcher\local_sources_watcher.py", line 317, in <lambda>
    if hasattr(m, "__path__")
       ^^^^^^^^^^^^^^^^^^^^^^
  File "C:\Users\Vignesh.Selvaraju\AppData\Local\Programs\Python\Python312\Lib\site-packages\transformers\__init__.py", line 862, in _getattr
    return getattr(importlib.import_module(target, __name__), name)
                   ^^^^^^^^^^^^^^^^^^^^^^^^^^^^^^^^^^^^^^^^^
  File "C:\Users\Vignesh.Selvaraju\AppData\Local\Programs\Python\Python312\Lib\importlib\__init__.py", line 90, in import_module
    return _bootstrap._gcd_import(name[level:], package, level)
           ^^^^^^^^^^^^^^^^^^^^^^^^^^^^^^^^^^^^^^^^^^^^^^^^^^^^
  File "<frozen importlib._bootstrap>", line 1387, in _gcd_import
  File "<frozen importlib._bootstrap>", line 1360, in _find_and_load
  File "<frozen importlib._bootstrap>", line 1331, in _find_and_load_unlocked
  File "<frozen importlib._bootstrap>", line 935, in _load_unlocked
  File "<frozen importlib._bootstrap_external>", line 999, in exec_module
  File "<frozen importlib._bootstrap>", line 488, in _call_with_frames_removed
  File "C:\Users\Vignesh.Selvaraju\AppData\Local\Programs\Python\Python312\Lib\site-packages\transformers\models\superglue\image_processing_superglue.py", line 47, in <module>
    from torchvision.transforms.v2 import functional as tvF
ModuleNotFoundError: No module named 'torchvision'
2026-10-01 16:23:02.641 Examining the path of transformers.models.superpoint.image_processing_superpoint_fast raised:
Traceback (most recent call last):
  File "C:\Users\Vignesh.Selvaraju\AppData\Local\Programs\Python\Python312\Lib\site-packages\streamlit\watcher\local_sources_watcher.py", line 330, in get_module_paths
    potential_paths = extract_paths(module)
                      ^^^^^^^^^^^^^^^^^^^^^
  File "C:\Users\Vignesh.Selvaraju\AppData\Local\Programs\Python\Python312\Lib\site-packages\streamlit\watcher\local_sources_watcher.py", line 317, in <lambda>
    if hasattr(m, "__path__")
       ^^^^^^^^^^^^^^^^^^^^^^
  File "C:\Users\Vignesh.Selvaraju\AppData\Local\Programs\Python\Python312\Lib\site-packages\transformers\__init__.py", line 862, in _getattr
    return getattr(importlib.import_module(target, __name__), name)
                   ^^^^^^^^^^^^^^^^^^^^^^^^^^^^^^^^^^^^^^^^^
  File "C:\Users\Vignesh.Selvaraju\AppData\Local\Programs\Python\Python312\Lib\importlib\__init__.py", line 90, in import_module
    return _bootstrap._gcd_import(name[level:], package, level)
           ^^^^^^^^^^^^^^^^^^^^^^^^^^^^^^^^^^^^^^^^^^^^^^^^^^^^
  File "<frozen importlib._bootstrap>", line 1387, in _gcd_import
  File "<frozen importlib._bootstrap>", line 1360, in _find_and_load
  File "<frozen importlib._bootstrap>", line 1331, in _find_and_load_unlocked
  File "<frozen importlib._bootstrap>", line 935, in _load_unlocked
  File "<frozen importlib._bootstrap_external>", line 999, in exec_module
  File "<frozen importlib._bootstrap>", line 488, in _call_with_frames_removed
  File "C:\Users\Vignesh.Selvaraju\AppData\Local\Programs\Python\Python312\Lib\site-packages\transformers\models\superpoint\image_processing_superpoint.py", line 31, in <module>
    from torchvision.transforms.v2 import functional as tvF
ModuleNotFoundError: No module named 'torchvision'
2026-10-01 16:23:02.664 Examining the path of transformers.models.swin2sr.image_processing_swin2sr_fast raised:
Traceback (most recent call last):
  File "C:\Users\Vignesh.Selvaraju\AppData\Local\Programs\Python\Python312\Lib\site-packages\streamlit\watcher\local_sources_watcher.py", line 330, in get_module_paths
    potential_paths = extract_paths(module)
                      ^^^^^^^^^^^^^^^^^^^^^
  File "C:\Users\Vignesh.Selvaraju\AppData\Local\Programs\Python\Python312\Lib\site-packages\streamlit\watcher\local_sources_watcher.py", line 317, in <lambda>
    if hasattr(m, "__path__")
       ^^^^^^^^^^^^^^^^^^^^^^
  File "C:\Users\Vignesh.Selvaraju\AppData\Local\Programs\Python\Python312\Lib\site-packages\transformers\__init__.py", line 862, in _getattr
    return getattr(importlib.import_module(target, __name__), name)
                   ^^^^^^^^^^^^^^^^^^^^^^^^^^^^^^^^^^^^^^^^^
  File "C:\Users\Vignesh.Selvaraju\AppData\Local\Programs\Python\Python312\Lib\importlib\__init__.py", line 90, in import_module
    return _bootstrap._gcd_import(name[level:], package, level)
           ^^^^^^^^^^^^^^^^^^^^^^^^^^^^^^^^^^^^^^^^^^^^^^^^^^^^
  File "<frozen importlib._bootstrap>", line 1387, in _gcd_import
  File "<frozen importlib._bootstrap>", line 1360, in _find_and_load
  File "<frozen importlib._bootstrap>", line 1331, in _find_and_load_unlocked
  File "<frozen importlib._bootstrap>", line 935, in _load_unlocked
  File "<frozen importlib._bootstrap_external>", line 999, in exec_module
  File "<frozen importlib._bootstrap>", line 488, in _call_with_frames_removed
  File "C:\Users\Vignesh.Selvaraju\AppData\Local\Programs\Python\Python312\Lib\site-packages\transformers\models\swin2sr\image_processing_swin2sr.py", line 17, in <module>
    from torchvision.transforms.v2 import functional as tvF
ModuleNotFoundError: No module named 'torchvision'
2026-10-01 16:23:02.689 Examining the path of transformers.models.textnet.image_processing_textnet_fast raised:
Traceback (most recent call last):
  File "C:\Users\Vignesh.Selvaraju\AppData\Local\Programs\Python\Python312\Lib\site-packages\streamlit\watcher\local_sources_watcher.py", line 330, in get_module_paths
    potential_paths = extract_paths(module)
                      ^^^^^^^^^^^^^^^^^^^^^
  File "C:\Users\Vignesh.Selvaraju\AppData\Local\Programs\Python\Python312\Lib\site-packages\streamlit\watcher\local_sources_watcher.py", line 317, in <lambda>
    if hasattr(m, "__path__")
       ^^^^^^^^^^^^^^^^^^^^^^
  File "C:\Users\Vignesh.Selvaraju\AppData\Local\Programs\Python\Python312\Lib\site-packages\transformers\__init__.py", line 862, in _getattr
    return getattr(importlib.import_module(target, __name__), name)
                   ^^^^^^^^^^^^^^^^^^^^^^^^^^^^^^^^^^^^^^^^^
  File "C:\Users\Vignesh.Selvaraju\AppData\Local\Programs\Python\Python312\Lib\importlib\__init__.py", line 90, in import_module
    return _bootstrap._gcd_import(name[level:], package, level)
           ^^^^^^^^^^^^^^^^^^^^^^^^^^^^^^^^^^^^^^^^^^^^^^^^^^^^
  File "<frozen importlib._bootstrap>", line 1387, in _gcd_import
  File "<frozen importlib._bootstrap>", line 1360, in _find_and_load
  File "<frozen importlib._bootstrap>", line 1331, in _find_and_load_unlocked
  File "<frozen importlib._bootstrap>", line 935, in _load_unlocked
  File "<frozen importlib._bootstrap_external>", line 999, in exec_module
  File "<frozen importlib._bootstrap>", line 488, in _call_with_frames_removed
  File "C:\Users\Vignesh.Selvaraju\AppData\Local\Programs\Python\Python312\Lib\site-packages\transformers\models\textnet\image_processing_textnet.py", line 17, in <module>
    from torchvision.transforms.v2 import functional as tvF
ModuleNotFoundError: No module named 'torchvision'
2026-10-01 16:23:02.745 Examining the path of transformers.models.tvp.image_processing_tvp_fast raised:
Traceback (most recent call last):
  File "C:\Users\Vignesh.Selvaraju\AppData\Local\Programs\Python\Python312\Lib\site-packages\streamlit\watcher\local_sources_watcher.py", line 330, in get_module_paths
    potential_paths = extract_paths(module)
                      ^^^^^^^^^^^^^^^^^^^^^
  File "C:\Users\Vignesh.Selvaraju\AppData\Local\Programs\Python\Python312\Lib\site-packages\streamlit\watcher\local_sources_watcher.py", line 317, in <lambda>
    if hasattr(m, "__path__")
       ^^^^^^^^^^^^^^^^^^^^^^
  File "C:\Users\Vignesh.Selvaraju\AppData\Local\Programs\Python\Python312\Lib\site-packages\transformers\__init__.py", line 862, in _getattr
    return getattr(importlib.import_module(target, __name__), name)
                   ^^^^^^^^^^^^^^^^^^^^^^^^^^^^^^^^^^^^^^^^^
  File "C:\Users\Vignesh.Selvaraju\AppData\Local\Programs\Python\Python312\Lib\importlib\__init__.py", line 90, in import_module
    return _bootstrap._gcd_import(name[level:], package, level)
           ^^^^^^^^^^^^^^^^^^^^^^^^^^^^^^^^^^^^^^^^^^^^^^^^^^^^
  File "<frozen importlib._bootstrap>", line 1387, in _gcd_import
  File "<frozen importlib._bootstrap>", line 1360, in _find_and_load
  File "<frozen importlib._bootstrap>", line 1331, in _find_and_load_unlocked
  File "<frozen importlib._bootstrap>", line 935, in _load_unlocked
  File "<frozen importlib._bootstrap_external>", line 999, in exec_module
  File "<frozen importlib._bootstrap>", line 488, in _call_with_frames_removed
  File "C:\Users\Vignesh.Selvaraju\AppData\Local\Programs\Python\Python312\Lib\site-packages\transformers\models\tvp\image_processing_tvp.py", line 17, in <module>
    from torchvision.transforms.v2 import functional as tvF
ModuleNotFoundError: No module named 'torchvision'
2026-10-01 16:23:02.797 Examining the path of transformers.models.video_llama_3.image_processing_video_llama_3_fast raised:
Traceback (most recent call last):
  File "C:\Users\Vignesh.Selvaraju\AppData\Local\Programs\Python\Python312\Lib\site-packages\streamlit\watcher\local_sources_watcher.py", line 330, in get_module_paths
    potential_paths = extract_paths(module)
                      ^^^^^^^^^^^^^^^^^^^^^
  File "C:\Users\Vignesh.Selvaraju\AppData\Local\Programs\Python\Python312\Lib\site-packages\streamlit\watcher\local_sources_watcher.py", line 317, in <lambda>
    if hasattr(m, "__path__")
       ^^^^^^^^^^^^^^^^^^^^^^
  File "C:\Users\Vignesh.Selvaraju\AppData\Local\Programs\Python\Python312\Lib\site-packages\transformers\__init__.py", line 862, in _getattr
    return getattr(importlib.import_module(target, __name__), name)
                   ^^^^^^^^^^^^^^^^^^^^^^^^^^^^^^^^^^^^^^^^^
  File "C:\Users\Vignesh.Selvaraju\AppData\Local\Programs\Python\Python312\Lib\importlib\__init__.py", line 90, in import_module
    return _bootstrap._gcd_import(name[level:], package, level)
           ^^^^^^^^^^^^^^^^^^^^^^^^^^^^^^^^^^^^^^^^^^^^^^^^^^^^
  File "<frozen importlib._bootstrap>", line 1387, in _gcd_import
  File "<frozen importlib._bootstrap>", line 1360, in _find_and_load
  File "<frozen importlib._bootstrap>", line 1331, in _find_and_load_unlocked
  File "<frozen importlib._bootstrap>", line 935, in _load_unlocked
  File "<frozen importlib._bootstrap_external>", line 999, in exec_module
  File "<frozen importlib._bootstrap>", line 488, in _call_with_frames_removed
  File "C:\Users\Vignesh.Selvaraju\AppData\Local\Programs\Python\Python312\Lib\site-packages\transformers\models\video_llama_3\image_processing_video_llama_3.py", line 24, in <module>
    import torchvision.transforms.v2.functional as tvF
ModuleNotFoundError: No module named 'torchvision'
2026-10-01 16:23:02.834 Examining the path of transformers.models.videomae.image_processing_videomae_fast raised:
Traceback (most recent call last):
  File "C:\Users\Vignesh.Selvaraju\AppData\Local\Programs\Python\Python312\Lib\site-packages\streamlit\watcher\local_sources_watcher.py", line 330, in get_module_paths
    potential_paths = extract_paths(module)
                      ^^^^^^^^^^^^^^^^^^^^^
  File "C:\Users\Vignesh.Selvaraju\AppData\Local\Programs\Python\Python312\Lib\site-packages\streamlit\watcher\local_sources_watcher.py", line 317, in <lambda>
    if hasattr(m, "__path__")
       ^^^^^^^^^^^^^^^^^^^^^^
  File "C:\Users\Vignesh.Selvaraju\AppData\Local\Programs\Python\Python312\Lib\site-packages\transformers\__init__.py", line 862, in _getattr
    return getattr(importlib.import_module(target, __name__), name)
                   ^^^^^^^^^^^^^^^^^^^^^^^^^^^^^^^^^^^^^^^^^
  File "C:\Users\Vignesh.Selvaraju\AppData\Local\Programs\Python\Python312\Lib\importlib\__init__.py", line 90, in import_module
    return _bootstrap._gcd_import(name[level:], package, level)
           ^^^^^^^^^^^^^^^^^^^^^^^^^^^^^^^^^^^^^^^^^^^^^^^^^^^^
  File "<frozen importlib._bootstrap>", line 1387, in _gcd_import
  File "<frozen importlib._bootstrap>", line 1360, in _find_and_load
  File "<frozen importlib._bootstrap>", line 1331, in _find_and_load_unlocked
  File "<frozen importlib._bootstrap>", line 935, in _load_unlocked
  File "<frozen importlib._bootstrap_external>", line 999, in exec_module
  File "<frozen importlib._bootstrap>", line 488, in _call_with_frames_removed
  File "C:\Users\Vignesh.Selvaraju\AppData\Local\Programs\Python\Python312\Lib\site-packages\transformers\models\videomae\image_processing_videomae.py", line 17, in <module>
    from torchvision.transforms.v2 import functional as tvF
ModuleNotFoundError: No module named 'torchvision'
2026-10-01 16:23:02.851 Examining the path of transformers.models.vilt.image_processing_vilt_fast raised:
Traceback (most recent call last):
  File "C:\Users\Vignesh.Selvaraju\AppData\Local\Programs\Python\Python312\Lib\site-packages\streamlit\watcher\local_sources_watcher.py", line 330, in get_module_paths
    potential_paths = extract_paths(module)
                      ^^^^^^^^^^^^^^^^^^^^^
  File "C:\Users\Vignesh.Selvaraju\AppData\Local\Programs\Python\Python312\Lib\site-packages\streamlit\watcher\local_sources_watcher.py", line 317, in <lambda>
    if hasattr(m, "__path__")
       ^^^^^^^^^^^^^^^^^^^^^^
  File "C:\Users\Vignesh.Selvaraju\AppData\Local\Programs\Python\Python312\Lib\site-packages\transformers\__init__.py", line 862, in _getattr
    return getattr(importlib.import_module(target, __name__), name)
                   ^^^^^^^^^^^^^^^^^^^^^^^^^^^^^^^^^^^^^^^^^
  File "C:\Users\Vignesh.Selvaraju\AppData\Local\Programs\Python\Python312\Lib\importlib\__init__.py", line 90, in import_module
    return _bootstrap._gcd_import(name[level:], package, level)
           ^^^^^^^^^^^^^^^^^^^^^^^^^^^^^^^^^^^^^^^^^^^^^^^^^^^^
  File "<frozen importlib._bootstrap>", line 1387, in _gcd_import
  File "<frozen importlib._bootstrap>", line 1360, in _find_and_load
  File "<frozen importlib._bootstrap>", line 1331, in _find_and_load_unlocked
  File "<frozen importlib._bootstrap>", line 935, in _load_unlocked
  File "<frozen importlib._bootstrap_external>", line 999, in exec_module
  File "<frozen importlib._bootstrap>", line 488, in _call_with_frames_removed
  File "C:\Users\Vignesh.Selvaraju\AppData\Local\Programs\Python\Python312\Lib\site-packages\transformers\models\vilt\image_processing_vilt.py", line 17, in <module>
    from torchvision.transforms.v2 import functional as tvF
ModuleNotFoundError: No module named 'torchvision'
2026-10-01 16:23:02.878 Examining the path of transformers.models.vitmatte.image_processing_vitmatte_fast raised:
Traceback (most recent call last):
  File "C:\Users\Vignesh.Selvaraju\AppData\Local\Programs\Python\Python312\Lib\site-packages\streamlit\watcher\local_sources_watcher.py", line 330, in get_module_paths
    potential_paths = extract_paths(module)
                      ^^^^^^^^^^^^^^^^^^^^^
  File "C:\Users\Vignesh.Selvaraju\AppData\Local\Programs\Python\Python312\Lib\site-packages\streamlit\watcher\local_sources_watcher.py", line 317, in <lambda>
    if hasattr(m, "__path__")
       ^^^^^^^^^^^^^^^^^^^^^^
  File "C:\Users\Vignesh.Selvaraju\AppData\Local\Programs\Python\Python312\Lib\site-packages\transformers\__init__.py", line 862, in _getattr
    return getattr(importlib.import_module(target, __name__), name)
                   ^^^^^^^^^^^^^^^^^^^^^^^^^^^^^^^^^^^^^^^^^
  File "C:\Users\Vignesh.Selvaraju\AppData\Local\Programs\Python\Python312\Lib\importlib\__init__.py", line 90, in import_module
    return _bootstrap._gcd_import(name[level:], package, level)
           ^^^^^^^^^^^^^^^^^^^^^^^^^^^^^^^^^^^^^^^^^^^^^^^^^^^^
  File "<frozen importlib._bootstrap>", line 1387, in _gcd_import
  File "<frozen importlib._bootstrap>", line 1360, in _find_and_load
  File "<frozen importlib._bootstrap>", line 1331, in _find_and_load_unlocked
  File "<frozen importlib._bootstrap>", line 935, in _load_unlocked
  File "<frozen importlib._bootstrap_external>", line 999, in exec_module
  File "<frozen importlib._bootstrap>", line 488, in _call_with_frames_removed
  File "C:\Users\Vignesh.Selvaraju\AppData\Local\Programs\Python\Python312\Lib\site-packages\transformers\models\vitmatte\image_processing_vitmatte.py", line 19, in <module>
    from torchvision.transforms.v2 import functional as tvF
ModuleNotFoundError: No module named 'torchvision'
2026-10-01 16:23:02.900 Examining the path of transformers.models.vitpose.image_processing_vitpose_fast raised:
Traceback (most recent call last):
  File "C:\Users\Vignesh.Selvaraju\AppData\Local\Programs\Python\Python312\Lib\site-packages\streamlit\watcher\local_sources_watcher.py", line 330, in get_module_paths
    potential_paths = extract_paths(module)
                      ^^^^^^^^^^^^^^^^^^^^^
  File "C:\Users\Vignesh.Selvaraju\AppData\Local\Programs\Python\Python312\Lib\site-packages\streamlit\watcher\local_sources_watcher.py", line 317, in <lambda>
    if hasattr(m, "__path__")
       ^^^^^^^^^^^^^^^^^^^^^^
  File "C:\Users\Vignesh.Selvaraju\AppData\Local\Programs\Python\Python312\Lib\site-packages\transformers\__init__.py", line 862, in _getattr
    return getattr(importlib.import_module(target, __name__), name)
                   ^^^^^^^^^^^^^^^^^^^^^^^^^^^^^^^^^^^^^^^^^
  File "C:\Users\Vignesh.Selvaraju\AppData\Local\Programs\Python\Python312\Lib\importlib\__init__.py", line 90, in import_module
    return _bootstrap._gcd_import(name[level:], package, level)
           ^^^^^^^^^^^^^^^^^^^^^^^^^^^^^^^^^^^^^^^^^^^^^^^^^^^^
  File "<frozen importlib._bootstrap>", line 1387, in _gcd_import
  File "<frozen importlib._bootstrap>", line 1360, in _find_and_load
  File "<frozen importlib._bootstrap>", line 1331, in _find_and_load_unlocked
  File "<frozen importlib._bootstrap>", line 935, in _load_unlocked
  File "<frozen importlib._bootstrap_external>", line 999, in exec_module
  File "<frozen importlib._bootstrap>", line 488, in _call_with_frames_removed
  File "C:\Users\Vignesh.Selvaraju\AppData\Local\Programs\Python\Python312\Lib\site-packages\transformers\models\vitpose\image_processing_vitpose.py", line 22, in <module>
    from torchvision.transforms.v2 import functional as tvF
ModuleNotFoundError: No module named 'torchvision'
2026-10-01 16:23:02.948 Examining the path of transformers.models.yolos.image_processing_yolos_fast raised:
Traceback (most recent call last):
  File "C:\Users\Vignesh.Selvaraju\AppData\Local\Programs\Python\Python312\Lib\site-packages\streamlit\watcher\local_sources_watcher.py", line 330, in get_module_paths
    potential_paths = extract_paths(module)
                      ^^^^^^^^^^^^^^^^^^^^^
  File "C:\Users\Vignesh.Selvaraju\AppData\Local\Programs\Python\Python312\Lib\site-packages\streamlit\watcher\local_sources_watcher.py", line 317, in <lambda>
    if hasattr(m, "__path__")
       ^^^^^^^^^^^^^^^^^^^^^^
  File "C:\Users\Vignesh.Selvaraju\AppData\Local\Programs\Python\Python312\Lib\site-packages\transformers\__init__.py", line 862, in _getattr
    return getattr(importlib.import_module(target, __name__), name)
                   ^^^^^^^^^^^^^^^^^^^^^^^^^^^^^^^^^^^^^^^^^
  File "C:\Users\Vignesh.Selvaraju\AppData\Local\Programs\Python\Python312\Lib\importlib\__init__.py", line 90, in import_module
    return _bootstrap._gcd_import(name[level:], package, level)
           ^^^^^^^^^^^^^^^^^^^^^^^^^^^^^^^^^^^^^^^^^^^^^^^^^^^^
  File "<frozen importlib._bootstrap>", line 1387, in _gcd_import
  File "<frozen importlib._bootstrap>", line 1360, in _find_and_load
  File "<frozen importlib._bootstrap>", line 1331, in _find_and_load_unlocked
  File "<frozen importlib._bootstrap>", line 935, in _load_unlocked
  File "<frozen importlib._bootstrap_external>", line 999, in exec_module
  File "<frozen importlib._bootstrap>", line 488, in _call_with_frames_removed
  File "C:\Users\Vignesh.Selvaraju\AppData\Local\Programs\Python\Python312\Lib\site-packages\transformers\models\yolos\image_processing_yolos.py", line 12, in <module>
    from torchvision.io import read_image
ModuleNotFoundError: No module named 'torchvision'
2026-10-01 16:23:03.131 Examining the path of transformers.models.zoedepth.image_processing_zoedepth_fast raised:
Traceback (most recent call last):
  File "C:\Users\Vignesh.Selvaraju\AppData\Local\Programs\Python\Python312\Lib\site-packages\streamlit\watcher\local_sources_watcher.py", line 330, in get_module_paths
    potential_paths = extract_paths(module)
                      ^^^^^^^^^^^^^^^^^^^^^
  File "C:\Users\Vignesh.Selvaraju\AppData\Local\Programs\Python\Python312\Lib\site-packages\streamlit\watcher\local_sources_watcher.py", line 317, in <lambda>
    if hasattr(m, "__path__")
       ^^^^^^^^^^^^^^^^^^^^^^
  File "C:\Users\Vignesh.Selvaraju\AppData\Local\Programs\Python\Python312\Lib\site-packages\transformers\__init__.py", line 862, in _getattr
    return getattr(importlib.import_module(target, __name__), name)
                   ^^^^^^^^^^^^^^^^^^^^^^^^^^^^^^^^^^^^^^^^^
  File "C:\Users\Vignesh.Selvaraju\AppData\Local\Programs\Python\Python312\Lib\importlib\__init__.py", line 90, in import_module
    return _bootstrap._gcd_import(name[level:], package, level)
           ^^^^^^^^^^^^^^^^^^^^^^^^^^^^^^^^^^^^^^^^^^^^^^^^^^^^
  File "<frozen importlib._bootstrap>", line 1387, in _gcd_import
  File "<frozen importlib._bootstrap>", line 1360, in _find_and_load
  File "<frozen importlib._bootstrap>", line 1331, in _find_and_load_unlocked
  File "<frozen importlib._bootstrap>", line 935, in _load_unlocked
  File "<frozen importlib._bootstrap_external>", line 999, in exec_module
  File "<frozen importlib._bootstrap>", line 488, in _call_with_frames_removed
  File "C:\Users\Vignesh.Selvaraju\AppData\Local\Programs\Python\Python312\Lib\site-packages\transformers\models\zoedepth\image_processing_zoedepth.py", line 43, in <module>
    from torchvision.transforms.v2 import functional as tvF
ModuleNotFoundError: No module named 'torchvision'
2026-10-01 16:23:22 | INFO     | parser.openapi_parser | Parsing OpenAPI spec from: C:\Users\VIGNES~1.SEL\AppData\Local\Temp\tmpg_54o8gc.yaml
2026-10-01 16:23:22 | INFO     | parser.openapi_parser | Parsed 4 endpoint(s) from C:\Users\VIGNES~1.SEL\AppData\Local\Temp\tmpg_54o8gc.yaml
2026-10-01 16:23:27 | WARNING  | __main__ | Mongo document persistence skipped: localhost:27017: [WinError 10061] No connection could be made because the target machine actively refused it (configured timeouts: socketTimeoutMS: 20000.0ms, connectTimeoutMS: 20000.0ms), Timeout: 5.0s, Topology Description: <TopologyDescription id: 6abe3ba2e3976c02faae4277, topology_type: Unknown, servers: [<ServerDescription ('localhost', 27017) server_type: Unknown, rtt: None, error=AutoReconnect('localhost:27017: [WinError 10061] No connection could be made because the target machine actively refused it (configured timeouts: socketTimeoutMS: 20000.0ms, connectTimeoutMS: 20000.0ms)')>]>
2026-10-01 16:23:27.993 Please replace `use_container_width` with `width`.

`use_container_width` will be removed after 2025-12-31.

For `use_container_width=True`, use `width='stretch'`. For `use_container_width=False`, use `width='content'`.
2026-10-01 16:23:47.802 Please replace `use_container_width` with `width`.

`use_container_width` will be removed after 2025-12-31.

For `use_container_width=True`, use `width='stretch'`. For `use_container_width=False`, use `width='content'`.
2026-10-01 16:23:47 | INFO     | knowledge_base.vector_store | Loaded FAISS index from C:\Users\Vignesh.Selvaraju\Downloads\CapstoneMentorArchitecture\capstone1_mentor_architecture\capstone1_release\knowledge_base\faiss_index (92 entries)
2026-10-01 16:23:47 | INFO     | knowledge_base.vector_store | Loading embedding model 'all-MiniLM-L6-v2'

Loading weights:   0%|          | 0/103 [00:00<?, ?it/s]
Loading weights: 100%|##########| 103/103 [00:00<00:00, 1530.83it/s]
2026-10-01 16:23:59 | ERROR    | llm.llm_generator | OpenAI API error on attempt 1: Error code: 401 - {'error': {'message': 'Incorrect API key provided: sk-your-********here. You can find your API key at https://platform.openai.com/account/api-keys.', 'type': 'invalid_request_error', 'code': 'invalid_api_key', 'param': None}, 'status': 401}
2026-10-01 16:23:59 | WARNING  | llm.llm_generator | OpenAI quota/rate-limit error - falling back to offline pattern-based test cases: Error code: 401 - {'error': {'message': 'Incorrect API key provided: sk-your-********here. You can find your API key at https://platform.openai.com/account/api-keys.', 'type': 'invalid_request_error', 'code': 'invalid_api_key', 'param': None}, 'status': 401}
2026-10-01 16:23:59 | INFO     | llm.llm_generator | Generated 54 offline fallback test case(s) for method GET
2026-10-01 16:23:59 | INFO     | validator.duplicate_checker | Removed 6 duplicate test case(s), 48 remain
2026-10-01 16:23:59 | INFO     | storage.json_storage | Appended record d0708d83-6010-4d2a-8f28-a9345ff7c2dc to C:\Users\Vignesh.Selvaraju\Downloads\CapstoneMentorArchitecture\capstone1_mentor_architecture\capstone1_release\storage\data\generated_tests.json
2026-10-01 16:23:59 | INFO     | storage.json_storage | Appended record 7b8a008f-120f-4a65-a7b2-86c0043a10e0 to C:\Users\Vignesh.Selvaraju\Downloads\CapstoneMentorArchitecture\capstone1_mentor_architecture\capstone1_release\storage\data\coverage.json
2026-10-01 16:23:59.478 Please replace `use_container_width` with `width`.

`use_container_width` will be removed after 2025-12-31.

For `use_container_width=True`, use `width='stretch'`. For `use_container_width=False`, use `width='content'`.
2026-10-01 16:24:04.615 Examining the path of transformers.models.aria.image_processing_aria_fast raised:
Traceback (most recent call last):
  File "C:\Users\Vignesh.Selvaraju\AppData\Local\Programs\Python\Python312\Lib\site-packages\streamlit\watcher\local_sources_watcher.py", line 330, in get_module_paths
    potential_paths = extract_paths(module)
                      ^^^^^^^^^^^^^^^^^^^^^
  File "C:\Users\Vignesh.Selvaraju\AppData\Local\Programs\Python\Python312\Lib\site-packages\streamlit\watcher\local_sources_watcher.py", line 317, in <lambda>
    if hasattr(m, "__path__")
       ^^^^^^^^^^^^^^^^^^^^^^
  File "C:\Users\Vignesh.Selvaraju\AppData\Local\Programs\Python\Python312\Lib\site-packages\transformers\__init__.py", line 862, in _getattr
    return getattr(importlib.import_module(target, __name__), name)
                   ^^^^^^^^^^^^^^^^^^^^^^^^^^^^^^^^^^^^^^^^^
  File "C:\Users\Vignesh.Selvaraju\AppData\Local\Programs\Python\Python312\Lib\importlib\__init__.py", line 90, in import_module
    return _bootstrap._gcd_import(name[level:], package, level)
           ^^^^^^^^^^^^^^^^^^^^^^^^^^^^^^^^^^^^^^^^^^^^^^^^^^^^
  File "<frozen importlib._bootstrap>", line 1387, in _gcd_import
  File "<frozen importlib._bootstrap>", line 1360, in _find_and_load
  File "<frozen importlib._bootstrap>", line 1331, in _find_and_load_unlocked
  File "<frozen importlib._bootstrap>", line 935, in _load_unlocked
  File "<frozen importlib._bootstrap_external>", line 999, in exec_module
  File "<frozen importlib._bootstrap>", line 488, in _call_with_frames_removed
  File "C:\Users\Vignesh.Selvaraju\AppData\Local\Programs\Python\Python312\Lib\site-packages\transformers\models\aria\image_processing_aria.py", line 23, in <module>
    from torchvision.transforms.v2 import functional as tvF
ModuleNotFoundError: No module named 'torchvision'
2026-10-01 16:24:04.625 Examining the path of transformers.models.beit.image_processing_beit_fast raised:
Traceback (most recent call last):
  File "C:\Users\Vignesh.Selvaraju\AppData\Local\Programs\Python\Python312\Lib\site-packages\streamlit\watcher\local_sources_watcher.py", line 330, in get_module_paths
    potential_paths = extract_paths(module)
                      ^^^^^^^^^^^^^^^^^^^^^
  File "C:\Users\Vignesh.Selvaraju\AppData\Local\Programs\Python\Python312\Lib\site-packages\streamlit\watcher\local_sources_watcher.py", line 317, in <lambda>
    if hasattr(m, "__path__")
       ^^^^^^^^^^^^^^^^^^^^^^
  File "C:\Users\Vignesh.Selvaraju\AppData\Local\Programs\Python\Python312\Lib\site-packages\transformers\__init__.py", line 862, in _getattr
    return getattr(importlib.import_module(target, __name__), name)
                   ^^^^^^^^^^^^^^^^^^^^^^^^^^^^^^^^^^^^^^^^^
  File "C:\Users\Vignesh.Selvaraju\AppData\Local\Programs\Python\Python312\Lib\importlib\__init__.py", line 90, in import_module
    return _bootstrap._gcd_import(name[level:], package, level)
           ^^^^^^^^^^^^^^^^^^^^^^^^^^^^^^^^^^^^^^^^^^^^^^^^^^^^
  File "<frozen importlib._bootstrap>", line 1387, in _gcd_import
  File "<frozen importlib._bootstrap>", line 1360, in _find_and_load
  File "<frozen importlib._bootstrap>", line 1331, in _find_and_load_unlocked
  File "<frozen importlib._bootstrap>", line 935, in _load_unlocked
  File "<frozen importlib._bootstrap_external>", line 999, in exec_module
  File "<frozen importlib._bootstrap>", line 488, in _call_with_frames_removed
  File "C:\Users\Vignesh.Selvaraju\AppData\Local\Programs\Python\Python312\Lib\site-packages\transformers\models\beit\image_processing_beit.py", line 20, in <module>
    from torchvision.transforms.v2 import functional as tvF
ModuleNotFoundError: No module named 'torchvision'
2026-10-01 16:24:04.631 Examining the path of transformers.models.bridgetower.image_processing_bridgetower_fast raised:
Traceback (most recent call last):
  File "C:\Users\Vignesh.Selvaraju\AppData\Local\Programs\Python\Python312\Lib\site-packages\streamlit\watcher\local_sources_watcher.py", line 330, in get_module_paths
    potential_paths = extract_paths(module)
                      ^^^^^^^^^^^^^^^^^^^^^
  File "C:\Users\Vignesh.Selvaraju\AppData\Local\Programs\Python\Python312\Lib\site-packages\streamlit\watcher\local_sources_watcher.py", line 317, in <lambda>
    if hasattr(m, "__path__")
       ^^^^^^^^^^^^^^^^^^^^^^
  File "C:\Users\Vignesh.Selvaraju\AppData\Local\Programs\Python\Python312\Lib\site-packages\transformers\__init__.py", line 862, in _getattr
    return getattr(importlib.import_module(target, __name__), name)
                   ^^^^^^^^^^^^^^^^^^^^^^^^^^^^^^^^^^^^^^^^^
  File "C:\Users\Vignesh.Selvaraju\AppData\Local\Programs\Python\Python312\Lib\importlib\__init__.py", line 90, in import_module
    return _bootstrap._gcd_import(name[level:], package, level)
           ^^^^^^^^^^^^^^^^^^^^^^^^^^^^^^^^^^^^^^^^^^^^^^^^^^^^
  File "<frozen importlib._bootstrap>", line 1387, in _gcd_import
  File "<frozen importlib._bootstrap>", line 1360, in _find_and_load
  File "<frozen importlib._bootstrap>", line 1331, in _find_and_load_unlocked
  File "<frozen importlib._bootstrap>", line 935, in _load_unlocked
  File "<frozen importlib._bootstrap_external>", line 999, in exec_module
  File "<frozen importlib._bootstrap>", line 488, in _call_with_frames_removed
  File "C:\Users\Vignesh.Selvaraju\AppData\Local\Programs\Python\Python312\Lib\site-packages\transformers\models\bridgetower\image_processing_bridgetower.py", line 20, in <module>
    from torchvision.transforms.v2 import functional as tvF
ModuleNotFoundError: No module named 'torchvision'
2026-10-01 16:24:04.637 Examining the path of transformers.models.chmv2.image_processing_chmv2_fast raised:
Traceback (most recent call last):
  File "C:\Users\Vignesh.Selvaraju\AppData\Local\Programs\Python\Python312\Lib\site-packages\streamlit\watcher\local_sources_watcher.py", line 330, in get_module_paths
    potential_paths = extract_paths(module)
                      ^^^^^^^^^^^^^^^^^^^^^
  File "C:\Users\Vignesh.Selvaraju\AppData\Local\Programs\Python\Python312\Lib\site-packages\streamlit\watcher\local_sources_watcher.py", line 317, in <lambda>
    if hasattr(m, "__path__")
       ^^^^^^^^^^^^^^^^^^^^^^
  File "C:\Users\Vignesh.Selvaraju\AppData\Local\Programs\Python\Python312\Lib\site-packages\transformers\__init__.py", line 862, in _getattr
    return getattr(importlib.import_module(target, __name__), name)
                   ^^^^^^^^^^^^^^^^^^^^^^^^^^^^^^^^^^^^^^^^^
  File "C:\Users\Vignesh.Selvaraju\AppData\Local\Programs\Python\Python312\Lib\importlib\__init__.py", line 90, in import_module
    return _bootstrap._gcd_import(name[level:], package, level)
           ^^^^^^^^^^^^^^^^^^^^^^^^^^^^^^^^^^^^^^^^^^^^^^^^^^^^
  File "<frozen importlib._bootstrap>", line 1387, in _gcd_import
  File "<frozen importlib._bootstrap>", line 1360, in _find_and_load
  File "<frozen importlib._bootstrap>", line 1331, in _find_and_load_unlocked
  File "<frozen importlib._bootstrap>", line 935, in _load_unlocked
  File "<frozen importlib._bootstrap_external>", line 999, in exec_module
  File "<frozen importlib._bootstrap>", line 488, in _call_with_frames_removed
  File "C:\Users\Vignesh.Selvaraju\AppData\Local\Programs\Python\Python312\Lib\site-packages\transformers\models\chmv2\image_processing_chmv2.py", line 27, in <module>
    from torchvision.transforms.v2 import functional as tvF
ModuleNotFoundError: No module named 'torchvision'
2026-10-01 16:24:04.643 Examining the path of transformers.models.cohere2_vision.image_processing_cohere2_vision_fast raised:
Traceback (most recent call last):
  File "C:\Users\Vignesh.Selvaraju\AppData\Local\Programs\Python\Python312\Lib\site-packages\streamlit\watcher\local_sources_watcher.py", line 330, in get_module_paths
    potential_paths = extract_paths(module)
                      ^^^^^^^^^^^^^^^^^^^^^
  File "C:\Users\Vignesh.Selvaraju\AppData\Local\Programs\Python\Python312\Lib\site-packages\streamlit\watcher\local_sources_watcher.py", line 317, in <lambda>
    if hasattr(m, "__path__")
       ^^^^^^^^^^^^^^^^^^^^^^
  File "C:\Users\Vignesh.Selvaraju\AppData\Local\Programs\Python\Python312\Lib\site-packages\transformers\__init__.py", line 862, in _getattr
    return getattr(importlib.import_module(target, __name__), name)
                   ^^^^^^^^^^^^^^^^^^^^^^^^^^^^^^^^^^^^^^^^^
  File "C:\Users\Vignesh.Selvaraju\AppData\Local\Programs\Python\Python312\Lib\importlib\__init__.py", line 90, in import_module
    return _bootstrap._gcd_import(name[level:], package, level)
           ^^^^^^^^^^^^^^^^^^^^^^^^^^^^^^^^^^^^^^^^^^^^^^^^^^^^
  File "<frozen importlib._bootstrap>", line 1387, in _gcd_import
  File "<frozen importlib._bootstrap>", line 1360, in _find_and_load
  File "<frozen importlib._bootstrap>", line 1331, in _find_and_load_unlocked
  File "<frozen importlib._bootstrap>", line 935, in _load_unlocked
  File "<frozen importlib._bootstrap_external>", line 999, in exec_module
  File "<frozen importlib._bootstrap>", line 488, in _call_with_frames_removed
  File "C:\Users\Vignesh.Selvaraju\AppData\Local\Programs\Python\Python312\Lib\site-packages\transformers\models\cohere2_vision\image_processing_cohere2_vision.py", line 25, in <module>
    from torchvision.transforms.v2 import functional as tvF
ModuleNotFoundError: No module named 'torchvision'
2026-10-01 16:24:04.649 Examining the path of transformers.models.conditional_detr.image_processing_conditional_detr_fast raised:
Traceback (most recent call last):
  File "C:\Users\Vignesh.Selvaraju\AppData\Local\Programs\Python\Python312\Lib\site-packages\streamlit\watcher\local_sources_watcher.py", line 330, in get_module_paths
    potential_paths = extract_paths(module)
                      ^^^^^^^^^^^^^^^^^^^^^
  File "C:\Users\Vignesh.Selvaraju\AppData\Local\Programs\Python\Python312\Lib\site-packages\streamlit\watcher\local_sources_watcher.py", line 317, in <lambda>
    if hasattr(m, "__path__")
       ^^^^^^^^^^^^^^^^^^^^^^
  File "C:\Users\Vignesh.Selvaraju\AppData\Local\Programs\Python\Python312\Lib\site-packages\transformers\__init__.py", line 862, in _getattr
    return getattr(importlib.import_module(target, __name__), name)
                   ^^^^^^^^^^^^^^^^^^^^^^^^^^^^^^^^^^^^^^^^^
  File "C:\Users\Vignesh.Selvaraju\AppData\Local\Programs\Python\Python312\Lib\importlib\__init__.py", line 90, in import_module
    return _bootstrap._gcd_import(name[level:], package, level)
           ^^^^^^^^^^^^^^^^^^^^^^^^^^^^^^^^^^^^^^^^^^^^^^^^^^^^
  File "<frozen importlib._bootstrap>", line 1387, in _gcd_import
  File "<frozen importlib._bootstrap>", line 1360, in _find_and_load
  File "<frozen importlib._bootstrap>", line 1331, in _find_and_load_unlocked
  File "<frozen importlib._bootstrap>", line 935, in _load_unlocked
  File "<frozen importlib._bootstrap_external>", line 999, in exec_module
  File "<frozen importlib._bootstrap>", line 488, in _call_with_frames_removed
  File "C:\Users\Vignesh.Selvaraju\AppData\Local\Programs\Python\Python312\Lib\site-packages\transformers\models\conditional_detr\image_processing_conditional_detr.py", line 27, in <module>
    from torchvision.io import read_image
ModuleNotFoundError: No module named 'torchvision'
2026-10-01 16:24:04.654 Examining the path of transformers.models.convnext.image_processing_convnext_fast raised:
Traceback (most recent call last):
  File "C:\Users\Vignesh.Selvaraju\AppData\Local\Programs\Python\Python312\Lib\site-packages\streamlit\watcher\local_sources_watcher.py", line 330, in get_module_paths
    potential_paths = extract_paths(module)
                      ^^^^^^^^^^^^^^^^^^^^^
  File "C:\Users\Vignesh.Selvaraju\AppData\Local\Programs\Python\Python312\Lib\site-packages\streamlit\watcher\local_sources_watcher.py", line 317, in <lambda>
    if hasattr(m, "__path__")
       ^^^^^^^^^^^^^^^^^^^^^^
  File "C:\Users\Vignesh.Selvaraju\AppData\Local\Programs\Python\Python312\Lib\site-packages\transformers\__init__.py", line 862, in _getattr
    return getattr(importlib.import_module(target, __name__), name)
                   ^^^^^^^^^^^^^^^^^^^^^^^^^^^^^^^^^^^^^^^^^
  File "C:\Users\Vignesh.Selvaraju\AppData\Local\Programs\Python\Python312\Lib\importlib\__init__.py", line 90, in import_module
    return _bootstrap._gcd_import(name[level:], package, level)
           ^^^^^^^^^^^^^^^^^^^^^^^^^^^^^^^^^^^^^^^^^^^^^^^^^^^^
  File "<frozen importlib._bootstrap>", line 1387, in _gcd_import
  File "<frozen importlib._bootstrap>", line 1360, in _find_and_load
  File "<frozen importlib._bootstrap>", line 1331, in _find_and_load_unlocked
  File "<frozen importlib._bootstrap>", line 935, in _load_unlocked
  File "<frozen importlib._bootstrap_external>", line 999, in exec_module
  File "<frozen importlib._bootstrap>", line 488, in _call_with_frames_removed
  File "C:\Users\Vignesh.Selvaraju\AppData\Local\Programs\Python\Python312\Lib\site-packages\transformers\models\convnext\image_processing_convnext.py", line 17, in <module>
    from torchvision.transforms.v2 import functional as tvF
ModuleNotFoundError: No module named 'torchvision'
2026-10-01 16:24:04.660 Examining the path of transformers.models.cosmos3_edge.image_processing_cosmos3_edge_fast raised:
Traceback (most recent call last):
  File "C:\Users\Vignesh.Selvaraju\AppData\Local\Programs\Python\Python312\Lib\site-packages\streamlit\watcher\local_sources_watcher.py", line 330, in get_module_paths
    potential_paths = extract_paths(module)
                      ^^^^^^^^^^^^^^^^^^^^^
  File "C:\Users\Vignesh.Selvaraju\AppData\Local\Programs\Python\Python312\Lib\site-packages\streamlit\watcher\local_sources_watcher.py", line 317, in <lambda>
    if hasattr(m, "__path__")
       ^^^^^^^^^^^^^^^^^^^^^^
  File "C:\Users\Vignesh.Selvaraju\AppData\Local\Programs\Python\Python312\Lib\site-packages\transformers\__init__.py", line 862, in _getattr
    return getattr(importlib.import_module(target, __name__), name)
                   ^^^^^^^^^^^^^^^^^^^^^^^^^^^^^^^^^^^^^^^^^
  File "C:\Users\Vignesh.Selvaraju\AppData\Local\Programs\Python\Python312\Lib\importlib\__init__.py", line 90, in import_module
    return _bootstrap._gcd_import(name[level:], package, level)
           ^^^^^^^^^^^^^^^^^^^^^^^^^^^^^^^^^^^^^^^^^^^^^^^^^^^^
  File "<frozen importlib._bootstrap>", line 1387, in _gcd_import
  File "<frozen importlib._bootstrap>", line 1360, in _find_and_load
  File "<frozen importlib._bootstrap>", line 1331, in _find_and_load_unlocked
  File "<frozen importlib._bootstrap>", line 935, in _load_unlocked
  File "<frozen importlib._bootstrap_external>", line 999, in exec_module
  File "<frozen importlib._bootstrap>", line 488, in _call_with_frames_removed
  File "C:\Users\Vignesh.Selvaraju\AppData\Local\Programs\Python\Python312\Lib\site-packages\transformers\models\cosmos3_edge\image_processing_cosmos3_edge.py", line 23, in <module>
    from torchvision.transforms.v2 import functional as tvF
ModuleNotFoundError: No module named 'torchvision'
2026-10-01 16:24:04.665 Examining the path of transformers.models.deepseek_ocr2.image_processing_deepseek_ocr2_fast raised:
Traceback (most recent call last):
  File "C:\Users\Vignesh.Selvaraju\AppData\Local\Programs\Python\Python312\Lib\site-packages\streamlit\watcher\local_sources_watcher.py", line 330, in get_module_paths
    potential_paths = extract_paths(module)
                      ^^^^^^^^^^^^^^^^^^^^^
  File "C:\Users\Vignesh.Selvaraju\AppData\Local\Programs\Python\Python312\Lib\site-packages\streamlit\watcher\local_sources_watcher.py", line 317, in <lambda>
    if hasattr(m, "__path__")
       ^^^^^^^^^^^^^^^^^^^^^^
  File "C:\Users\Vignesh.Selvaraju\AppData\Local\Programs\Python\Python312\Lib\site-packages\transformers\__init__.py", line 862, in _getattr
    return getattr(importlib.import_module(target, __name__), name)
                   ^^^^^^^^^^^^^^^^^^^^^^^^^^^^^^^^^^^^^^^^^
  File "C:\Users\Vignesh.Selvaraju\AppData\Local\Programs\Python\Python312\Lib\importlib\__init__.py", line 90, in import_module
    return _bootstrap._gcd_import(name[level:], package, level)
           ^^^^^^^^^^^^^^^^^^^^^^^^^^^^^^^^^^^^^^^^^^^^^^^^^^^^
  File "<frozen importlib._bootstrap>", line 1387, in _gcd_import
  File "<frozen importlib._bootstrap>", line 1360, in _find_and_load
  File "<frozen importlib._bootstrap>", line 1331, in _find_and_load_unlocked
  File "<frozen importlib._bootstrap>", line 935, in _load_unlocked
  File "<frozen importlib._bootstrap_external>", line 999, in exec_module
  File "<frozen importlib._bootstrap>", line 488, in _call_with_frames_removed
  File "C:\Users\Vignesh.Selvaraju\AppData\Local\Programs\Python\Python312\Lib\site-packages\transformers\models\deepseek_ocr2\image_processing_deepseek_ocr2.py", line 24, in <module>
    from torchvision.transforms.v2 import functional as tvF
ModuleNotFoundError: No module named 'torchvision'
2026-10-01 16:24:04.671 Examining the path of transformers.models.deepseek_vl.image_processing_deepseek_vl_fast raised:
Traceback (most recent call last):
  File "C:\Users\Vignesh.Selvaraju\AppData\Local\Programs\Python\Python312\Lib\site-packages\streamlit\watcher\local_sources_watcher.py", line 330, in get_module_paths
    potential_paths = extract_paths(module)
                      ^^^^^^^^^^^^^^^^^^^^^
  File "C:\Users\Vignesh.Selvaraju\AppData\Local\Programs\Python\Python312\Lib\site-packages\streamlit\watcher\local_sources_watcher.py", line 317, in <lambda>
    if hasattr(m, "__path__")
       ^^^^^^^^^^^^^^^^^^^^^^
  File "C:\Users\Vignesh.Selvaraju\AppData\Local\Programs\Python\Python312\Lib\site-packages\transformers\__init__.py", line 862, in _getattr
    return getattr(importlib.import_module(target, __name__), name)
                   ^^^^^^^^^^^^^^^^^^^^^^^^^^^^^^^^^^^^^^^^^
  File "C:\Users\Vignesh.Selvaraju\AppData\Local\Programs\Python\Python312\Lib\importlib\__init__.py", line 90, in import_module
    return _bootstrap._gcd_import(name[level:], package, level)
           ^^^^^^^^^^^^^^^^^^^^^^^^^^^^^^^^^^^^^^^^^^^^^^^^^^^^
  File "<frozen importlib._bootstrap>", line 1387, in _gcd_import
  File "<frozen importlib._bootstrap>", line 1360, in _find_and_load
  File "<frozen importlib._bootstrap>", line 1331, in _find_and_load_unlocked
  File "<frozen importlib._bootstrap>", line 935, in _load_unlocked
  File "<frozen importlib._bootstrap_external>", line 999, in exec_module
  File "<frozen importlib._bootstrap>", line 488, in _call_with_frames_removed
  File "C:\Users\Vignesh.Selvaraju\AppData\Local\Programs\Python\Python312\Lib\site-packages\transformers\models\deepseek_vl\image_processing_deepseek_vl.py", line 23, in <module>
    import torchvision.transforms.v2.functional as tvF
ModuleNotFoundError: No module named 'torchvision'
2026-10-01 16:24:04.677 Examining the path of transformers.models.deepseek_vl_hybrid.image_processing_deepseek_vl_hybrid_fast raised:
Traceback (most recent call last):
  File "C:\Users\Vignesh.Selvaraju\AppData\Local\Programs\Python\Python312\Lib\site-packages\streamlit\watcher\local_sources_watcher.py", line 330, in get_module_paths
    potential_paths = extract_paths(module)
                      ^^^^^^^^^^^^^^^^^^^^^
  File "C:\Users\Vignesh.Selvaraju\AppData\Local\Programs\Python\Python312\Lib\site-packages\streamlit\watcher\local_sources_watcher.py", line 317, in <lambda>
    if hasattr(m, "__path__")
       ^^^^^^^^^^^^^^^^^^^^^^
  File "C:\Users\Vignesh.Selvaraju\AppData\Local\Programs\Python\Python312\Lib\site-packages\transformers\__init__.py", line 862, in _getattr
    return getattr(importlib.import_module(target, __name__), name)
                   ^^^^^^^^^^^^^^^^^^^^^^^^^^^^^^^^^^^^^^^^^
  File "C:\Users\Vignesh.Selvaraju\AppData\Local\Programs\Python\Python312\Lib\importlib\__init__.py", line 90, in import_module
    return _bootstrap._gcd_import(name[level:], package, level)
           ^^^^^^^^^^^^^^^^^^^^^^^^^^^^^^^^^^^^^^^^^^^^^^^^^^^^
  File "<frozen importlib._bootstrap>", line 1387, in _gcd_import
  File "<frozen importlib._bootstrap>", line 1360, in _find_and_load
  File "<frozen importlib._bootstrap>", line 1331, in _find_and_load_unlocked
  File "<frozen importlib._bootstrap>", line 935, in _load_unlocked
  File "<frozen importlib._bootstrap_external>", line 999, in exec_module
  File "<frozen importlib._bootstrap>", line 488, in _call_with_frames_removed
  File "C:\Users\Vignesh.Selvaraju\AppData\Local\Programs\Python\Python312\Lib\site-packages\transformers\models\deepseek_vl_hybrid\image_processing_deepseek_vl_hybrid.py", line 25, in <module>
    import torchvision.transforms.v2.functional as tvF
ModuleNotFoundError: No module named 'torchvision'
2026-10-01 16:24:04.687 Examining the path of transformers.models.deformable_detr.image_processing_deformable_detr_fast raised:
Traceback (most recent call last):
  File "C:\Users\Vignesh.Selvaraju\AppData\Local\Programs\Python\Python312\Lib\site-packages\streamlit\watcher\local_sources_watcher.py", line 330, in get_module_paths
    potential_paths = extract_paths(module)
                      ^^^^^^^^^^^^^^^^^^^^^
  File "C:\Users\Vignesh.Selvaraju\AppData\Local\Programs\Python\Python312\Lib\site-packages\streamlit\watcher\local_sources_watcher.py", line 317, in <lambda>
    if hasattr(m, "__path__")
       ^^^^^^^^^^^^^^^^^^^^^^
  File "C:\Users\Vignesh.Selvaraju\AppData\Local\Programs\Python\Python312\Lib\site-packages\transformers\__init__.py", line 862, in _getattr
    return getattr(importlib.import_module(target, __name__), name)
                   ^^^^^^^^^^^^^^^^^^^^^^^^^^^^^^^^^^^^^^^^^
  File "C:\Users\Vignesh.Selvaraju\AppData\Local\Programs\Python\Python312\Lib\importlib\__init__.py", line 90, in import_module
    return _bootstrap._gcd_import(name[level:], package, level)
           ^^^^^^^^^^^^^^^^^^^^^^^^^^^^^^^^^^^^^^^^^^^^^^^^^^^^
  File "<frozen importlib._bootstrap>", line 1387, in _gcd_import
  File "<frozen importlib._bootstrap>", line 1360, in _find_and_load
  File "<frozen importlib._bootstrap>", line 1331, in _find_and_load_unlocked
  File "<frozen importlib._bootstrap>", line 935, in _load_unlocked
  File "<frozen importlib._bootstrap_external>", line 999, in exec_module
  File "<frozen importlib._bootstrap>", line 488, in _call_with_frames_removed
  File "C:\Users\Vignesh.Selvaraju\AppData\Local\Programs\Python\Python312\Lib\site-packages\transformers\models\deformable_detr\image_processing_deformable_detr.py", line 25, in <module>
    from torchvision.io import read_image
ModuleNotFoundError: No module named 'torchvision'
2026-10-01 16:24:04.691 Examining the path of transformers.models.depth_pro.image_processing_depth_pro_fast raised:
Traceback (most recent call last):
  File "C:\Users\Vignesh.Selvaraju\AppData\Local\Programs\Python\Python312\Lib\site-packages\streamlit\watcher\local_sources_watcher.py", line 330, in get_module_paths
    potential_paths = extract_paths(module)
                      ^^^^^^^^^^^^^^^^^^^^^
  File "C:\Users\Vignesh.Selvaraju\AppData\Local\Programs\Python\Python312\Lib\site-packages\streamlit\watcher\local_sources_watcher.py", line 317, in <lambda>
    if hasattr(m, "__path__")
       ^^^^^^^^^^^^^^^^^^^^^^
  File "C:\Users\Vignesh.Selvaraju\AppData\Local\Programs\Python\Python312\Lib\site-packages\transformers\__init__.py", line 862, in _getattr
    return getattr(importlib.import_module(target, __name__), name)
                   ^^^^^^^^^^^^^^^^^^^^^^^^^^^^^^^^^^^^^^^^^
  File "C:\Users\Vignesh.Selvaraju\AppData\Local\Programs\Python\Python312\Lib\importlib\__init__.py", line 90, in import_module
    return _bootstrap._gcd_import(name[level:], package, level)
           ^^^^^^^^^^^^^^^^^^^^^^^^^^^^^^^^^^^^^^^^^^^^^^^^^^^^
  File "<frozen importlib._bootstrap>", line 1387, in _gcd_import
  File "<frozen importlib._bootstrap>", line 1360, in _find_and_load
  File "<frozen importlib._bootstrap>", line 1331, in _find_and_load_unlocked
  File "<frozen importlib._bootstrap>", line 935, in _load_unlocked
  File "<frozen importlib._bootstrap_external>", line 999, in exec_module
  File "<frozen importlib._bootstrap>", line 488, in _call_with_frames_removed
  File "C:\Users\Vignesh.Selvaraju\AppData\Local\Programs\Python\Python312\Lib\site-packages\transformers\models\depth_pro\image_processing_depth_pro.py", line 19, in <module>
    from torchvision.transforms.v2 import functional as tvF
ModuleNotFoundError: No module named 'torchvision'
2026-10-01 16:24:04.698 Examining the path of transformers.models.detr.image_processing_detr_fast raised:
Traceback (most recent call last):
  File "C:\Users\Vignesh.Selvaraju\AppData\Local\Programs\Python\Python312\Lib\site-packages\streamlit\watcher\local_sources_watcher.py", line 330, in get_module_paths
    potential_paths = extract_paths(module)
                      ^^^^^^^^^^^^^^^^^^^^^
  File "C:\Users\Vignesh.Selvaraju\AppData\Local\Programs\Python\Python312\Lib\site-packages\streamlit\watcher\local_sources_watcher.py", line 317, in <lambda>
    if hasattr(m, "__path__")
       ^^^^^^^^^^^^^^^^^^^^^^
  File "C:\Users\Vignesh.Selvaraju\AppData\Local\Programs\Python\Python312\Lib\site-packages\transformers\__init__.py", line 862, in _getattr
    return getattr(importlib.import_module(target, __name__), name)
                   ^^^^^^^^^^^^^^^^^^^^^^^^^^^^^^^^^^^^^^^^^
  File "C:\Users\Vignesh.Selvaraju\AppData\Local\Programs\Python\Python312\Lib\importlib\__init__.py", line 90, in import_module
    return _bootstrap._gcd_import(name[level:], package, level)
           ^^^^^^^^^^^^^^^^^^^^^^^^^^^^^^^^^^^^^^^^^^^^^^^^^^^^
  File "<frozen importlib._bootstrap>", line 1387, in _gcd_import
  File "<frozen importlib._bootstrap>", line 1360, in _find_and_load
  File "<frozen importlib._bootstrap>", line 1331, in _find_and_load_unlocked
  File "<frozen importlib._bootstrap>", line 935, in _load_unlocked
  File "<frozen importlib._bootstrap_external>", line 999, in exec_module
  File "<frozen importlib._bootstrap>", line 488, in _call_with_frames_removed
  File "C:\Users\Vignesh.Selvaraju\AppData\Local\Programs\Python\Python312\Lib\site-packages\transformers\models\detr\image_processing_detr.py", line 22, in <module>
    from torchvision.io import read_image
ModuleNotFoundError: No module named 'torchvision'
2026-10-01 16:24:04.705 Examining the path of transformers.models.dinov3_vit.image_processing_dinov3_vit_fast raised:
Traceback (most recent call last):
  File "C:\Users\Vignesh.Selvaraju\AppData\Local\Programs\Python\Python312\Lib\site-packages\streamlit\watcher\local_sources_watcher.py", line 330, in get_module_paths
    potential_paths = extract_paths(module)
                      ^^^^^^^^^^^^^^^^^^^^^
  File "C:\Users\Vignesh.Selvaraju\AppData\Local\Programs\Python\Python312\Lib\site-packages\streamlit\watcher\local_sources_watcher.py", line 317, in <lambda>
    if hasattr(m, "__path__")
       ^^^^^^^^^^^^^^^^^^^^^^
  File "C:\Users\Vignesh.Selvaraju\AppData\Local\Programs\Python\Python312\Lib\site-packages\transformers\__init__.py", line 862, in _getattr
    return getattr(importlib.import_module(target, __name__), name)
                   ^^^^^^^^^^^^^^^^^^^^^^^^^^^^^^^^^^^^^^^^^
  File "C:\Users\Vignesh.Selvaraju\AppData\Local\Programs\Python\Python312\Lib\importlib\__init__.py", line 90, in import_module
    return _bootstrap._gcd_import(name[level:], package, level)
           ^^^^^^^^^^^^^^^^^^^^^^^^^^^^^^^^^^^^^^^^^^^^^^^^^^^^
  File "<frozen importlib._bootstrap>", line 1387, in _gcd_import
  File "<frozen importlib._bootstrap>", line 1360, in _find_and_load
  File "<frozen importlib._bootstrap>", line 1331, in _find_and_load_unlocked
  File "<frozen importlib._bootstrap>", line 935, in _load_unlocked
  File "<frozen importlib._bootstrap_external>", line 999, in exec_module
  File "<frozen importlib._bootstrap>", line 488, in _call_with_frames_removed
  File "C:\Users\Vignesh.Selvaraju\AppData\Local\Programs\Python\Python312\Lib\site-packages\transformers\models\dinov3_vit\image_processing_dinov3_vit.py", line 17, in <module>
    from torchvision.transforms.v2 import functional as tvF
ModuleNotFoundError: No module named 'torchvision'
2026-10-01 16:24:04.710 Examining the path of transformers.models.donut.image_processing_donut_fast raised:
Traceback (most recent call last):
  File "C:\Users\Vignesh.Selvaraju\AppData\Local\Programs\Python\Python312\Lib\site-packages\streamlit\watcher\local_sources_watcher.py", line 330, in get_module_paths
    potential_paths = extract_paths(module)
                      ^^^^^^^^^^^^^^^^^^^^^
  File "C:\Users\Vignesh.Selvaraju\AppData\Local\Programs\Python\Python312\Lib\site-packages\streamlit\watcher\local_sources_watcher.py", line 317, in <lambda>
    if hasattr(m, "__path__")
       ^^^^^^^^^^^^^^^^^^^^^^
  File "C:\Users\Vignesh.Selvaraju\AppData\Local\Programs\Python\Python312\Lib\site-packages\transformers\__init__.py", line 862, in _getattr
    return getattr(importlib.import_module(target, __name__), name)
                   ^^^^^^^^^^^^^^^^^^^^^^^^^^^^^^^^^^^^^^^^^
  File "C:\Users\Vignesh.Selvaraju\AppData\Local\Programs\Python\Python312\Lib\importlib\__init__.py", line 90, in import_module
    return _bootstrap._gcd_import(name[level:], package, level)
           ^^^^^^^^^^^^^^^^^^^^^^^^^^^^^^^^^^^^^^^^^^^^^^^^^^^^
  File "<frozen importlib._bootstrap>", line 1387, in _gcd_import
  File "<frozen importlib._bootstrap>", line 1360, in _find_and_load
  File "<frozen importlib._bootstrap>", line 1331, in _find_and_load_unlocked
  File "<frozen importlib._bootstrap>", line 935, in _load_unlocked
  File "<frozen importlib._bootstrap_external>", line 999, in exec_module
  File "<frozen importlib._bootstrap>", line 488, in _call_with_frames_removed
  File "C:\Users\Vignesh.Selvaraju\AppData\Local\Programs\Python\Python312\Lib\site-packages\transformers\models\donut\image_processing_donut.py", line 17, in <module>
    from torchvision.transforms.v2 import functional as tvF
ModuleNotFoundError: No module named 'torchvision'
2026-10-01 16:24:04.715 Examining the path of transformers.models.dpt.image_processing_dpt_fast raised:
Traceback (most recent call last):
  File "C:\Users\Vignesh.Selvaraju\AppData\Local\Programs\Python\Python312\Lib\site-packages\streamlit\watcher\local_sources_watcher.py", line 330, in get_module_paths
    potential_paths = extract_paths(module)
                      ^^^^^^^^^^^^^^^^^^^^^
  File "C:\Users\Vignesh.Selvaraju\AppData\Local\Programs\Python\Python312\Lib\site-packages\streamlit\watcher\local_sources_watcher.py", line 317, in <lambda>
    if hasattr(m, "__path__")
       ^^^^^^^^^^^^^^^^^^^^^^
  File "C:\Users\Vignesh.Selvaraju\AppData\Local\Programs\Python\Python312\Lib\site-packages\transformers\__init__.py", line 862, in _getattr
    return getattr(importlib.import_module(target, __name__), name)
                   ^^^^^^^^^^^^^^^^^^^^^^^^^^^^^^^^^^^^^^^^^
  File "C:\Users\Vignesh.Selvaraju\AppData\Local\Programs\Python\Python312\Lib\importlib\__init__.py", line 90, in import_module
    return _bootstrap._gcd_import(name[level:], package, level)
           ^^^^^^^^^^^^^^^^^^^^^^^^^^^^^^^^^^^^^^^^^^^^^^^^^^^^
  File "<frozen importlib._bootstrap>", line 1387, in _gcd_import
  File "<frozen importlib._bootstrap>", line 1360, in _find_and_load
  File "<frozen importlib._bootstrap>", line 1331, in _find_and_load_unlocked
  File "<frozen importlib._bootstrap>", line 935, in _load_unlocked
  File "<frozen importlib._bootstrap_external>", line 999, in exec_module
  File "<frozen importlib._bootstrap>", line 488, in _call_with_frames_removed
  File "C:\Users\Vignesh.Selvaraju\AppData\Local\Programs\Python\Python312\Lib\site-packages\transformers\models\dpt\image_processing_dpt.py", line 28, in <module>
    from torchvision.transforms.v2 import functional as tvF
ModuleNotFoundError: No module named 'torchvision'
2026-10-01 16:24:04.721 Examining the path of transformers.models.efficientloftr.image_processing_efficientloftr_fast raised:
Traceback (most recent call last):
  File "C:\Users\Vignesh.Selvaraju\AppData\Local\Programs\Python\Python312\Lib\site-packages\streamlit\watcher\local_sources_watcher.py", line 330, in get_module_paths
    potential_paths = extract_paths(module)
                      ^^^^^^^^^^^^^^^^^^^^^
  File "C:\Users\Vignesh.Selvaraju\AppData\Local\Programs\Python\Python312\Lib\site-packages\streamlit\watcher\local_sources_watcher.py", line 317, in <lambda>
    if hasattr(m, "__path__")
       ^^^^^^^^^^^^^^^^^^^^^^
  File "C:\Users\Vignesh.Selvaraju\AppData\Local\Programs\Python\Python312\Lib\site-packages\transformers\__init__.py", line 862, in _getattr
    return getattr(importlib.import_module(target, __name__), name)
                   ^^^^^^^^^^^^^^^^^^^^^^^^^^^^^^^^^^^^^^^^^
  File "C:\Users\Vignesh.Selvaraju\AppData\Local\Programs\Python\Python312\Lib\importlib\__init__.py", line 90, in import_module
    return _bootstrap._gcd_import(name[level:], package, level)
           ^^^^^^^^^^^^^^^^^^^^^^^^^^^^^^^^^^^^^^^^^^^^^^^^^^^^
  File "<frozen importlib._bootstrap>", line 1387, in _gcd_import
  File "<frozen importlib._bootstrap>", line 1360, in _find_and_load
  File "<frozen importlib._bootstrap>", line 1331, in _find_and_load_unlocked
  File "<frozen importlib._bootstrap>", line 935, in _load_unlocked
  File "<frozen importlib._bootstrap_external>", line 999, in exec_module
  File "<frozen importlib._bootstrap>", line 488, in _call_with_frames_removed
  File "C:\Users\Vignesh.Selvaraju\AppData\Local\Programs\Python\Python312\Lib\site-packages\transformers\models\efficientloftr\image_processing_efficientloftr.py", line 10, in <module>
    from torchvision.transforms.v2 import functional as tvF
ModuleNotFoundError: No module named 'torchvision'
2026-10-01 16:24:04.727 Examining the path of transformers.models.efficientnet.image_processing_efficientnet_fast raised:
Traceback (most recent call last):
  File "C:\Users\Vignesh.Selvaraju\AppData\Local\Programs\Python\Python312\Lib\site-packages\streamlit\watcher\local_sources_watcher.py", line 330, in get_module_paths
    potential_paths = extract_paths(module)
                      ^^^^^^^^^^^^^^^^^^^^^
  File "C:\Users\Vignesh.Selvaraju\AppData\Local\Programs\Python\Python312\Lib\site-packages\streamlit\watcher\local_sources_watcher.py", line 317, in <lambda>
    if hasattr(m, "__path__")
       ^^^^^^^^^^^^^^^^^^^^^^
  File "C:\Users\Vignesh.Selvaraju\AppData\Local\Programs\Python\Python312\Lib\site-packages\transformers\__init__.py", line 862, in _getattr
    return getattr(importlib.import_module(target, __name__), name)
                   ^^^^^^^^^^^^^^^^^^^^^^^^^^^^^^^^^^^^^^^^^
  File "C:\Users\Vignesh.Selvaraju\AppData\Local\Programs\Python\Python312\Lib\importlib\__init__.py", line 90, in import_module
    return _bootstrap._gcd_import(name[level:], package, level)
           ^^^^^^^^^^^^^^^^^^^^^^^^^^^^^^^^^^^^^^^^^^^^^^^^^^^^
  File "<frozen importlib._bootstrap>", line 1387, in _gcd_import
  File "<frozen importlib._bootstrap>", line 1360, in _find_and_load
  File "<frozen importlib._bootstrap>", line 1331, in _find_and_load_unlocked
  File "<frozen importlib._bootstrap>", line 935, in _load_unlocked
  File "<frozen importlib._bootstrap_external>", line 999, in exec_module
  File "<frozen importlib._bootstrap>", line 488, in _call_with_frames_removed
  File "C:\Users\Vignesh.Selvaraju\AppData\Local\Programs\Python\Python312\Lib\site-packages\transformers\models\efficientnet\image_processing_efficientnet.py", line 20, in <module>
    from torchvision.transforms.v2 import functional as tvF
ModuleNotFoundError: No module named 'torchvision'
2026-10-01 16:24:04.735 Examining the path of transformers.models.eomt.image_processing_eomt_fast raised:
Traceback (most recent call last):
  File "C:\Users\Vignesh.Selvaraju\AppData\Local\Programs\Python\Python312\Lib\site-packages\streamlit\watcher\local_sources_watcher.py", line 330, in get_module_paths
    potential_paths = extract_paths(module)
                      ^^^^^^^^^^^^^^^^^^^^^
  File "C:\Users\Vignesh.Selvaraju\AppData\Local\Programs\Python\Python312\Lib\site-packages\streamlit\watcher\local_sources_watcher.py", line 317, in <lambda>
    if hasattr(m, "__path__")
       ^^^^^^^^^^^^^^^^^^^^^^
  File "C:\Users\Vignesh.Selvaraju\AppData\Local\Programs\Python\Python312\Lib\site-packages\transformers\__init__.py", line 862, in _getattr
    return getattr(importlib.import_module(target, __name__), name)
                   ^^^^^^^^^^^^^^^^^^^^^^^^^^^^^^^^^^^^^^^^^
  File "C:\Users\Vignesh.Selvaraju\AppData\Local\Programs\Python\Python312\Lib\importlib\__init__.py", line 90, in import_module
    return _bootstrap._gcd_import(name[level:], package, level)
           ^^^^^^^^^^^^^^^^^^^^^^^^^^^^^^^^^^^^^^^^^^^^^^^^^^^^
  File "<frozen importlib._bootstrap>", line 1387, in _gcd_import
  File "<frozen importlib._bootstrap>", line 1360, in _find_and_load
  File "<frozen importlib._bootstrap>", line 1331, in _find_and_load_unlocked
  File "<frozen importlib._bootstrap>", line 935, in _load_unlocked
  File "<frozen importlib._bootstrap_external>", line 999, in exec_module
  File "<frozen importlib._bootstrap>", line 488, in _call_with_frames_removed
  File "C:\Users\Vignesh.Selvaraju\AppData\Local\Programs\Python\Python312\Lib\site-packages\transformers\models\eomt\image_processing_eomt.py", line 20, in <module>
    from torchvision.transforms.v2 import functional as tvF
ModuleNotFoundError: No module named 'torchvision'
2026-10-01 16:24:04.741 Examining the path of transformers.models.ernie4_5_vl_moe.image_processing_ernie4_5_vl_moe_fast raised:
Traceback (most recent call last):
  File "C:\Users\Vignesh.Selvaraju\AppData\Local\Programs\Python\Python312\Lib\site-packages\streamlit\watcher\local_sources_watcher.py", line 330, in get_module_paths
    potential_paths = extract_paths(module)
                      ^^^^^^^^^^^^^^^^^^^^^
  File "C:\Users\Vignesh.Selvaraju\AppData\Local\Programs\Python\Python312\Lib\site-packages\streamlit\watcher\local_sources_watcher.py", line 317, in <lambda>
    if hasattr(m, "__path__")
       ^^^^^^^^^^^^^^^^^^^^^^
  File "C:\Users\Vignesh.Selvaraju\AppData\Local\Programs\Python\Python312\Lib\site-packages\transformers\__init__.py", line 862, in _getattr
    return getattr(importlib.import_module(target, __name__), name)
                   ^^^^^^^^^^^^^^^^^^^^^^^^^^^^^^^^^^^^^^^^^
  File "C:\Users\Vignesh.Selvaraju\AppData\Local\Programs\Python\Python312\Lib\importlib\__init__.py", line 90, in import_module
    return _bootstrap._gcd_import(name[level:], package, level)
           ^^^^^^^^^^^^^^^^^^^^^^^^^^^^^^^^^^^^^^^^^^^^^^^^^^^^
  File "<frozen importlib._bootstrap>", line 1387, in _gcd_import
  File "<frozen importlib._bootstrap>", line 1360, in _find_and_load
  File "<frozen importlib._bootstrap>", line 1331, in _find_and_load_unlocked
  File "<frozen importlib._bootstrap>", line 935, in _load_unlocked
  File "<frozen importlib._bootstrap_external>", line 999, in exec_module
  File "<frozen importlib._bootstrap>", line 488, in _call_with_frames_removed
  File "C:\Users\Vignesh.Selvaraju\AppData\Local\Programs\Python\Python312\Lib\site-packages\transformers\models\ernie4_5_vl_moe\image_processing_ernie4_5_vl_moe.py", line 24, in <module>
    from torchvision.transforms.v2 import functional as tvF
ModuleNotFoundError: No module named 'torchvision'
2026-10-01 16:24:04.752 Examining the path of transformers.models.flava.image_processing_flava_fast raised:
Traceback (most recent call last):
  File "C:\Users\Vignesh.Selvaraju\AppData\Local\Programs\Python\Python312\Lib\site-packages\streamlit\watcher\local_sources_watcher.py", line 330, in get_module_paths
    potential_paths = extract_paths(module)
                      ^^^^^^^^^^^^^^^^^^^^^
  File "C:\Users\Vignesh.Selvaraju\AppData\Local\Programs\Python\Python312\Lib\site-packages\streamlit\watcher\local_sources_watcher.py", line 317, in <lambda>
    if hasattr(m, "__path__")
       ^^^^^^^^^^^^^^^^^^^^^^
  File "C:\Users\Vignesh.Selvaraju\AppData\Local\Programs\Python\Python312\Lib\site-packages\transformers\__init__.py", line 862, in _getattr
    return getattr(importlib.import_module(target, __name__), name)
                   ^^^^^^^^^^^^^^^^^^^^^^^^^^^^^^^^^^^^^^^^^
  File "C:\Users\Vignesh.Selvaraju\AppData\Local\Programs\Python\Python312\Lib\importlib\__init__.py", line 90, in import_module
    return _bootstrap._gcd_import(name[level:], package, level)
           ^^^^^^^^^^^^^^^^^^^^^^^^^^^^^^^^^^^^^^^^^^^^^^^^^^^^
  File "<frozen importlib._bootstrap>", line 1387, in _gcd_import
  File "<frozen importlib._bootstrap>", line 1360, in _find_and_load
  File "<frozen importlib._bootstrap>", line 1331, in _find_and_load_unlocked
  File "<frozen importlib._bootstrap>", line 935, in _load_unlocked
  File "<frozen importlib._bootstrap_external>", line 999, in exec_module
  File "<frozen importlib._bootstrap>", line 488, in _call_with_frames_removed
  File "C:\Users\Vignesh.Selvaraju\AppData\Local\Programs\Python\Python312\Lib\site-packages\transformers\models\flava\image_processing_flava.py", line 23, in <module>
    from torchvision.transforms.v2 import functional as tvF
ModuleNotFoundError: No module named 'torchvision'
2026-10-01 16:24:04.758 Examining the path of transformers.models.fuyu.image_processing_fuyu_fast raised:
Traceback (most recent call last):
  File "C:\Users\Vignesh.Selvaraju\AppData\Local\Programs\Python\Python312\Lib\site-packages\streamlit\watcher\local_sources_watcher.py", line 330, in get_module_paths
    potential_paths = extract_paths(module)
                      ^^^^^^^^^^^^^^^^^^^^^
  File "C:\Users\Vignesh.Selvaraju\AppData\Local\Programs\Python\Python312\Lib\site-packages\streamlit\watcher\local_sources_watcher.py", line 317, in <lambda>
    if hasattr(m, "__path__")
       ^^^^^^^^^^^^^^^^^^^^^^
  File "C:\Users\Vignesh.Selvaraju\AppData\Local\Programs\Python\Python312\Lib\site-packages\transformers\__init__.py", line 862, in _getattr
    return getattr(importlib.import_module(target, __name__), name)
                   ^^^^^^^^^^^^^^^^^^^^^^^^^^^^^^^^^^^^^^^^^
  File "C:\Users\Vignesh.Selvaraju\AppData\Local\Programs\Python\Python312\Lib\importlib\__init__.py", line 90, in import_module
    return _bootstrap._gcd_import(name[level:], package, level)
           ^^^^^^^^^^^^^^^^^^^^^^^^^^^^^^^^^^^^^^^^^^^^^^^^^^^^
  File "<frozen importlib._bootstrap>", line 1387, in _gcd_import
  File "<frozen importlib._bootstrap>", line 1360, in _find_and_load
  File "<frozen importlib._bootstrap>", line 1331, in _find_and_load_unlocked
  File "<frozen importlib._bootstrap>", line 935, in _load_unlocked
  File "<frozen importlib._bootstrap_external>", line 999, in exec_module
  File "<frozen importlib._bootstrap>", line 488, in _call_with_frames_removed
  File "C:\Users\Vignesh.Selvaraju\AppData\Local\Programs\Python\Python312\Lib\site-packages\transformers\models\fuyu\image_processing_fuyu.py", line 19, in <module>
    from torchvision.transforms.v2 import functional as tvF
ModuleNotFoundError: No module named 'torchvision'
2026-10-01 16:24:04.765 Examining the path of transformers.models.gemma3.image_processing_gemma3_fast raised:
Traceback (most recent call last):
  File "C:\Users\Vignesh.Selvaraju\AppData\Local\Programs\Python\Python312\Lib\site-packages\streamlit\watcher\local_sources_watcher.py", line 330, in get_module_paths
    potential_paths = extract_paths(module)
                      ^^^^^^^^^^^^^^^^^^^^^
  File "C:\Users\Vignesh.Selvaraju\AppData\Local\Programs\Python\Python312\Lib\site-packages\streamlit\watcher\local_sources_watcher.py", line 317, in <lambda>
    if hasattr(m, "__path__")
       ^^^^^^^^^^^^^^^^^^^^^^
  File "C:\Users\Vignesh.Selvaraju\AppData\Local\Programs\Python\Python312\Lib\site-packages\transformers\__init__.py", line 862, in _getattr
    return getattr(importlib.import_module(target, __name__), name)
                   ^^^^^^^^^^^^^^^^^^^^^^^^^^^^^^^^^^^^^^^^^
  File "C:\Users\Vignesh.Selvaraju\AppData\Local\Programs\Python\Python312\Lib\importlib\__init__.py", line 90, in import_module
    return _bootstrap._gcd_import(name[level:], package, level)
           ^^^^^^^^^^^^^^^^^^^^^^^^^^^^^^^^^^^^^^^^^^^^^^^^^^^^
  File "<frozen importlib._bootstrap>", line 1387, in _gcd_import
  File "<frozen importlib._bootstrap>", line 1360, in _find_and_load
  File "<frozen importlib._bootstrap>", line 1331, in _find_and_load_unlocked
  File "<frozen importlib._bootstrap>", line 935, in _load_unlocked
  File "<frozen importlib._bootstrap_external>", line 999, in exec_module
  File "<frozen importlib._bootstrap>", line 488, in _call_with_frames_removed
  File "C:\Users\Vignesh.Selvaraju\AppData\Local\Programs\Python\Python312\Lib\site-packages\transformers\models\gemma3\image_processing_gemma3.py", line 20, in <module>
    from torchvision.transforms.v2 import functional as tvF
ModuleNotFoundError: No module named 'torchvision'
2026-10-01 16:24:04.771 Examining the path of transformers.models.gemma4.image_processing_gemma4_fast raised:
Traceback (most recent call last):
  File "C:\Users\Vignesh.Selvaraju\AppData\Local\Programs\Python\Python312\Lib\site-packages\streamlit\watcher\local_sources_watcher.py", line 330, in get_module_paths
    potential_paths = extract_paths(module)
                      ^^^^^^^^^^^^^^^^^^^^^
  File "C:\Users\Vignesh.Selvaraju\AppData\Local\Programs\Python\Python312\Lib\site-packages\streamlit\watcher\local_sources_watcher.py", line 317, in <lambda>
    if hasattr(m, "__path__")
       ^^^^^^^^^^^^^^^^^^^^^^
  File "C:\Users\Vignesh.Selvaraju\AppData\Local\Programs\Python\Python312\Lib\site-packages\transformers\__init__.py", line 862, in _getattr
    return getattr(importlib.import_module(target, __name__), name)
                   ^^^^^^^^^^^^^^^^^^^^^^^^^^^^^^^^^^^^^^^^^
  File "C:\Users\Vignesh.Selvaraju\AppData\Local\Programs\Python\Python312\Lib\importlib\__init__.py", line 90, in import_module
    return _bootstrap._gcd_import(name[level:], package, level)
           ^^^^^^^^^^^^^^^^^^^^^^^^^^^^^^^^^^^^^^^^^^^^^^^^^^^^
  File "<frozen importlib._bootstrap>", line 1387, in _gcd_import
  File "<frozen importlib._bootstrap>", line 1360, in _find_and_load
  File "<frozen importlib._bootstrap>", line 1331, in _find_and_load_unlocked
  File "<frozen importlib._bootstrap>", line 935, in _load_unlocked
  File "<frozen importlib._bootstrap_external>", line 999, in exec_module
  File "<frozen importlib._bootstrap>", line 488, in _call_with_frames_removed
  File "C:\Users\Vignesh.Selvaraju\AppData\Local\Programs\Python\Python312\Lib\site-packages\transformers\models\gemma4\image_processing_gemma4.py", line 17, in <module>
    from torchvision.transforms.v2 import functional as tvF
ModuleNotFoundError: No module named 'torchvision'
2026-10-01 16:24:04.776 Examining the path of transformers.models.gemma4_unified.image_processing_gemma4_unified_fast raised:
Traceback (most recent call last):
  File "C:\Users\Vignesh.Selvaraju\AppData\Local\Programs\Python\Python312\Lib\site-packages\streamlit\watcher\local_sources_watcher.py", line 330, in get_module_paths
    potential_paths = extract_paths(module)
                      ^^^^^^^^^^^^^^^^^^^^^
  File "C:\Users\Vignesh.Selvaraju\AppData\Local\Programs\Python\Python312\Lib\site-packages\streamlit\watcher\local_sources_watcher.py", line 317, in <lambda>
    if hasattr(m, "__path__")
       ^^^^^^^^^^^^^^^^^^^^^^
  File "C:\Users\Vignesh.Selvaraju\AppData\Local\Programs\Python\Python312\Lib\site-packages\transformers\__init__.py", line 862, in _getattr
    return getattr(importlib.import_module(target, __name__), name)
                   ^^^^^^^^^^^^^^^^^^^^^^^^^^^^^^^^^^^^^^^^^
  File "C:\Users\Vignesh.Selvaraju\AppData\Local\Programs\Python\Python312\Lib\importlib\__init__.py", line 90, in import_module
    return _bootstrap._gcd_import(name[level:], package, level)
           ^^^^^^^^^^^^^^^^^^^^^^^^^^^^^^^^^^^^^^^^^^^^^^^^^^^^
  File "<frozen importlib._bootstrap>", line 1387, in _gcd_import
  File "<frozen importlib._bootstrap>", line 1360, in _find_and_load
  File "<frozen importlib._bootstrap>", line 1331, in _find_and_load_unlocked
  File "<frozen importlib._bootstrap>", line 935, in _load_unlocked
  File "<frozen importlib._bootstrap_external>", line 999, in exec_module
  File "<frozen importlib._bootstrap>", line 488, in _call_with_frames_removed
  File "C:\Users\Vignesh.Selvaraju\AppData\Local\Programs\Python\Python312\Lib\site-packages\transformers\models\gemma4_unified\image_processing_gemma4_unified.py", line 23, in <module>
    from torchvision.transforms.v2 import functional as tvF
ModuleNotFoundError: No module named 'torchvision'
2026-10-01 16:24:04.784 Examining the path of transformers.models.glm46v.image_processing_glm46v_fast raised:
Traceback (most recent call last):
  File "C:\Users\Vignesh.Selvaraju\AppData\Local\Programs\Python\Python312\Lib\site-packages\streamlit\watcher\local_sources_watcher.py", line 330, in get_module_paths
    potential_paths = extract_paths(module)
                      ^^^^^^^^^^^^^^^^^^^^^
  File "C:\Users\Vignesh.Selvaraju\AppData\Local\Programs\Python\Python312\Lib\site-packages\streamlit\watcher\local_sources_watcher.py", line 317, in <lambda>
    if hasattr(m, "__path__")
       ^^^^^^^^^^^^^^^^^^^^^^
  File "C:\Users\Vignesh.Selvaraju\AppData\Local\Programs\Python\Python312\Lib\site-packages\transformers\__init__.py", line 862, in _getattr
    return getattr(importlib.import_module(target, __name__), name)
                   ^^^^^^^^^^^^^^^^^^^^^^^^^^^^^^^^^^^^^^^^^
  File "C:\Users\Vignesh.Selvaraju\AppData\Local\Programs\Python\Python312\Lib\importlib\__init__.py", line 90, in import_module
    return _bootstrap._gcd_import(name[level:], package, level)
           ^^^^^^^^^^^^^^^^^^^^^^^^^^^^^^^^^^^^^^^^^^^^^^^^^^^^
  File "<frozen importlib._bootstrap>", line 1387, in _gcd_import
  File "<frozen importlib._bootstrap>", line 1360, in _find_and_load
  File "<frozen importlib._bootstrap>", line 1331, in _find_and_load_unlocked
  File "<frozen importlib._bootstrap>", line 935, in _load_unlocked
  File "<frozen importlib._bootstrap_external>", line 999, in exec_module
  File "<frozen importlib._bootstrap>", line 488, in _call_with_frames_removed
  File "C:\Users\Vignesh.Selvaraju\AppData\Local\Programs\Python\Python312\Lib\site-packages\transformers\models\glm46v\image_processing_glm46v.py", line 25, in <module>
    from torchvision.transforms.v2 import functional as tvF
ModuleNotFoundError: No module named 'torchvision'
2026-10-01 16:24:04.790 Examining the path of transformers.models.glm4v.image_processing_glm4v_fast raised:
Traceback (most recent call last):
  File "C:\Users\Vignesh.Selvaraju\AppData\Local\Programs\Python\Python312\Lib\site-packages\streamlit\watcher\local_sources_watcher.py", line 330, in get_module_paths
    potential_paths = extract_paths(module)
                      ^^^^^^^^^^^^^^^^^^^^^
  File "C:\Users\Vignesh.Selvaraju\AppData\Local\Programs\Python\Python312\Lib\site-packages\streamlit\watcher\local_sources_watcher.py", line 317, in <lambda>
    if hasattr(m, "__path__")
       ^^^^^^^^^^^^^^^^^^^^^^
  File "C:\Users\Vignesh.Selvaraju\AppData\Local\Programs\Python\Python312\Lib\site-packages\transformers\__init__.py", line 862, in _getattr
    return getattr(importlib.import_module(target, __name__), name)
                   ^^^^^^^^^^^^^^^^^^^^^^^^^^^^^^^^^^^^^^^^^
  File "C:\Users\Vignesh.Selvaraju\AppData\Local\Programs\Python\Python312\Lib\importlib\__init__.py", line 90, in import_module
    return _bootstrap._gcd_import(name[level:], package, level)
           ^^^^^^^^^^^^^^^^^^^^^^^^^^^^^^^^^^^^^^^^^^^^^^^^^^^^
  File "<frozen importlib._bootstrap>", line 1387, in _gcd_import
  File "<frozen importlib._bootstrap>", line 1360, in _find_and_load
  File "<frozen importlib._bootstrap>", line 1331, in _find_and_load_unlocked
  File "<frozen importlib._bootstrap>", line 935, in _load_unlocked
  File "<frozen importlib._bootstrap_external>", line 999, in exec_module
  File "<frozen importlib._bootstrap>", line 488, in _call_with_frames_removed
  File "C:\Users\Vignesh.Selvaraju\AppData\Local\Programs\Python\Python312\Lib\site-packages\transformers\models\glm4v\image_processing_glm4v.py", line 19, in <module>
    from torchvision.transforms.v2 import functional as tvF
ModuleNotFoundError: No module named 'torchvision'
2026-10-01 16:24:04.795 Examining the path of transformers.models.glm_image.image_processing_glm_image_fast raised:
Traceback (most recent call last):
  File "C:\Users\Vignesh.Selvaraju\AppData\Local\Programs\Python\Python312\Lib\site-packages\streamlit\watcher\local_sources_watcher.py", line 330, in get_module_paths
    potential_paths = extract_paths(module)
                      ^^^^^^^^^^^^^^^^^^^^^
  File "C:\Users\Vignesh.Selvaraju\AppData\Local\Programs\Python\Python312\Lib\site-packages\streamlit\watcher\local_sources_watcher.py", line 317, in <lambda>
    if hasattr(m, "__path__")
       ^^^^^^^^^^^^^^^^^^^^^^
  File "C:\Users\Vignesh.Selvaraju\AppData\Local\Programs\Python\Python312\Lib\site-packages\transformers\__init__.py", line 862, in _getattr
    return getattr(importlib.import_module(target, __name__), name)
                   ^^^^^^^^^^^^^^^^^^^^^^^^^^^^^^^^^^^^^^^^^
  File "C:\Users\Vignesh.Selvaraju\AppData\Local\Programs\Python\Python312\Lib\importlib\__init__.py", line 90, in import_module
    return _bootstrap._gcd_import(name[level:], package, level)
           ^^^^^^^^^^^^^^^^^^^^^^^^^^^^^^^^^^^^^^^^^^^^^^^^^^^^
  File "<frozen importlib._bootstrap>", line 1387, in _gcd_import
  File "<frozen importlib._bootstrap>", line 1360, in _find_and_load
  File "<frozen importlib._bootstrap>", line 1331, in _find_and_load_unlocked
  File "<frozen importlib._bootstrap>", line 935, in _load_unlocked
  File "<frozen importlib._bootstrap_external>", line 999, in exec_module
  File "<frozen importlib._bootstrap>", line 488, in _call_with_frames_removed
  File "C:\Users\Vignesh.Selvaraju\AppData\Local\Programs\Python\Python312\Lib\site-packages\transformers\models\glm_image\image_processing_glm_image.py", line 25, in <module>
    from torchvision.transforms.v2 import functional as tvF
ModuleNotFoundError: No module named 'torchvision'
2026-10-01 16:24:04.802 Examining the path of transformers.models.glmga.image_processing_glmga_fast raised:
Traceback (most recent call last):
  File "C:\Users\Vignesh.Selvaraju\AppData\Local\Programs\Python\Python312\Lib\site-packages\streamlit\watcher\local_sources_watcher.py", line 330, in get_module_paths
    potential_paths = extract_paths(module)
                      ^^^^^^^^^^^^^^^^^^^^^
  File "C:\Users\Vignesh.Selvaraju\AppData\Local\Programs\Python\Python312\Lib\site-packages\streamlit\watcher\local_sources_watcher.py", line 317, in <lambda>
    if hasattr(m, "__path__")
       ^^^^^^^^^^^^^^^^^^^^^^
  File "C:\Users\Vignesh.Selvaraju\AppData\Local\Programs\Python\Python312\Lib\site-packages\transformers\__init__.py", line 862, in _getattr
    return getattr(importlib.import_module(target, __name__), name)
                   ^^^^^^^^^^^^^^^^^^^^^^^^^^^^^^^^^^^^^^^^^
  File "C:\Users\Vignesh.Selvaraju\AppData\Local\Programs\Python\Python312\Lib\importlib\__init__.py", line 90, in import_module
    return _bootstrap._gcd_import(name[level:], package, level)
           ^^^^^^^^^^^^^^^^^^^^^^^^^^^^^^^^^^^^^^^^^^^^^^^^^^^^
  File "<frozen importlib._bootstrap>", line 1387, in _gcd_import
  File "<frozen importlib._bootstrap>", line 1360, in _find_and_load
  File "<frozen importlib._bootstrap>", line 1331, in _find_and_load_unlocked
  File "<frozen importlib._bootstrap>", line 935, in _load_unlocked
  File "<frozen importlib._bootstrap_external>", line 999, in exec_module
  File "<frozen importlib._bootstrap>", line 488, in _call_with_frames_removed
  File "C:\Users\Vignesh.Selvaraju\AppData\Local\Programs\Python\Python312\Lib\site-packages\transformers\models\glmga\image_processing_glmga.py", line 24, in <module>
    from torchvision.transforms.v2 import functional as tvF
ModuleNotFoundError: No module named 'torchvision'
2026-10-01 16:24:04.810 Examining the path of transformers.models.glpn.image_processing_glpn_fast raised:
Traceback (most recent call last):
  File "C:\Users\Vignesh.Selvaraju\AppData\Local\Programs\Python\Python312\Lib\site-packages\streamlit\watcher\local_sources_watcher.py", line 330, in get_module_paths
    potential_paths = extract_paths(module)
                      ^^^^^^^^^^^^^^^^^^^^^
  File "C:\Users\Vignesh.Selvaraju\AppData\Local\Programs\Python\Python312\Lib\site-packages\streamlit\watcher\local_sources_watcher.py", line 317, in <lambda>
    if hasattr(m, "__path__")
       ^^^^^^^^^^^^^^^^^^^^^^
  File "C:\Users\Vignesh.Selvaraju\AppData\Local\Programs\Python\Python312\Lib\site-packages\transformers\__init__.py", line 862, in _getattr
    return getattr(importlib.import_module(target, __name__), name)
                   ^^^^^^^^^^^^^^^^^^^^^^^^^^^^^^^^^^^^^^^^^
  File "C:\Users\Vignesh.Selvaraju\AppData\Local\Programs\Python\Python312\Lib\importlib\__init__.py", line 90, in import_module
    return _bootstrap._gcd_import(name[level:], package, level)
           ^^^^^^^^^^^^^^^^^^^^^^^^^^^^^^^^^^^^^^^^^^^^^^^^^^^^
  File "<frozen importlib._bootstrap>", line 1387, in _gcd_import
  File "<frozen importlib._bootstrap>", line 1360, in _find_and_load
  File "<frozen importlib._bootstrap>", line 1331, in _find_and_load_unlocked
  File "<frozen importlib._bootstrap>", line 935, in _load_unlocked
  File "<frozen importlib._bootstrap_external>", line 999, in exec_module
  File "<frozen importlib._bootstrap>", line 488, in _call_with_frames_removed
  File "C:\Users\Vignesh.Selvaraju\AppData\Local\Programs\Python\Python312\Lib\site-packages\transformers\models\glpn\image_processing_glpn.py", line 34, in <module>
    from torchvision.transforms.v2 import functional as tvF
ModuleNotFoundError: No module named 'torchvision'
2026-10-01 16:24:04.817 Examining the path of transformers.models.got_ocr2.image_processing_got_ocr2_fast raised:
Traceback (most recent call last):
  File "C:\Users\Vignesh.Selvaraju\AppData\Local\Programs\Python\Python312\Lib\site-packages\streamlit\watcher\local_sources_watcher.py", line 330, in get_module_paths
    potential_paths = extract_paths(module)
                      ^^^^^^^^^^^^^^^^^^^^^
  File "C:\Users\Vignesh.Selvaraju\AppData\Local\Programs\Python\Python312\Lib\site-packages\streamlit\watcher\local_sources_watcher.py", line 317, in <lambda>
    if hasattr(m, "__path__")
       ^^^^^^^^^^^^^^^^^^^^^^
  File "C:\Users\Vignesh.Selvaraju\AppData\Local\Programs\Python\Python312\Lib\site-packages\transformers\__init__.py", line 862, in _getattr
    return getattr(importlib.import_module(target, __name__), name)
                   ^^^^^^^^^^^^^^^^^^^^^^^^^^^^^^^^^^^^^^^^^
  File "C:\Users\Vignesh.Selvaraju\AppData\Local\Programs\Python\Python312\Lib\importlib\__init__.py", line 90, in import_module
    return _bootstrap._gcd_import(name[level:], package, level)
           ^^^^^^^^^^^^^^^^^^^^^^^^^^^^^^^^^^^^^^^^^^^^^^^^^^^^
  File "<frozen importlib._bootstrap>", line 1387, in _gcd_import
  File "<frozen importlib._bootstrap>", line 1360, in _find_and_load
  File "<frozen importlib._bootstrap>", line 1331, in _find_and_load_unlocked
  File "<frozen importlib._bootstrap>", line 935, in _load_unlocked
  File "<frozen importlib._bootstrap_external>", line 999, in exec_module
  File "<frozen importlib._bootstrap>", line 488, in _call_with_frames_removed
  File "C:\Users\Vignesh.Selvaraju\AppData\Local\Programs\Python\Python312\Lib\site-packages\transformers\models\got_ocr2\image_processing_got_ocr2.py", line 19, in <module>
    from torchvision.transforms.v2 import functional as tvF
ModuleNotFoundError: No module named 'torchvision'
2026-10-01 16:24:04.822 Examining the path of transformers.models.grounding_dino.image_processing_grounding_dino_fast raised:
Traceback (most recent call last):
  File "C:\Users\Vignesh.Selvaraju\AppData\Local\Programs\Python\Python312\Lib\site-packages\streamlit\watcher\local_sources_watcher.py", line 330, in get_module_paths
    potential_paths = extract_paths(module)
                      ^^^^^^^^^^^^^^^^^^^^^
  File "C:\Users\Vignesh.Selvaraju\AppData\Local\Programs\Python\Python312\Lib\site-packages\streamlit\watcher\local_sources_watcher.py", line 317, in <lambda>
    if hasattr(m, "__path__")
       ^^^^^^^^^^^^^^^^^^^^^^
  File "C:\Users\Vignesh.Selvaraju\AppData\Local\Programs\Python\Python312\Lib\site-packages\transformers\__init__.py", line 862, in _getattr
    return getattr(importlib.import_module(target, __name__), name)
                   ^^^^^^^^^^^^^^^^^^^^^^^^^^^^^^^^^^^^^^^^^
  File "C:\Users\Vignesh.Selvaraju\AppData\Local\Programs\Python\Python312\Lib\importlib\__init__.py", line 90, in import_module
    return _bootstrap._gcd_import(name[level:], package, level)
           ^^^^^^^^^^^^^^^^^^^^^^^^^^^^^^^^^^^^^^^^^^^^^^^^^^^^
  File "<frozen importlib._bootstrap>", line 1387, in _gcd_import
  File "<frozen importlib._bootstrap>", line 1360, in _find_and_load
  File "<frozen importlib._bootstrap>", line 1331, in _find_and_load_unlocked
  File "<frozen importlib._bootstrap>", line 935, in _load_unlocked
  File "<frozen importlib._bootstrap_external>", line 999, in exec_module
  File "<frozen importlib._bootstrap>", line 488, in _call_with_frames_removed
  File "C:\Users\Vignesh.Selvaraju\AppData\Local\Programs\Python\Python312\Lib\site-packages\transformers\models\grounding_dino\image_processing_grounding_dino.py", line 30, in <module>
    from torchvision.io import read_image
ModuleNotFoundError: No module named 'torchvision'
2026-10-01 16:24:04.829 Examining the path of transformers.models.hunyuan_vl.image_processing_hunyuan_vl_fast raised:
Traceback (most recent call last):
  File "C:\Users\Vignesh.Selvaraju\AppData\Local\Programs\Python\Python312\Lib\site-packages\streamlit\watcher\local_sources_watcher.py", line 330, in get_module_paths
    potential_paths = extract_paths(module)
                      ^^^^^^^^^^^^^^^^^^^^^
  File "C:\Users\Vignesh.Selvaraju\AppData\Local\Programs\Python\Python312\Lib\site-packages\streamlit\watcher\local_sources_watcher.py", line 317, in <lambda>
    if hasattr(m, "__path__")
       ^^^^^^^^^^^^^^^^^^^^^^
  File "C:\Users\Vignesh.Selvaraju\AppData\Local\Programs\Python\Python312\Lib\site-packages\transformers\__init__.py", line 862, in _getattr
    return getattr(importlib.import_module(target, __name__), name)
                   ^^^^^^^^^^^^^^^^^^^^^^^^^^^^^^^^^^^^^^^^^
  File "C:\Users\Vignesh.Selvaraju\AppData\Local\Programs\Python\Python312\Lib\importlib\__init__.py", line 90, in import_module
    return _bootstrap._gcd_import(name[level:], package, level)
           ^^^^^^^^^^^^^^^^^^^^^^^^^^^^^^^^^^^^^^^^^^^^^^^^^^^^
  File "<frozen importlib._bootstrap>", line 1387, in _gcd_import
  File "<frozen importlib._bootstrap>", line 1360, in _find_and_load
  File "<frozen importlib._bootstrap>", line 1331, in _find_and_load_unlocked
  File "<frozen importlib._bootstrap>", line 935, in _load_unlocked
  File "<frozen importlib._bootstrap_external>", line 999, in exec_module
  File "<frozen importlib._bootstrap>", line 488, in _call_with_frames_removed
  File "C:\Users\Vignesh.Selvaraju\AppData\Local\Programs\Python\Python312\Lib\site-packages\transformers\models\hunyuan_vl\image_processing_hunyuan_vl.py", line 25, in <module>
    from torchvision.transforms.v2 import functional as tvF
ModuleNotFoundError: No module named 'torchvision'
2026-10-01 16:24:04.835 Examining the path of transformers.models.idefics2.image_processing_idefics2_fast raised:
Traceback (most recent call last):
  File "C:\Users\Vignesh.Selvaraju\AppData\Local\Programs\Python\Python312\Lib\site-packages\streamlit\watcher\local_sources_watcher.py", line 330, in get_module_paths
    potential_paths = extract_paths(module)
                      ^^^^^^^^^^^^^^^^^^^^^
  File "C:\Users\Vignesh.Selvaraju\AppData\Local\Programs\Python\Python312\Lib\site-packages\streamlit\watcher\local_sources_watcher.py", line 317, in <lambda>
    if hasattr(m, "__path__")
       ^^^^^^^^^^^^^^^^^^^^^^
  File "C:\Users\Vignesh.Selvaraju\AppData\Local\Programs\Python\Python312\Lib\site-packages\transformers\__init__.py", line 862, in _getattr
    return getattr(importlib.import_module(target, __name__), name)
                   ^^^^^^^^^^^^^^^^^^^^^^^^^^^^^^^^^^^^^^^^^
  File "C:\Users\Vignesh.Selvaraju\AppData\Local\Programs\Python\Python312\Lib\importlib\__init__.py", line 90, in import_module
    return _bootstrap._gcd_import(name[level:], package, level)
           ^^^^^^^^^^^^^^^^^^^^^^^^^^^^^^^^^^^^^^^^^^^^^^^^^^^^
  File "<frozen importlib._bootstrap>", line 1387, in _gcd_import
  File "<frozen importlib._bootstrap>", line 1360, in _find_and_load
  File "<frozen importlib._bootstrap>", line 1331, in _find_and_load_unlocked
  File "<frozen importlib._bootstrap>", line 935, in _load_unlocked
  File "<frozen importlib._bootstrap_external>", line 999, in exec_module
  File "<frozen importlib._bootstrap>", line 488, in _call_with_frames_removed
  File "C:\Users\Vignesh.Selvaraju\AppData\Local\Programs\Python\Python312\Lib\site-packages\transformers\models\idefics2\image_processing_idefics2.py", line 37, in <module>
    from torchvision.transforms.v2 import functional as tvF
ModuleNotFoundError: No module named 'torchvision'
2026-10-01 16:24:04.841 Examining the path of transformers.models.idefics3.image_processing_idefics3_fast raised:
Traceback (most recent call last):
  File "C:\Users\Vignesh.Selvaraju\AppData\Local\Programs\Python\Python312\Lib\site-packages\streamlit\watcher\local_sources_watcher.py", line 330, in get_module_paths
    potential_paths = extract_paths(module)
                      ^^^^^^^^^^^^^^^^^^^^^
  File "C:\Users\Vignesh.Selvaraju\AppData\Local\Programs\Python\Python312\Lib\site-packages\streamlit\watcher\local_sources_watcher.py", line 317, in <lambda>
    if hasattr(m, "__path__")
       ^^^^^^^^^^^^^^^^^^^^^^
  File "C:\Users\Vignesh.Selvaraju\AppData\Local\Programs\Python\Python312\Lib\site-packages\transformers\__init__.py", line 862, in _getattr
    return getattr(importlib.import_module(target, __name__), name)
                   ^^^^^^^^^^^^^^^^^^^^^^^^^^^^^^^^^^^^^^^^^
  File "C:\Users\Vignesh.Selvaraju\AppData\Local\Programs\Python\Python312\Lib\importlib\__init__.py", line 90, in import_module
    return _bootstrap._gcd_import(name[level:], package, level)
           ^^^^^^^^^^^^^^^^^^^^^^^^^^^^^^^^^^^^^^^^^^^^^^^^^^^^
  File "<frozen importlib._bootstrap>", line 1387, in _gcd_import
  File "<frozen importlib._bootstrap>", line 1360, in _find_and_load
  File "<frozen importlib._bootstrap>", line 1331, in _find_and_load_unlocked
  File "<frozen importlib._bootstrap>", line 935, in _load_unlocked
  File "<frozen importlib._bootstrap_external>", line 999, in exec_module
  File "<frozen importlib._bootstrap>", line 488, in _call_with_frames_removed
  File "C:\Users\Vignesh.Selvaraju\AppData\Local\Programs\Python\Python312\Lib\site-packages\transformers\models\idefics3\image_processing_idefics3.py", line 20, in <module>
    from torchvision.transforms.v2 import functional as tvF
ModuleNotFoundError: No module named 'torchvision'
2026-10-01 16:24:04.846 Examining the path of transformers.models.imagegpt.image_processing_imagegpt_fast raised:
Traceback (most recent call last):
  File "C:\Users\Vignesh.Selvaraju\AppData\Local\Programs\Python\Python312\Lib\site-packages\streamlit\watcher\local_sources_watcher.py", line 330, in get_module_paths
    potential_paths = extract_paths(module)
                      ^^^^^^^^^^^^^^^^^^^^^
  File "C:\Users\Vignesh.Selvaraju\AppData\Local\Programs\Python\Python312\Lib\site-packages\streamlit\watcher\local_sources_watcher.py", line 317, in <lambda>
    if hasattr(m, "__path__")
       ^^^^^^^^^^^^^^^^^^^^^^
  File "C:\Users\Vignesh.Selvaraju\AppData\Local\Programs\Python\Python312\Lib\site-packages\transformers\__init__.py", line 862, in _getattr
    return getattr(importlib.import_module(target, __name__), name)
                   ^^^^^^^^^^^^^^^^^^^^^^^^^^^^^^^^^^^^^^^^^
  File "C:\Users\Vignesh.Selvaraju\AppData\Local\Programs\Python\Python312\Lib\importlib\__init__.py", line 90, in import_module
    return _bootstrap._gcd_import(name[level:], package, level)
           ^^^^^^^^^^^^^^^^^^^^^^^^^^^^^^^^^^^^^^^^^^^^^^^^^^^^
  File "<frozen importlib._bootstrap>", line 1387, in _gcd_import
  File "<frozen importlib._bootstrap>", line 1360, in _find_and_load
  File "<frozen importlib._bootstrap>", line 1331, in _find_and_load_unlocked
  File "<frozen importlib._bootstrap>", line 935, in _load_unlocked
  File "<frozen importlib._bootstrap_external>", line 999, in exec_module
  File "<frozen importlib._bootstrap>", line 488, in _call_with_frames_removed
  File "C:\Users\Vignesh.Selvaraju\AppData\Local\Programs\Python\Python312\Lib\site-packages\transformers\models\imagegpt\image_processing_imagegpt.py", line 20, in <module>
    from torchvision.transforms.v2 import functional as tvF
ModuleNotFoundError: No module named 'torchvision'
2026-10-01 16:24:04.853 Examining the path of transformers.models.inkling.image_processing_inkling_fast raised:
Traceback (most recent call last):
  File "C:\Users\Vignesh.Selvaraju\AppData\Local\Programs\Python\Python312\Lib\site-packages\streamlit\watcher\local_sources_watcher.py", line 330, in get_module_paths
    potential_paths = extract_paths(module)
                      ^^^^^^^^^^^^^^^^^^^^^
  File "C:\Users\Vignesh.Selvaraju\AppData\Local\Programs\Python\Python312\Lib\site-packages\streamlit\watcher\local_sources_watcher.py", line 317, in <lambda>
    if hasattr(m, "__path__")
       ^^^^^^^^^^^^^^^^^^^^^^
  File "C:\Users\Vignesh.Selvaraju\AppData\Local\Programs\Python\Python312\Lib\site-packages\transformers\__init__.py", line 862, in _getattr
    return getattr(importlib.import_module(target, __name__), name)
                   ^^^^^^^^^^^^^^^^^^^^^^^^^^^^^^^^^^^^^^^^^
  File "C:\Users\Vignesh.Selvaraju\AppData\Local\Programs\Python\Python312\Lib\importlib\__init__.py", line 90, in import_module
    return _bootstrap._gcd_import(name[level:], package, level)
           ^^^^^^^^^^^^^^^^^^^^^^^^^^^^^^^^^^^^^^^^^^^^^^^^^^^^
  File "<frozen importlib._bootstrap>", line 1387, in _gcd_import
  File "<frozen importlib._bootstrap>", line 1360, in _find_and_load
  File "<frozen importlib._bootstrap>", line 1331, in _find_and_load_unlocked
  File "<frozen importlib._bootstrap>", line 935, in _load_unlocked
  File "<frozen importlib._bootstrap_external>", line 999, in exec_module
  File "<frozen importlib._bootstrap>", line 488, in _call_with_frames_removed
  File "C:\Users\Vignesh.Selvaraju\AppData\Local\Programs\Python\Python312\Lib\site-packages\transformers\models\inkling\image_processing_inkling.py", line 19, in <module>
    from torchvision.transforms.v2 import functional as tvF
ModuleNotFoundError: No module named 'torchvision'
2026-10-01 16:24:04.857 Examining the path of transformers.models.janus.image_processing_janus_fast raised:
Traceback (most recent call last):
  File "C:\Users\Vignesh.Selvaraju\AppData\Local\Programs\Python\Python312\Lib\site-packages\streamlit\watcher\local_sources_watcher.py", line 330, in get_module_paths
    potential_paths = extract_paths(module)
                      ^^^^^^^^^^^^^^^^^^^^^
  File "C:\Users\Vignesh.Selvaraju\AppData\Local\Programs\Python\Python312\Lib\site-packages\streamlit\watcher\local_sources_watcher.py", line 317, in <lambda>
    if hasattr(m, "__path__")
       ^^^^^^^^^^^^^^^^^^^^^^
  File "C:\Users\Vignesh.Selvaraju\AppData\Local\Programs\Python\Python312\Lib\site-packages\transformers\__init__.py", line 862, in _getattr
    return getattr(importlib.import_module(target, __name__), name)
                   ^^^^^^^^^^^^^^^^^^^^^^^^^^^^^^^^^^^^^^^^^
  File "C:\Users\Vignesh.Selvaraju\AppData\Local\Programs\Python\Python312\Lib\importlib\__init__.py", line 90, in import_module
    return _bootstrap._gcd_import(name[level:], package, level)
           ^^^^^^^^^^^^^^^^^^^^^^^^^^^^^^^^^^^^^^^^^^^^^^^^^^^^
  File "<frozen importlib._bootstrap>", line 1387, in _gcd_import
  File "<frozen importlib._bootstrap>", line 1360, in _find_and_load
  File "<frozen importlib._bootstrap>", line 1331, in _find_and_load_unlocked
  File "<frozen importlib._bootstrap>", line 935, in _load_unlocked
  File "<frozen importlib._bootstrap_external>", line 999, in exec_module
  File "<frozen importlib._bootstrap>", line 488, in _call_with_frames_removed
  File "C:\Users\Vignesh.Selvaraju\AppData\Local\Programs\Python\Python312\Lib\site-packages\transformers\models\janus\image_processing_janus.py", line 17, in <module>
    import torchvision.transforms.v2.functional as tvF
ModuleNotFoundError: No module named 'torchvision'
2026-10-01 16:24:04.863 Examining the path of transformers.models.kimi_k25.image_processing_kimi_k25_fast raised:
Traceback (most recent call last):
  File "C:\Users\Vignesh.Selvaraju\AppData\Local\Programs\Python\Python312\Lib\site-packages\streamlit\watcher\local_sources_watcher.py", line 330, in get_module_paths
    potential_paths = extract_paths(module)
                      ^^^^^^^^^^^^^^^^^^^^^
  File "C:\Users\Vignesh.Selvaraju\AppData\Local\Programs\Python\Python312\Lib\site-packages\streamlit\watcher\local_sources_watcher.py", line 317, in <lambda>
    if hasattr(m, "__path__")
       ^^^^^^^^^^^^^^^^^^^^^^
  File "C:\Users\Vignesh.Selvaraju\AppData\Local\Programs\Python\Python312\Lib\site-packages\transformers\__init__.py", line 862, in _getattr
    return getattr(importlib.import_module(target, __name__), name)
                   ^^^^^^^^^^^^^^^^^^^^^^^^^^^^^^^^^^^^^^^^^
  File "C:\Users\Vignesh.Selvaraju\AppData\Local\Programs\Python\Python312\Lib\importlib\__init__.py", line 90, in import_module
    return _bootstrap._gcd_import(name[level:], package, level)
           ^^^^^^^^^^^^^^^^^^^^^^^^^^^^^^^^^^^^^^^^^^^^^^^^^^^^
  File "<frozen importlib._bootstrap>", line 1387, in _gcd_import
  File "<frozen importlib._bootstrap>", line 1360, in _find_and_load
  File "<frozen importlib._bootstrap>", line 1331, in _find_and_load_unlocked
  File "<frozen importlib._bootstrap>", line 935, in _load_unlocked
  File "<frozen importlib._bootstrap_external>", line 999, in exec_module
  File "<frozen importlib._bootstrap>", line 488, in _call_with_frames_removed
  File "C:\Users\Vignesh.Selvaraju\AppData\Local\Programs\Python\Python312\Lib\site-packages\transformers\models\kimi_k25\image_processing_kimi_k25.py", line 19, in <module>
    from torchvision.transforms.v2 import functional as tvF
ModuleNotFoundError: No module named 'torchvision'
2026-10-01 16:24:04.871 Examining the path of transformers.models.layoutlmv2.image_processing_layoutlmv2_fast raised:
Traceback (most recent call last):
  File "C:\Users\Vignesh.Selvaraju\AppData\Local\Programs\Python\Python312\Lib\site-packages\streamlit\watcher\local_sources_watcher.py", line 330, in get_module_paths
    potential_paths = extract_paths(module)
                      ^^^^^^^^^^^^^^^^^^^^^
  File "C:\Users\Vignesh.Selvaraju\AppData\Local\Programs\Python\Python312\Lib\site-packages\streamlit\watcher\local_sources_watcher.py", line 317, in <lambda>
    if hasattr(m, "__path__")
       ^^^^^^^^^^^^^^^^^^^^^^
  File "C:\Users\Vignesh.Selvaraju\AppData\Local\Programs\Python\Python312\Lib\site-packages\transformers\__init__.py", line 862, in _getattr
    return getattr(importlib.import_module(target, __name__), name)
                   ^^^^^^^^^^^^^^^^^^^^^^^^^^^^^^^^^^^^^^^^^
  File "C:\Users\Vignesh.Selvaraju\AppData\Local\Programs\Python\Python312\Lib\importlib\__init__.py", line 90, in import_module
    return _bootstrap._gcd_import(name[level:], package, level)
           ^^^^^^^^^^^^^^^^^^^^^^^^^^^^^^^^^^^^^^^^^^^^^^^^^^^^
  File "<frozen importlib._bootstrap>", line 1387, in _gcd_import
  File "<frozen importlib._bootstrap>", line 1360, in _find_and_load
  File "<frozen importlib._bootstrap>", line 1331, in _find_and_load_unlocked
  File "<frozen importlib._bootstrap>", line 935, in _load_unlocked
  File "<frozen importlib._bootstrap_external>", line 999, in exec_module
  File "<frozen importlib._bootstrap>", line 488, in _call_with_frames_removed
  File "C:\Users\Vignesh.Selvaraju\AppData\Local\Programs\Python\Python312\Lib\site-packages\transformers\models\layoutlmv2\image_processing_layoutlmv2.py", line 36, in <module>
    from torchvision.transforms.v2 import functional as tvF
ModuleNotFoundError: No module named 'torchvision'
2026-10-01 16:24:04.875 Examining the path of transformers.models.layoutlmv3.image_processing_layoutlmv3_fast raised:
Traceback (most recent call last):
  File "C:\Users\Vignesh.Selvaraju\AppData\Local\Programs\Python\Python312\Lib\site-packages\streamlit\watcher\local_sources_watcher.py", line 330, in get_module_paths
    potential_paths = extract_paths(module)
                      ^^^^^^^^^^^^^^^^^^^^^
  File "C:\Users\Vignesh.Selvaraju\AppData\Local\Programs\Python\Python312\Lib\site-packages\streamlit\watcher\local_sources_watcher.py", line 317, in <lambda>
    if hasattr(m, "__path__")
       ^^^^^^^^^^^^^^^^^^^^^^
  File "C:\Users\Vignesh.Selvaraju\AppData\Local\Programs\Python\Python312\Lib\site-packages\transformers\__init__.py", line 862, in _getattr
    return getattr(importlib.import_module(target, __name__), name)
                   ^^^^^^^^^^^^^^^^^^^^^^^^^^^^^^^^^^^^^^^^^
  File "C:\Users\Vignesh.Selvaraju\AppData\Local\Programs\Python\Python312\Lib\importlib\__init__.py", line 90, in import_module
    return _bootstrap._gcd_import(name[level:], package, level)
           ^^^^^^^^^^^^^^^^^^^^^^^^^^^^^^^^^^^^^^^^^^^^^^^^^^^^
  File "<frozen importlib._bootstrap>", line 1387, in _gcd_import
  File "<frozen importlib._bootstrap>", line 1360, in _find_and_load
  File "<frozen importlib._bootstrap>", line 1331, in _find_and_load_unlocked
  File "<frozen importlib._bootstrap>", line 935, in _load_unlocked
  File "<frozen importlib._bootstrap_external>", line 999, in exec_module
  File "<frozen importlib._bootstrap>", line 488, in _call_with_frames_removed
  File "C:\Users\Vignesh.Selvaraju\AppData\Local\Programs\Python\Python312\Lib\site-packages\transformers\models\layoutlmv3\image_processing_layoutlmv3.py", line 42, in <module>
    from torchvision.transforms.v2 import functional as tvF
ModuleNotFoundError: No module named 'torchvision'
2026-10-01 16:24:04.879 Examining the path of transformers.models.levit.image_processing_levit_fast raised:
Traceback (most recent call last):
  File "C:\Users\Vignesh.Selvaraju\AppData\Local\Programs\Python\Python312\Lib\site-packages\streamlit\watcher\local_sources_watcher.py", line 330, in get_module_paths
    potential_paths = extract_paths(module)
                      ^^^^^^^^^^^^^^^^^^^^^
  File "C:\Users\Vignesh.Selvaraju\AppData\Local\Programs\Python\Python312\Lib\site-packages\streamlit\watcher\local_sources_watcher.py", line 317, in <lambda>
    if hasattr(m, "__path__")
       ^^^^^^^^^^^^^^^^^^^^^^
  File "C:\Users\Vignesh.Selvaraju\AppData\Local\Programs\Python\Python312\Lib\site-packages\transformers\__init__.py", line 862, in _getattr
    return getattr(importlib.import_module(target, __name__), name)
                   ^^^^^^^^^^^^^^^^^^^^^^^^^^^^^^^^^^^^^^^^^
  File "C:\Users\Vignesh.Selvaraju\AppData\Local\Programs\Python\Python312\Lib\importlib\__init__.py", line 90, in import_module
    return _bootstrap._gcd_import(name[level:], package, level)
           ^^^^^^^^^^^^^^^^^^^^^^^^^^^^^^^^^^^^^^^^^^^^^^^^^^^^
  File "<frozen importlib._bootstrap>", line 1387, in _gcd_import
  File "<frozen importlib._bootstrap>", line 1360, in _find_and_load
  File "<frozen importlib._bootstrap>", line 1331, in _find_and_load_unlocked
  File "<frozen importlib._bootstrap>", line 935, in _load_unlocked
  File "<frozen importlib._bootstrap_external>", line 999, in exec_module
  File "<frozen importlib._bootstrap>", line 488, in _call_with_frames_removed
  File "C:\Users\Vignesh.Selvaraju\AppData\Local\Programs\Python\Python312\Lib\site-packages\transformers\models\levit\image_processing_levit.py", line 17, in <module>
    from torchvision.transforms.v2 import functional as tvF
ModuleNotFoundError: No module named 'torchvision'
2026-10-01 16:24:04.885 Examining the path of transformers.models.lfm2_vl.image_processing_lfm2_vl_fast raised:
Traceback (most recent call last):
  File "C:\Users\Vignesh.Selvaraju\AppData\Local\Programs\Python\Python312\Lib\site-packages\streamlit\watcher\local_sources_watcher.py", line 330, in get_module_paths
    potential_paths = extract_paths(module)
                      ^^^^^^^^^^^^^^^^^^^^^
  File "C:\Users\Vignesh.Selvaraju\AppData\Local\Programs\Python\Python312\Lib\site-packages\streamlit\watcher\local_sources_watcher.py", line 317, in <lambda>
    if hasattr(m, "__path__")
       ^^^^^^^^^^^^^^^^^^^^^^
  File "C:\Users\Vignesh.Selvaraju\AppData\Local\Programs\Python\Python312\Lib\site-packages\transformers\__init__.py", line 862, in _getattr
    return getattr(importlib.import_module(target, __name__), name)
                   ^^^^^^^^^^^^^^^^^^^^^^^^^^^^^^^^^^^^^^^^^
  File "C:\Users\Vignesh.Selvaraju\AppData\Local\Programs\Python\Python312\Lib\importlib\__init__.py", line 90, in import_module
    return _bootstrap._gcd_import(name[level:], package, level)
           ^^^^^^^^^^^^^^^^^^^^^^^^^^^^^^^^^^^^^^^^^^^^^^^^^^^^
  File "<frozen importlib._bootstrap>", line 1387, in _gcd_import
  File "<frozen importlib._bootstrap>", line 1360, in _find_and_load
  File "<frozen importlib._bootstrap>", line 1331, in _find_and_load_unlocked
  File "<frozen importlib._bootstrap>", line 935, in _load_unlocked
  File "<frozen importlib._bootstrap_external>", line 999, in exec_module
  File "<frozen importlib._bootstrap>", line 488, in _call_with_frames_removed
  File "C:\Users\Vignesh.Selvaraju\AppData\Local\Programs\Python\Python312\Lib\site-packages\transformers\models\lfm2_vl\image_processing_lfm2_vl.py", line 18, in <module>
    from torchvision.transforms.v2 import functional as tvF
ModuleNotFoundError: No module named 'torchvision'
2026-10-01 16:24:04.891 Examining the path of transformers.models.lightglue.image_processing_lightglue_fast raised:
Traceback (most recent call last):
  File "C:\Users\Vignesh.Selvaraju\AppData\Local\Programs\Python\Python312\Lib\site-packages\streamlit\watcher\local_sources_watcher.py", line 330, in get_module_paths
    potential_paths = extract_paths(module)
                      ^^^^^^^^^^^^^^^^^^^^^
  File "C:\Users\Vignesh.Selvaraju\AppData\Local\Programs\Python\Python312\Lib\site-packages\streamlit\watcher\local_sources_watcher.py", line 317, in <lambda>
    if hasattr(m, "__path__")
       ^^^^^^^^^^^^^^^^^^^^^^
  File "C:\Users\Vignesh.Selvaraju\AppData\Local\Programs\Python\Python312\Lib\site-packages\transformers\__init__.py", line 862, in _getattr
    return getattr(importlib.import_module(target, __name__), name)
                   ^^^^^^^^^^^^^^^^^^^^^^^^^^^^^^^^^^^^^^^^^
  File "C:\Users\Vignesh.Selvaraju\AppData\Local\Programs\Python\Python312\Lib\importlib\__init__.py", line 90, in import_module
    return _bootstrap._gcd_import(name[level:], package, level)
           ^^^^^^^^^^^^^^^^^^^^^^^^^^^^^^^^^^^^^^^^^^^^^^^^^^^^
  File "<frozen importlib._bootstrap>", line 1387, in _gcd_import
  File "<frozen importlib._bootstrap>", line 1360, in _find_and_load
  File "<frozen importlib._bootstrap>", line 1331, in _find_and_load_unlocked
  File "<frozen importlib._bootstrap>", line 935, in _load_unlocked
  File "<frozen importlib._bootstrap_external>", line 999, in exec_module
  File "<frozen importlib._bootstrap>", line 488, in _call_with_frames_removed
  File "C:\Users\Vignesh.Selvaraju\AppData\Local\Programs\Python\Python312\Lib\site-packages\transformers\models\lightglue\image_processing_lightglue.py", line 24, in <module>
    from torchvision.transforms.v2 import functional as tvF
ModuleNotFoundError: No module named 'torchvision'
2026-10-01 16:24:04.895 Examining the path of transformers.models.llama4.image_processing_llama4_fast raised:
Traceback (most recent call last):
  File "C:\Users\Vignesh.Selvaraju\AppData\Local\Programs\Python\Python312\Lib\site-packages\streamlit\watcher\local_sources_watcher.py", line 330, in get_module_paths
    potential_paths = extract_paths(module)
                      ^^^^^^^^^^^^^^^^^^^^^
  File "C:\Users\Vignesh.Selvaraju\AppData\Local\Programs\Python\Python312\Lib\site-packages\streamlit\watcher\local_sources_watcher.py", line 317, in <lambda>
    if hasattr(m, "__path__")
       ^^^^^^^^^^^^^^^^^^^^^^
  File "C:\Users\Vignesh.Selvaraju\AppData\Local\Programs\Python\Python312\Lib\site-packages\transformers\__init__.py", line 862, in _getattr
    return getattr(importlib.import_module(target, __name__), name)
                   ^^^^^^^^^^^^^^^^^^^^^^^^^^^^^^^^^^^^^^^^^
  File "C:\Users\Vignesh.Selvaraju\AppData\Local\Programs\Python\Python312\Lib\importlib\__init__.py", line 90, in import_module
    return _bootstrap._gcd_import(name[level:], package, level)
           ^^^^^^^^^^^^^^^^^^^^^^^^^^^^^^^^^^^^^^^^^^^^^^^^^^^^
  File "<frozen importlib._bootstrap>", line 1387, in _gcd_import
  File "<frozen importlib._bootstrap>", line 1360, in _find_and_load
  File "<frozen importlib._bootstrap>", line 1331, in _find_and_load_unlocked
  File "<frozen importlib._bootstrap>", line 935, in _load_unlocked
  File "<frozen importlib._bootstrap_external>", line 999, in exec_module
  File "<frozen importlib._bootstrap>", line 488, in _call_with_frames_removed
  File "C:\Users\Vignesh.Selvaraju\AppData\Local\Programs\Python\Python312\Lib\site-packages\transformers\models\llama4\image_processing_llama4.py", line 21, in <module>
    from torchvision.transforms.v2 import functional as tvF
ModuleNotFoundError: No module named 'torchvision'
2026-10-01 16:24:04.900 Examining the path of transformers.models.llava.image_processing_llava_fast raised:
Traceback (most recent call last):
  File "C:\Users\Vignesh.Selvaraju\AppData\Local\Programs\Python\Python312\Lib\site-packages\streamlit\watcher\local_sources_watcher.py", line 330, in get_module_paths
    potential_paths = extract_paths(module)
                      ^^^^^^^^^^^^^^^^^^^^^
  File "C:\Users\Vignesh.Selvaraju\AppData\Local\Programs\Python\Python312\Lib\site-packages\streamlit\watcher\local_sources_watcher.py", line 317, in <lambda>
    if hasattr(m, "__path__")
       ^^^^^^^^^^^^^^^^^^^^^^
  File "C:\Users\Vignesh.Selvaraju\AppData\Local\Programs\Python\Python312\Lib\site-packages\transformers\__init__.py", line 862, in _getattr
    return getattr(importlib.import_module(target, __name__), name)
                   ^^^^^^^^^^^^^^^^^^^^^^^^^^^^^^^^^^^^^^^^^
  File "C:\Users\Vignesh.Selvaraju\AppData\Local\Programs\Python\Python312\Lib\importlib\__init__.py", line 90, in import_module
    return _bootstrap._gcd_import(name[level:], package, level)
           ^^^^^^^^^^^^^^^^^^^^^^^^^^^^^^^^^^^^^^^^^^^^^^^^^^^^
  File "<frozen importlib._bootstrap>", line 1387, in _gcd_import
  File "<frozen importlib._bootstrap>", line 1360, in _find_and_load
  File "<frozen importlib._bootstrap>", line 1331, in _find_and_load_unlocked
  File "<frozen importlib._bootstrap>", line 935, in _load_unlocked
  File "<frozen importlib._bootstrap_external>", line 999, in exec_module
  File "<frozen importlib._bootstrap>", line 488, in _call_with_frames_removed
  File "C:\Users\Vignesh.Selvaraju\AppData\Local\Programs\Python\Python312\Lib\site-packages\transformers\models\llava\image_processing_llava.py", line 19, in <module>
    from torchvision.transforms.v2 import functional as tvF
ModuleNotFoundError: No module named 'torchvision'
2026-10-01 16:24:04.905 Examining the path of transformers.models.llava_next.image_processing_llava_next_fast raised:
Traceback (most recent call last):
  File "C:\Users\Vignesh.Selvaraju\AppData\Local\Programs\Python\Python312\Lib\site-packages\streamlit\watcher\local_sources_watcher.py", line 330, in get_module_paths
    potential_paths = extract_paths(module)
                      ^^^^^^^^^^^^^^^^^^^^^
  File "C:\Users\Vignesh.Selvaraju\AppData\Local\Programs\Python\Python312\Lib\site-packages\streamlit\watcher\local_sources_watcher.py", line 317, in <lambda>
    if hasattr(m, "__path__")
       ^^^^^^^^^^^^^^^^^^^^^^
  File "C:\Users\Vignesh.Selvaraju\AppData\Local\Programs\Python\Python312\Lib\site-packages\transformers\__init__.py", line 862, in _getattr
    return getattr(importlib.import_module(target, __name__), name)
                   ^^^^^^^^^^^^^^^^^^^^^^^^^^^^^^^^^^^^^^^^^
  File "C:\Users\Vignesh.Selvaraju\AppData\Local\Programs\Python\Python312\Lib\importlib\__init__.py", line 90, in import_module
    return _bootstrap._gcd_import(name[level:], package, level)
           ^^^^^^^^^^^^^^^^^^^^^^^^^^^^^^^^^^^^^^^^^^^^^^^^^^^^
  File "<frozen importlib._bootstrap>", line 1387, in _gcd_import
  File "<frozen importlib._bootstrap>", line 1360, in _find_and_load
  File "<frozen importlib._bootstrap>", line 1331, in _find_and_load_unlocked
  File "<frozen importlib._bootstrap>", line 935, in _load_unlocked
  File "<frozen importlib._bootstrap_external>", line 999, in exec_module
  File "<frozen importlib._bootstrap>", line 488, in _call_with_frames_removed
  File "C:\Users\Vignesh.Selvaraju\AppData\Local\Programs\Python\Python312\Lib\site-packages\transformers\models\llava_next\image_processing_llava_next.py", line 19, in <module>
    from torchvision.transforms.v2 import functional as tvF
ModuleNotFoundError: No module named 'torchvision'
2026-10-01 16:24:04.912 Examining the path of transformers.models.llava_onevision.image_processing_llava_onevision_fast raised:
Traceback (most recent call last):
  File "C:\Users\Vignesh.Selvaraju\AppData\Local\Programs\Python\Python312\Lib\site-packages\streamlit\watcher\local_sources_watcher.py", line 330, in get_module_paths
    potential_paths = extract_paths(module)
                      ^^^^^^^^^^^^^^^^^^^^^
  File "C:\Users\Vignesh.Selvaraju\AppData\Local\Programs\Python\Python312\Lib\site-packages\streamlit\watcher\local_sources_watcher.py", line 317, in <lambda>
    if hasattr(m, "__path__")
       ^^^^^^^^^^^^^^^^^^^^^^
  File "C:\Users\Vignesh.Selvaraju\AppData\Local\Programs\Python\Python312\Lib\site-packages\transformers\__init__.py", line 862, in _getattr
    return getattr(importlib.import_module(target, __name__), name)
                   ^^^^^^^^^^^^^^^^^^^^^^^^^^^^^^^^^^^^^^^^^
  File "C:\Users\Vignesh.Selvaraju\AppData\Local\Programs\Python\Python312\Lib\importlib\__init__.py", line 90, in import_module
    return _bootstrap._gcd_import(name[level:], package, level)
           ^^^^^^^^^^^^^^^^^^^^^^^^^^^^^^^^^^^^^^^^^^^^^^^^^^^^
  File "<frozen importlib._bootstrap>", line 1387, in _gcd_import
  File "<frozen importlib._bootstrap>", line 1360, in _find_and_load
  File "<frozen importlib._bootstrap>", line 1331, in _find_and_load_unlocked
  File "<frozen importlib._bootstrap>", line 935, in _load_unlocked
  File "<frozen importlib._bootstrap_external>", line 999, in exec_module
  File "<frozen importlib._bootstrap>", line 488, in _call_with_frames_removed
  File "C:\Users\Vignesh.Selvaraju\AppData\Local\Programs\Python\Python312\Lib\site-packages\transformers\models\llava_onevision\image_processing_llava_onevision.py", line 24, in <module>
    import torchvision.transforms.v2.functional as tvF
ModuleNotFoundError: No module named 'torchvision'
2026-10-01 16:24:04.917 Examining the path of transformers.models.mask2former.image_processing_mask2former_fast raised:
Traceback (most recent call last):
  File "C:\Users\Vignesh.Selvaraju\AppData\Local\Programs\Python\Python312\Lib\site-packages\streamlit\watcher\local_sources_watcher.py", line 330, in get_module_paths
    potential_paths = extract_paths(module)
                      ^^^^^^^^^^^^^^^^^^^^^
  File "C:\Users\Vignesh.Selvaraju\AppData\Local\Programs\Python\Python312\Lib\site-packages\streamlit\watcher\local_sources_watcher.py", line 317, in <lambda>
    if hasattr(m, "__path__")
       ^^^^^^^^^^^^^^^^^^^^^^
  File "C:\Users\Vignesh.Selvaraju\AppData\Local\Programs\Python\Python312\Lib\site-packages\transformers\__init__.py", line 862, in _getattr
    return getattr(importlib.import_module(target, __name__), name)
                   ^^^^^^^^^^^^^^^^^^^^^^^^^^^^^^^^^^^^^^^^^
  File "C:\Users\Vignesh.Selvaraju\AppData\Local\Programs\Python\Python312\Lib\importlib\__init__.py", line 90, in import_module
    return _bootstrap._gcd_import(name[level:], package, level)
           ^^^^^^^^^^^^^^^^^^^^^^^^^^^^^^^^^^^^^^^^^^^^^^^^^^^^
  File "<frozen importlib._bootstrap>", line 1387, in _gcd_import
  File "<frozen importlib._bootstrap>", line 1360, in _find_and_load
  File "<frozen importlib._bootstrap>", line 1331, in _find_and_load_unlocked
  File "<frozen importlib._bootstrap>", line 935, in _load_unlocked
  File "<frozen importlib._bootstrap_external>", line 999, in exec_module
  File "<frozen importlib._bootstrap>", line 488, in _call_with_frames_removed
  File "C:\Users\Vignesh.Selvaraju\AppData\Local\Programs\Python\Python312\Lib\site-packages\transformers\models\mask2former\image_processing_mask2former.py", line 27, in <module>
    from torchvision.transforms.v2 import functional as tvF
ModuleNotFoundError: No module named 'torchvision'
2026-10-01 16:24:04.921 Examining the path of transformers.models.maskformer.image_processing_maskformer_fast raised:
Traceback (most recent call last):
  File "C:\Users\Vignesh.Selvaraju\AppData\Local\Programs\Python\Python312\Lib\site-packages\streamlit\watcher\local_sources_watcher.py", line 330, in get_module_paths
    potential_paths = extract_paths(module)
                      ^^^^^^^^^^^^^^^^^^^^^
  File "C:\Users\Vignesh.Selvaraju\AppData\Local\Programs\Python\Python312\Lib\site-packages\streamlit\watcher\local_sources_watcher.py", line 317, in <lambda>
    if hasattr(m, "__path__")
       ^^^^^^^^^^^^^^^^^^^^^^
  File "C:\Users\Vignesh.Selvaraju\AppData\Local\Programs\Python\Python312\Lib\site-packages\transformers\__init__.py", line 862, in _getattr
    return getattr(importlib.import_module(target, __name__), name)
                   ^^^^^^^^^^^^^^^^^^^^^^^^^^^^^^^^^^^^^^^^^
  File "C:\Users\Vignesh.Selvaraju\AppData\Local\Programs\Python\Python312\Lib\importlib\__init__.py", line 90, in import_module
    return _bootstrap._gcd_import(name[level:], package, level)
           ^^^^^^^^^^^^^^^^^^^^^^^^^^^^^^^^^^^^^^^^^^^^^^^^^^^^
  File "<frozen importlib._bootstrap>", line 1387, in _gcd_import
  File "<frozen importlib._bootstrap>", line 1360, in _find_and_load
  File "<frozen importlib._bootstrap>", line 1331, in _find_and_load_unlocked
  File "<frozen importlib._bootstrap>", line 935, in _load_unlocked
  File "<frozen importlib._bootstrap_external>", line 999, in exec_module
  File "<frozen importlib._bootstrap>", line 488, in _call_with_frames_removed
  File "C:\Users\Vignesh.Selvaraju\AppData\Local\Programs\Python\Python312\Lib\site-packages\transformers\models\maskformer\image_processing_maskformer.py", line 22, in <module>
    from torchvision.transforms.v2 import functional as tvF
ModuleNotFoundError: No module named 'torchvision'
2026-10-01 16:24:04.925 Examining the path of transformers.models.minimax_m3_vl.image_processing_minimax_m3_vl_fast raised:
Traceback (most recent call last):
  File "C:\Users\Vignesh.Selvaraju\AppData\Local\Programs\Python\Python312\Lib\site-packages\streamlit\watcher\local_sources_watcher.py", line 330, in get_module_paths
    potential_paths = extract_paths(module)
                      ^^^^^^^^^^^^^^^^^^^^^
  File "C:\Users\Vignesh.Selvaraju\AppData\Local\Programs\Python\Python312\Lib\site-packages\streamlit\watcher\local_sources_watcher.py", line 317, in <lambda>
    if hasattr(m, "__path__")
       ^^^^^^^^^^^^^^^^^^^^^^
  File "C:\Users\Vignesh.Selvaraju\AppData\Local\Programs\Python\Python312\Lib\site-packages\transformers\__init__.py", line 862, in _getattr
    return getattr(importlib.import_module(target, __name__), name)
                   ^^^^^^^^^^^^^^^^^^^^^^^^^^^^^^^^^^^^^^^^^
  File "C:\Users\Vignesh.Selvaraju\AppData\Local\Programs\Python\Python312\Lib\importlib\__init__.py", line 90, in import_module
    return _bootstrap._gcd_import(name[level:], package, level)
           ^^^^^^^^^^^^^^^^^^^^^^^^^^^^^^^^^^^^^^^^^^^^^^^^^^^^
  File "<frozen importlib._bootstrap>", line 1387, in _gcd_import
  File "<frozen importlib._bootstrap>", line 1360, in _find_and_load
  File "<frozen importlib._bootstrap>", line 1331, in _find_and_load_unlocked
  File "<frozen importlib._bootstrap>", line 935, in _load_unlocked
  File "<frozen importlib._bootstrap_external>", line 999, in exec_module
  File "<frozen importlib._bootstrap>", line 488, in _call_with_frames_removed
  File "C:\Users\Vignesh.Selvaraju\AppData\Local\Programs\Python\Python312\Lib\site-packages\transformers\models\minimax_m3_vl\image_processing_minimax_m3_vl.py", line 25, in <module>
    from torchvision.transforms.v2 import functional as tvF
ModuleNotFoundError: No module named 'torchvision'
2026-10-01 16:24:04.932 Examining the path of transformers.models.mllama.image_processing_mllama_fast raised:
Traceback (most recent call last):
  File "C:\Users\Vignesh.Selvaraju\AppData\Local\Programs\Python\Python312\Lib\site-packages\streamlit\watcher\local_sources_watcher.py", line 330, in get_module_paths
    potential_paths = extract_paths(module)
                      ^^^^^^^^^^^^^^^^^^^^^
  File "C:\Users\Vignesh.Selvaraju\AppData\Local\Programs\Python\Python312\Lib\site-packages\streamlit\watcher\local_sources_watcher.py", line 317, in <lambda>
    if hasattr(m, "__path__")
       ^^^^^^^^^^^^^^^^^^^^^^
  File "C:\Users\Vignesh.Selvaraju\AppData\Local\Programs\Python\Python312\Lib\site-packages\transformers\__init__.py", line 862, in _getattr
    return getattr(importlib.import_module(target, __name__), name)
                   ^^^^^^^^^^^^^^^^^^^^^^^^^^^^^^^^^^^^^^^^^
  File "C:\Users\Vignesh.Selvaraju\AppData\Local\Programs\Python\Python312\Lib\importlib\__init__.py", line 90, in import_module
    return _bootstrap._gcd_import(name[level:], package, level)
           ^^^^^^^^^^^^^^^^^^^^^^^^^^^^^^^^^^^^^^^^^^^^^^^^^^^^
  File "<frozen importlib._bootstrap>", line 1387, in _gcd_import
  File "<frozen importlib._bootstrap>", line 1360, in _find_and_load
  File "<frozen importlib._bootstrap>", line 1331, in _find_and_load_unlocked
  File "<frozen importlib._bootstrap>", line 935, in _load_unlocked
  File "<frozen importlib._bootstrap_external>", line 999, in exec_module
  File "<frozen importlib._bootstrap>", line 488, in _call_with_frames_removed
  File "C:\Users\Vignesh.Selvaraju\AppData\Local\Programs\Python\Python312\Lib\site-packages\transformers\models\mllama\image_processing_mllama.py", line 40, in <module>
    from torchvision.transforms.v2 import functional as tvF
ModuleNotFoundError: No module named 'torchvision'
2026-10-01 16:24:04.937 Examining the path of transformers.models.mobilenet_v2.image_processing_mobilenet_v2_fast raised:
Traceback (most recent call last):
  File "C:\Users\Vignesh.Selvaraju\AppData\Local\Programs\Python\Python312\Lib\site-packages\streamlit\watcher\local_sources_watcher.py", line 330, in get_module_paths
    potential_paths = extract_paths(module)
                      ^^^^^^^^^^^^^^^^^^^^^
  File "C:\Users\Vignesh.Selvaraju\AppData\Local\Programs\Python\Python312\Lib\site-packages\streamlit\watcher\local_sources_watcher.py", line 317, in <lambda>
    if hasattr(m, "__path__")
       ^^^^^^^^^^^^^^^^^^^^^^
  File "C:\Users\Vignesh.Selvaraju\AppData\Local\Programs\Python\Python312\Lib\site-packages\transformers\__init__.py", line 862, in _getattr
    return getattr(importlib.import_module(target, __name__), name)
                   ^^^^^^^^^^^^^^^^^^^^^^^^^^^^^^^^^^^^^^^^^
  File "C:\Users\Vignesh.Selvaraju\AppData\Local\Programs\Python\Python312\Lib\importlib\__init__.py", line 90, in import_module
    return _bootstrap._gcd_import(name[level:], package, level)
           ^^^^^^^^^^^^^^^^^^^^^^^^^^^^^^^^^^^^^^^^^^^^^^^^^^^^
  File "<frozen importlib._bootstrap>", line 1387, in _gcd_import
  File "<frozen importlib._bootstrap>", line 1360, in _find_and_load
  File "<frozen importlib._bootstrap>", line 1331, in _find_and_load_unlocked
  File "<frozen importlib._bootstrap>", line 935, in _load_unlocked
  File "<frozen importlib._bootstrap_external>", line 999, in exec_module
  File "<frozen importlib._bootstrap>", line 488, in _call_with_frames_removed
  File "C:\Users\Vignesh.Selvaraju\AppData\Local\Programs\Python\Python312\Lib\site-packages\transformers\models\mobilenet_v2\image_processing_mobilenet_v2.py", line 19, in <module>
    from torchvision.transforms.v2 import functional as tvF
ModuleNotFoundError: No module named 'torchvision'
2026-10-01 16:24:04.942 Examining the path of transformers.models.mobilevit.image_processing_mobilevit_fast raised:
Traceback (most recent call last):
  File "C:\Users\Vignesh.Selvaraju\AppData\Local\Programs\Python\Python312\Lib\site-packages\streamlit\watcher\local_sources_watcher.py", line 330, in get_module_paths
    potential_paths = extract_paths(module)
                      ^^^^^^^^^^^^^^^^^^^^^
  File "C:\Users\Vignesh.Selvaraju\AppData\Local\Programs\Python\Python312\Lib\site-packages\streamlit\watcher\local_sources_watcher.py", line 317, in <lambda>
    if hasattr(m, "__path__")
       ^^^^^^^^^^^^^^^^^^^^^^
  File "C:\Users\Vignesh.Selvaraju\AppData\Local\Programs\Python\Python312\Lib\site-packages\transformers\__init__.py", line 862, in _getattr
    return getattr(importlib.import_module(target, __name__), name)
                   ^^^^^^^^^^^^^^^^^^^^^^^^^^^^^^^^^^^^^^^^^
  File "C:\Users\Vignesh.Selvaraju\AppData\Local\Programs\Python\Python312\Lib\importlib\__init__.py", line 90, in import_module
    return _bootstrap._gcd_import(name[level:], package, level)
           ^^^^^^^^^^^^^^^^^^^^^^^^^^^^^^^^^^^^^^^^^^^^^^^^^^^^
  File "<frozen importlib._bootstrap>", line 1387, in _gcd_import
  File "<frozen importlib._bootstrap>", line 1360, in _find_and_load
  File "<frozen importlib._bootstrap>", line 1331, in _find_and_load_unlocked
  File "<frozen importlib._bootstrap>", line 935, in _load_unlocked
  File "<frozen importlib._bootstrap_external>", line 999, in exec_module
  File "<frozen importlib._bootstrap>", line 488, in _call_with_frames_removed
  File "C:\Users\Vignesh.Selvaraju\AppData\Local\Programs\Python\Python312\Lib\site-packages\transformers\models\mobilevit\image_processing_mobilevit.py", line 19, in <module>
    from torchvision.transforms.v2 import functional as tvF
ModuleNotFoundError: No module named 'torchvision'
2026-10-01 16:24:04.946 Examining the path of transformers.models.muse_glimmer.image_processing_muse_glimmer_fast raised:
Traceback (most recent call last):
  File "C:\Users\Vignesh.Selvaraju\AppData\Local\Programs\Python\Python312\Lib\site-packages\streamlit\watcher\local_sources_watcher.py", line 330, in get_module_paths
    potential_paths = extract_paths(module)
                      ^^^^^^^^^^^^^^^^^^^^^
  File "C:\Users\Vignesh.Selvaraju\AppData\Local\Programs\Python\Python312\Lib\site-packages\streamlit\watcher\local_sources_watcher.py", line 317, in <lambda>
    if hasattr(m, "__path__")
       ^^^^^^^^^^^^^^^^^^^^^^
  File "C:\Users\Vignesh.Selvaraju\AppData\Local\Programs\Python\Python312\Lib\site-packages\transformers\__init__.py", line 862, in _getattr
    return getattr(importlib.import_module(target, __name__), name)
                   ^^^^^^^^^^^^^^^^^^^^^^^^^^^^^^^^^^^^^^^^^
  File "C:\Users\Vignesh.Selvaraju\AppData\Local\Programs\Python\Python312\Lib\importlib\__init__.py", line 90, in import_module
    return _bootstrap._gcd_import(name[level:], package, level)
           ^^^^^^^^^^^^^^^^^^^^^^^^^^^^^^^^^^^^^^^^^^^^^^^^^^^^
  File "<frozen importlib._bootstrap>", line 1387, in _gcd_import
  File "<frozen importlib._bootstrap>", line 1360, in _find_and_load
  File "<frozen importlib._bootstrap>", line 1331, in _find_and_load_unlocked
  File "<frozen importlib._bootstrap>", line 935, in _load_unlocked
  File "<frozen importlib._bootstrap_external>", line 999, in exec_module
  File "<frozen importlib._bootstrap>", line 488, in _call_with_frames_removed
  File "C:\Users\Vignesh.Selvaraju\AppData\Local\Programs\Python\Python312\Lib\site-packages\transformers\models\muse_glimmer\image_processing_muse_glimmer.py", line 25, in <module>
    from torchvision.transforms.v2 import functional as tvF
ModuleNotFoundError: No module named 'torchvision'
2026-10-01 16:24:04.951 Examining the path of transformers.models.nougat.image_processing_nougat_fast raised:
Traceback (most recent call last):
  File "C:\Users\Vignesh.Selvaraju\AppData\Local\Programs\Python\Python312\Lib\site-packages\streamlit\watcher\local_sources_watcher.py", line 330, in get_module_paths
    potential_paths = extract_paths(module)
                      ^^^^^^^^^^^^^^^^^^^^^
  File "C:\Users\Vignesh.Selvaraju\AppData\Local\Programs\Python\Python312\Lib\site-packages\streamlit\watcher\local_sources_watcher.py", line 317, in <lambda>
    if hasattr(m, "__path__")
       ^^^^^^^^^^^^^^^^^^^^^^
  File "C:\Users\Vignesh.Selvaraju\AppData\Local\Programs\Python\Python312\Lib\site-packages\transformers\__init__.py", line 862, in _getattr
    return getattr(importlib.import_module(target, __name__), name)
                   ^^^^^^^^^^^^^^^^^^^^^^^^^^^^^^^^^^^^^^^^^
  File "C:\Users\Vignesh.Selvaraju\AppData\Local\Programs\Python\Python312\Lib\importlib\__init__.py", line 90, in import_module
    return _bootstrap._gcd_import(name[level:], package, level)
           ^^^^^^^^^^^^^^^^^^^^^^^^^^^^^^^^^^^^^^^^^^^^^^^^^^^^
  File "<frozen importlib._bootstrap>", line 1387, in _gcd_import
  File "<frozen importlib._bootstrap>", line 1360, in _find_and_load
  File "<frozen importlib._bootstrap>", line 1331, in _find_and_load_unlocked
  File "<frozen importlib._bootstrap>", line 935, in _load_unlocked
  File "<frozen importlib._bootstrap_external>", line 999, in exec_module
  File "<frozen importlib._bootstrap>", line 488, in _call_with_frames_removed
  File "C:\Users\Vignesh.Selvaraju\AppData\Local\Programs\Python\Python312\Lib\site-packages\transformers\models\nougat\image_processing_nougat.py", line 17, in <module>
    from torchvision.transforms.v2 import functional as tvF
ModuleNotFoundError: No module named 'torchvision'
2026-10-01 16:24:04.956 Examining the path of transformers.models.oneformer.image_processing_oneformer_fast raised:
Traceback (most recent call last):
  File "C:\Users\Vignesh.Selvaraju\AppData\Local\Programs\Python\Python312\Lib\site-packages\streamlit\watcher\local_sources_watcher.py", line 330, in get_module_paths
    potential_paths = extract_paths(module)
                      ^^^^^^^^^^^^^^^^^^^^^
  File "C:\Users\Vignesh.Selvaraju\AppData\Local\Programs\Python\Python312\Lib\site-packages\streamlit\watcher\local_sources_watcher.py", line 317, in <lambda>
    if hasattr(m, "__path__")
       ^^^^^^^^^^^^^^^^^^^^^^
  File "C:\Users\Vignesh.Selvaraju\AppData\Local\Programs\Python\Python312\Lib\site-packages\transformers\__init__.py", line 862, in _getattr
    return getattr(importlib.import_module(target, __name__), name)
                   ^^^^^^^^^^^^^^^^^^^^^^^^^^^^^^^^^^^^^^^^^
  File "C:\Users\Vignesh.Selvaraju\AppData\Local\Programs\Python\Python312\Lib\importlib\__init__.py", line 90, in import_module
    return _bootstrap._gcd_import(name[level:], package, level)
           ^^^^^^^^^^^^^^^^^^^^^^^^^^^^^^^^^^^^^^^^^^^^^^^^^^^^
  File "<frozen importlib._bootstrap>", line 1387, in _gcd_import
  File "<frozen importlib._bootstrap>", line 1360, in _find_and_load
  File "<frozen importlib._bootstrap>", line 1331, in _find_and_load_unlocked
  File "<frozen importlib._bootstrap>", line 935, in _load_unlocked
  File "<frozen importlib._bootstrap_external>", line 999, in exec_module
  File "<frozen importlib._bootstrap>", line 488, in _call_with_frames_removed
  File "C:\Users\Vignesh.Selvaraju\AppData\Local\Programs\Python\Python312\Lib\site-packages\transformers\models\oneformer\image_processing_oneformer.py", line 23, in <module>
    from torchvision.transforms.v2 import functional as tvF
ModuleNotFoundError: No module named 'torchvision'
2026-10-01 16:24:04.961 Examining the path of transformers.models.ovis2.image_processing_ovis2_fast raised:
Traceback (most recent call last):
  File "C:\Users\Vignesh.Selvaraju\AppData\Local\Programs\Python\Python312\Lib\site-packages\streamlit\watcher\local_sources_watcher.py", line 330, in get_module_paths
    potential_paths = extract_paths(module)
                      ^^^^^^^^^^^^^^^^^^^^^
  File "C:\Users\Vignesh.Selvaraju\AppData\Local\Programs\Python\Python312\Lib\site-packages\streamlit\watcher\local_sources_watcher.py", line 317, in <lambda>
    if hasattr(m, "__path__")
       ^^^^^^^^^^^^^^^^^^^^^^
  File "C:\Users\Vignesh.Selvaraju\AppData\Local\Programs\Python\Python312\Lib\site-packages\transformers\__init__.py", line 862, in _getattr
    return getattr(importlib.import_module(target, __name__), name)
                   ^^^^^^^^^^^^^^^^^^^^^^^^^^^^^^^^^^^^^^^^^
  File "C:\Users\Vignesh.Selvaraju\AppData\Local\Programs\Python\Python312\Lib\importlib\__init__.py", line 90, in import_module
    return _bootstrap._gcd_import(name[level:], package, level)
           ^^^^^^^^^^^^^^^^^^^^^^^^^^^^^^^^^^^^^^^^^^^^^^^^^^^^
  File "<frozen importlib._bootstrap>", line 1387, in _gcd_import
  File "<frozen importlib._bootstrap>", line 1360, in _find_and_load
  File "<frozen importlib._bootstrap>", line 1331, in _find_and_load_unlocked
  File "<frozen importlib._bootstrap>", line 935, in _load_unlocked
  File "<frozen importlib._bootstrap_external>", line 999, in exec_module
  File "<frozen importlib._bootstrap>", line 488, in _call_with_frames_removed
  File "C:\Users\Vignesh.Selvaraju\AppData\Local\Programs\Python\Python312\Lib\site-packages\transformers\models\ovis2\image_processing_ovis2.py", line 19, in <module>
    from torchvision.transforms.v2 import functional as tvF
ModuleNotFoundError: No module named 'torchvision'
2026-10-01 16:24:04.967 Examining the path of transformers.models.owlv2.image_processing_owlv2_fast raised:
Traceback (most recent call last):
  File "C:\Users\Vignesh.Selvaraju\AppData\Local\Programs\Python\Python312\Lib\site-packages\streamlit\watcher\local_sources_watcher.py", line 330, in get_module_paths
    potential_paths = extract_paths(module)
                      ^^^^^^^^^^^^^^^^^^^^^
  File "C:\Users\Vignesh.Selvaraju\AppData\Local\Programs\Python\Python312\Lib\site-packages\streamlit\watcher\local_sources_watcher.py", line 317, in <lambda>
    if hasattr(m, "__path__")
       ^^^^^^^^^^^^^^^^^^^^^^
  File "C:\Users\Vignesh.Selvaraju\AppData\Local\Programs\Python\Python312\Lib\site-packages\transformers\__init__.py", line 862, in _getattr
    return getattr(importlib.import_module(target, __name__), name)
                   ^^^^^^^^^^^^^^^^^^^^^^^^^^^^^^^^^^^^^^^^^
  File "C:\Users\Vignesh.Selvaraju\AppData\Local\Programs\Python\Python312\Lib\importlib\__init__.py", line 90, in import_module
    return _bootstrap._gcd_import(name[level:], package, level)
           ^^^^^^^^^^^^^^^^^^^^^^^^^^^^^^^^^^^^^^^^^^^^^^^^^^^^
  File "<frozen importlib._bootstrap>", line 1387, in _gcd_import
  File "<frozen importlib._bootstrap>", line 1360, in _find_and_load
  File "<frozen importlib._bootstrap>", line 1331, in _find_and_load_unlocked
  File "<frozen importlib._bootstrap>", line 935, in _load_unlocked
  File "<frozen importlib._bootstrap_external>", line 999, in exec_module
  File "<frozen importlib._bootstrap>", line 488, in _call_with_frames_removed
  File "C:\Users\Vignesh.Selvaraju\AppData\Local\Programs\Python\Python312\Lib\site-packages\transformers\models\owlv2\image_processing_owlv2.py", line 25, in <module>
    import torchvision.transforms.v2.functional as tvF
ModuleNotFoundError: No module named 'torchvision'
2026-10-01 16:24:04.972 Examining the path of transformers.models.paddleocr_vl.image_processing_paddleocr_vl_fast raised:
Traceback (most recent call last):
  File "C:\Users\Vignesh.Selvaraju\AppData\Local\Programs\Python\Python312\Lib\site-packages\streamlit\watcher\local_sources_watcher.py", line 330, in get_module_paths
    potential_paths = extract_paths(module)
                      ^^^^^^^^^^^^^^^^^^^^^
  File "C:\Users\Vignesh.Selvaraju\AppData\Local\Programs\Python\Python312\Lib\site-packages\streamlit\watcher\local_sources_watcher.py", line 317, in <lambda>
    if hasattr(m, "__path__")
       ^^^^^^^^^^^^^^^^^^^^^^
  File "C:\Users\Vignesh.Selvaraju\AppData\Local\Programs\Python\Python312\Lib\site-packages\transformers\__init__.py", line 862, in _getattr
    return getattr(importlib.import_module(target, __name__), name)
                   ^^^^^^^^^^^^^^^^^^^^^^^^^^^^^^^^^^^^^^^^^
  File "C:\Users\Vignesh.Selvaraju\AppData\Local\Programs\Python\Python312\Lib\importlib\__init__.py", line 90, in import_module
    return _bootstrap._gcd_import(name[level:], package, level)
           ^^^^^^^^^^^^^^^^^^^^^^^^^^^^^^^^^^^^^^^^^^^^^^^^^^^^
  File "<frozen importlib._bootstrap>", line 1387, in _gcd_import
  File "<frozen importlib._bootstrap>", line 1360, in _find_and_load
  File "<frozen importlib._bootstrap>", line 1331, in _find_and_load_unlocked
  File "<frozen importlib._bootstrap>", line 935, in _load_unlocked
  File "<frozen importlib._bootstrap_external>", line 999, in exec_module
  File "<frozen importlib._bootstrap>", line 488, in _call_with_frames_removed
  File "C:\Users\Vignesh.Selvaraju\AppData\Local\Programs\Python\Python312\Lib\site-packages\transformers\models\paddleocr_vl\image_processing_paddleocr_vl.py", line 30, in <module>
    from torchvision.transforms.v2 import functional as tvF
ModuleNotFoundError: No module named 'torchvision'
2026-10-01 16:24:04.977 Examining the path of transformers.models.perceiver.image_processing_perceiver_fast raised:
Traceback (most recent call last):
  File "C:\Users\Vignesh.Selvaraju\AppData\Local\Programs\Python\Python312\Lib\site-packages\streamlit\watcher\local_sources_watcher.py", line 330, in get_module_paths
    potential_paths = extract_paths(module)
                      ^^^^^^^^^^^^^^^^^^^^^
  File "C:\Users\Vignesh.Selvaraju\AppData\Local\Programs\Python\Python312\Lib\site-packages\streamlit\watcher\local_sources_watcher.py", line 317, in <lambda>
    if hasattr(m, "__path__")
       ^^^^^^^^^^^^^^^^^^^^^^
  File "C:\Users\Vignesh.Selvaraju\AppData\Local\Programs\Python\Python312\Lib\site-packages\transformers\__init__.py", line 862, in _getattr
    return getattr(importlib.import_module(target, __name__), name)
                   ^^^^^^^^^^^^^^^^^^^^^^^^^^^^^^^^^^^^^^^^^
  File "C:\Users\Vignesh.Selvaraju\AppData\Local\Programs\Python\Python312\Lib\importlib\__init__.py", line 90, in import_module
    return _bootstrap._gcd_import(name[level:], package, level)
           ^^^^^^^^^^^^^^^^^^^^^^^^^^^^^^^^^^^^^^^^^^^^^^^^^^^^
  File "<frozen importlib._bootstrap>", line 1387, in _gcd_import
  File "<frozen importlib._bootstrap>", line 1360, in _find_and_load
  File "<frozen importlib._bootstrap>", line 1331, in _find_and_load_unlocked
  File "<frozen importlib._bootstrap>", line 935, in _load_unlocked
  File "<frozen importlib._bootstrap_external>", line 999, in exec_module
  File "<frozen importlib._bootstrap>", line 488, in _call_with_frames_removed
  File "C:\Users\Vignesh.Selvaraju\AppData\Local\Programs\Python\Python312\Lib\site-packages\transformers\models\perceiver\image_processing_perceiver.py", line 17, in <module>
    from torchvision.transforms.v2 import functional as tvF
ModuleNotFoundError: No module named 'torchvision'
2026-10-01 16:24:04.982 Examining the path of transformers.models.perception_lm.image_processing_perception_lm_fast raised:
Traceback (most recent call last):
  File "C:\Users\Vignesh.Selvaraju\AppData\Local\Programs\Python\Python312\Lib\site-packages\streamlit\watcher\local_sources_watcher.py", line 330, in get_module_paths
    potential_paths = extract_paths(module)
                      ^^^^^^^^^^^^^^^^^^^^^
  File "C:\Users\Vignesh.Selvaraju\AppData\Local\Programs\Python\Python312\Lib\site-packages\streamlit\watcher\local_sources_watcher.py", line 317, in <lambda>
    if hasattr(m, "__path__")
       ^^^^^^^^^^^^^^^^^^^^^^
  File "C:\Users\Vignesh.Selvaraju\AppData\Local\Programs\Python\Python312\Lib\site-packages\transformers\__init__.py", line 862, in _getattr
    return getattr(importlib.import_module(target, __name__), name)
                   ^^^^^^^^^^^^^^^^^^^^^^^^^^^^^^^^^^^^^^^^^
  File "C:\Users\Vignesh.Selvaraju\AppData\Local\Programs\Python\Python312\Lib\importlib\__init__.py", line 90, in import_module
    return _bootstrap._gcd_import(name[level:], package, level)
           ^^^^^^^^^^^^^^^^^^^^^^^^^^^^^^^^^^^^^^^^^^^^^^^^^^^^
  File "<frozen importlib._bootstrap>", line 1387, in _gcd_import
  File "<frozen importlib._bootstrap>", line 1360, in _find_and_load
  File "<frozen importlib._bootstrap>", line 1331, in _find_and_load_unlocked
  File "<frozen importlib._bootstrap>", line 935, in _load_unlocked
  File "<frozen importlib._bootstrap_external>", line 999, in exec_module
  File "<frozen importlib._bootstrap>", line 488, in _call_with_frames_removed
  File "C:\Users\Vignesh.Selvaraju\AppData\Local\Programs\Python\Python312\Lib\site-packages\transformers\models\perception_lm\image_processing_perception_lm.py", line 19, in <module>
    from torchvision.transforms.v2 import functional as tvF
ModuleNotFoundError: No module named 'torchvision'
2026-10-01 16:24:04.987 Examining the path of transformers.models.phi4_multimodal.image_processing_phi4_multimodal_fast raised:
Traceback (most recent call last):
  File "C:\Users\Vignesh.Selvaraju\AppData\Local\Programs\Python\Python312\Lib\site-packages\streamlit\watcher\local_sources_watcher.py", line 330, in get_module_paths
    potential_paths = extract_paths(module)
                      ^^^^^^^^^^^^^^^^^^^^^
  File "C:\Users\Vignesh.Selvaraju\AppData\Local\Programs\Python\Python312\Lib\site-packages\streamlit\watcher\local_sources_watcher.py", line 317, in <lambda>
    if hasattr(m, "__path__")
       ^^^^^^^^^^^^^^^^^^^^^^
  File "C:\Users\Vignesh.Selvaraju\AppData\Local\Programs\Python\Python312\Lib\site-packages\transformers\__init__.py", line 862, in _getattr
    return getattr(importlib.import_module(target, __name__), name)
                   ^^^^^^^^^^^^^^^^^^^^^^^^^^^^^^^^^^^^^^^^^
  File "C:\Users\Vignesh.Selvaraju\AppData\Local\Programs\Python\Python312\Lib\importlib\__init__.py", line 90, in import_module
    return _bootstrap._gcd_import(name[level:], package, level)
           ^^^^^^^^^^^^^^^^^^^^^^^^^^^^^^^^^^^^^^^^^^^^^^^^^^^^
  File "<frozen importlib._bootstrap>", line 1387, in _gcd_import
  File "<frozen importlib._bootstrap>", line 1360, in _find_and_load
  File "<frozen importlib._bootstrap>", line 1331, in _find_and_load_unlocked
  File "<frozen importlib._bootstrap>", line 935, in _load_unlocked
  File "<frozen importlib._bootstrap_external>", line 999, in exec_module
  File "<frozen importlib._bootstrap>", line 488, in _call_with_frames_removed
  File "C:\Users\Vignesh.Selvaraju\AppData\Local\Programs\Python\Python312\Lib\site-packages\transformers\models\phi4_multimodal\image_processing_phi4_multimodal.py", line 19, in <module>
    from torchvision.transforms.v2 import functional as tvF
ModuleNotFoundError: No module named 'torchvision'
2026-10-01 16:24:04.997 Examining the path of transformers.models.pix2struct.image_processing_pix2struct_fast raised:
Traceback (most recent call last):
  File "C:\Users\Vignesh.Selvaraju\AppData\Local\Programs\Python\Python312\Lib\site-packages\streamlit\watcher\local_sources_watcher.py", line 330, in get_module_paths
    potential_paths = extract_paths(module)
                      ^^^^^^^^^^^^^^^^^^^^^
  File "C:\Users\Vignesh.Selvaraju\AppData\Local\Programs\Python\Python312\Lib\site-packages\streamlit\watcher\local_sources_watcher.py", line 317, in <lambda>
    if hasattr(m, "__path__")
       ^^^^^^^^^^^^^^^^^^^^^^
  File "C:\Users\Vignesh.Selvaraju\AppData\Local\Programs\Python\Python312\Lib\site-packages\transformers\__init__.py", line 862, in _getattr
    return getattr(importlib.import_module(target, __name__), name)
                   ^^^^^^^^^^^^^^^^^^^^^^^^^^^^^^^^^^^^^^^^^
  File "C:\Users\Vignesh.Selvaraju\AppData\Local\Programs\Python\Python312\Lib\importlib\__init__.py", line 90, in import_module
    return _bootstrap._gcd_import(name[level:], package, level)
           ^^^^^^^^^^^^^^^^^^^^^^^^^^^^^^^^^^^^^^^^^^^^^^^^^^^^
  File "<frozen importlib._bootstrap>", line 1387, in _gcd_import
  File "<frozen importlib._bootstrap>", line 1360, in _find_and_load
  File "<frozen importlib._bootstrap>", line 1331, in _find_and_load_unlocked
  File "<frozen importlib._bootstrap>", line 935, in _load_unlocked
  File "<frozen importlib._bootstrap_external>", line 999, in exec_module
  File "<frozen importlib._bootstrap>", line 488, in _call_with_frames_removed
  File "C:\Users\Vignesh.Selvaraju\AppData\Local\Programs\Python\Python312\Lib\site-packages\transformers\models\pix2struct\image_processing_pix2struct.py", line 21, in <module>
    import torchvision.transforms.v2.functional as tvF
ModuleNotFoundError: No module named 'torchvision'
2026-10-01 16:24:05.002 Examining the path of transformers.models.pixtral.image_processing_pixtral_fast raised:
Traceback (most recent call last):
  File "C:\Users\Vignesh.Selvaraju\AppData\Local\Programs\Python\Python312\Lib\site-packages\streamlit\watcher\local_sources_watcher.py", line 330, in get_module_paths
    potential_paths = extract_paths(module)
                      ^^^^^^^^^^^^^^^^^^^^^
  File "C:\Users\Vignesh.Selvaraju\AppData\Local\Programs\Python\Python312\Lib\site-packages\streamlit\watcher\local_sources_watcher.py", line 317, in <lambda>
    if hasattr(m, "__path__")
       ^^^^^^^^^^^^^^^^^^^^^^
  File "C:\Users\Vignesh.Selvaraju\AppData\Local\Programs\Python\Python312\Lib\site-packages\transformers\__init__.py", line 862, in _getattr
    return getattr(importlib.import_module(target, __name__), name)
                   ^^^^^^^^^^^^^^^^^^^^^^^^^^^^^^^^^^^^^^^^^
  File "C:\Users\Vignesh.Selvaraju\AppData\Local\Programs\Python\Python312\Lib\importlib\__init__.py", line 90, in import_module
    return _bootstrap._gcd_import(name[level:], package, level)
           ^^^^^^^^^^^^^^^^^^^^^^^^^^^^^^^^^^^^^^^^^^^^^^^^^^^^
  File "<frozen importlib._bootstrap>", line 1387, in _gcd_import
  File "<frozen importlib._bootstrap>", line 1360, in _find_and_load
  File "<frozen importlib._bootstrap>", line 1331, in _find_and_load_unlocked
  File "<frozen importlib._bootstrap>", line 935, in _load_unlocked
  File "<frozen importlib._bootstrap_external>", line 999, in exec_module
  File "<frozen importlib._bootstrap>", line 488, in _call_with_frames_removed
  File "C:\Users\Vignesh.Selvaraju\AppData\Local\Programs\Python\Python312\Lib\site-packages\transformers\models\pixtral\image_processing_pixtral.py", line 19, in <module>
    from torchvision.transforms.v2 import functional as tvF
ModuleNotFoundError: No module named 'torchvision'
2026-10-01 16:24:05.007 Examining the path of transformers.models.poolformer.image_processing_poolformer_fast raised:
Traceback (most recent call last):
  File "C:\Users\Vignesh.Selvaraju\AppData\Local\Programs\Python\Python312\Lib\site-packages\streamlit\watcher\local_sources_watcher.py", line 330, in get_module_paths
    potential_paths = extract_paths(module)
                      ^^^^^^^^^^^^^^^^^^^^^
  File "C:\Users\Vignesh.Selvaraju\AppData\Local\Programs\Python\Python312\Lib\site-packages\streamlit\watcher\local_sources_watcher.py", line 317, in <lambda>
    if hasattr(m, "__path__")
       ^^^^^^^^^^^^^^^^^^^^^^
  File "C:\Users\Vignesh.Selvaraju\AppData\Local\Programs\Python\Python312\Lib\site-packages\transformers\__init__.py", line 862, in _getattr
    return getattr(importlib.import_module(target, __name__), name)
                   ^^^^^^^^^^^^^^^^^^^^^^^^^^^^^^^^^^^^^^^^^
  File "C:\Users\Vignesh.Selvaraju\AppData\Local\Programs\Python\Python312\Lib\importlib\__init__.py", line 90, in import_module
    return _bootstrap._gcd_import(name[level:], package, level)
           ^^^^^^^^^^^^^^^^^^^^^^^^^^^^^^^^^^^^^^^^^^^^^^^^^^^^
  File "<frozen importlib._bootstrap>", line 1387, in _gcd_import
  File "<frozen importlib._bootstrap>", line 1360, in _find_and_load
  File "<frozen importlib._bootstrap>", line 1331, in _find_and_load_unlocked
  File "<frozen importlib._bootstrap>", line 935, in _load_unlocked
  File "<frozen importlib._bootstrap_external>", line 999, in exec_module
  File "<frozen importlib._bootstrap>", line 488, in _call_with_frames_removed
  File "C:\Users\Vignesh.Selvaraju\AppData\Local\Programs\Python\Python312\Lib\site-packages\transformers\models\poolformer\image_processing_poolformer.py", line 17, in <module>
    from torchvision.transforms.v2 import functional as tvF
ModuleNotFoundError: No module named 'torchvision'
2026-10-01 16:24:05.012 Examining the path of transformers.models.pp_doclayout_v2.image_processing_pp_doclayout_v2_fast raised:
Traceback (most recent call last):
  File "C:\Users\Vignesh.Selvaraju\AppData\Local\Programs\Python\Python312\Lib\site-packages\streamlit\watcher\local_sources_watcher.py", line 330, in get_module_paths
    potential_paths = extract_paths(module)
                      ^^^^^^^^^^^^^^^^^^^^^
  File "C:\Users\Vignesh.Selvaraju\AppData\Local\Programs\Python\Python312\Lib\site-packages\streamlit\watcher\local_sources_watcher.py", line 317, in <lambda>
    if hasattr(m, "__path__")
       ^^^^^^^^^^^^^^^^^^^^^^
  File "C:\Users\Vignesh.Selvaraju\AppData\Local\Programs\Python\Python312\Lib\site-packages\transformers\__init__.py", line 862, in _getattr
    return getattr(importlib.import_module(target, __name__), name)
                   ^^^^^^^^^^^^^^^^^^^^^^^^^^^^^^^^^^^^^^^^^
  File "C:\Users\Vignesh.Selvaraju\AppData\Local\Programs\Python\Python312\Lib\importlib\__init__.py", line 90, in import_module
    return _bootstrap._gcd_import(name[level:], package, level)
           ^^^^^^^^^^^^^^^^^^^^^^^^^^^^^^^^^^^^^^^^^^^^^^^^^^^^
  File "<frozen importlib._bootstrap>", line 1387, in _gcd_import
  File "<frozen importlib._bootstrap>", line 1360, in _find_and_load
  File "<frozen importlib._bootstrap>", line 1331, in _find_and_load_unlocked
  File "<frozen importlib._bootstrap>", line 935, in _load_unlocked
  File "<frozen importlib._bootstrap_external>", line 999, in exec_module
  File "<frozen importlib._bootstrap>", line 488, in _call_with_frames_removed
  File "C:\Users\Vignesh.Selvaraju\AppData\Local\Programs\Python\Python312\Lib\site-packages\transformers\models\pp_doclayout_v2\image_processing_pp_doclayout_v2.py", line 23, in <module>
    from torchvision.transforms.v2 import functional as tvF
ModuleNotFoundError: No module named 'torchvision'
2026-10-01 16:24:05.017 Examining the path of transformers.models.pp_doclayout_v3.image_processing_pp_doclayout_v3_fast raised:
Traceback (most recent call last):
  File "C:\Users\Vignesh.Selvaraju\AppData\Local\Programs\Python\Python312\Lib\site-packages\streamlit\watcher\local_sources_watcher.py", line 330, in get_module_paths
    potential_paths = extract_paths(module)
                      ^^^^^^^^^^^^^^^^^^^^^
  File "C:\Users\Vignesh.Selvaraju\AppData\Local\Programs\Python\Python312\Lib\site-packages\streamlit\watcher\local_sources_watcher.py", line 317, in <lambda>
    if hasattr(m, "__path__")
       ^^^^^^^^^^^^^^^^^^^^^^
  File "C:\Users\Vignesh.Selvaraju\AppData\Local\Programs\Python\Python312\Lib\site-packages\transformers\__init__.py", line 862, in _getattr
    return getattr(importlib.import_module(target, __name__), name)
                   ^^^^^^^^^^^^^^^^^^^^^^^^^^^^^^^^^^^^^^^^^
  File "C:\Users\Vignesh.Selvaraju\AppData\Local\Programs\Python\Python312\Lib\importlib\__init__.py", line 90, in import_module
    return _bootstrap._gcd_import(name[level:], package, level)
           ^^^^^^^^^^^^^^^^^^^^^^^^^^^^^^^^^^^^^^^^^^^^^^^^^^^^
  File "<frozen importlib._bootstrap>", line 1387, in _gcd_import
  File "<frozen importlib._bootstrap>", line 1360, in _find_and_load
  File "<frozen importlib._bootstrap>", line 1331, in _find_and_load_unlocked
  File "<frozen importlib._bootstrap>", line 935, in _load_unlocked
  File "<frozen importlib._bootstrap_external>", line 999, in exec_module
  File "<frozen importlib._bootstrap>", line 488, in _call_with_frames_removed
  File "C:\Users\Vignesh.Selvaraju\AppData\Local\Programs\Python\Python312\Lib\site-packages\transformers\models\pp_doclayout_v3\image_processing_pp_doclayout_v3.py", line 24, in <module>
    from torchvision.transforms.v2 import functional as tvF
ModuleNotFoundError: No module named 'torchvision'
2026-10-01 16:24:05.022 Examining the path of transformers.models.pp_formulanet.image_processing_pp_formulanet_fast raised:
Traceback (most recent call last):
  File "C:\Users\Vignesh.Selvaraju\AppData\Local\Programs\Python\Python312\Lib\site-packages\streamlit\watcher\local_sources_watcher.py", line 330, in get_module_paths
    potential_paths = extract_paths(module)
                      ^^^^^^^^^^^^^^^^^^^^^
  File "C:\Users\Vignesh.Selvaraju\AppData\Local\Programs\Python\Python312\Lib\site-packages\streamlit\watcher\local_sources_watcher.py", line 317, in <lambda>
    if hasattr(m, "__path__")
       ^^^^^^^^^^^^^^^^^^^^^^
  File "C:\Users\Vignesh.Selvaraju\AppData\Local\Programs\Python\Python312\Lib\site-packages\transformers\__init__.py", line 862, in _getattr
    return getattr(importlib.import_module(target, __name__), name)
                   ^^^^^^^^^^^^^^^^^^^^^^^^^^^^^^^^^^^^^^^^^
  File "C:\Users\Vignesh.Selvaraju\AppData\Local\Programs\Python\Python312\Lib\importlib\__init__.py", line 90, in import_module
    return _bootstrap._gcd_import(name[level:], package, level)
           ^^^^^^^^^^^^^^^^^^^^^^^^^^^^^^^^^^^^^^^^^^^^^^^^^^^^
  File "<frozen importlib._bootstrap>", line 1387, in _gcd_import
  File "<frozen importlib._bootstrap>", line 1360, in _find_and_load
  File "<frozen importlib._bootstrap>", line 1331, in _find_and_load_unlocked
  File "<frozen importlib._bootstrap>", line 935, in _load_unlocked
  File "<frozen importlib._bootstrap_external>", line 999, in exec_module
  File "<frozen importlib._bootstrap>", line 488, in _call_with_frames_removed
  File "C:\Users\Vignesh.Selvaraju\AppData\Local\Programs\Python\Python312\Lib\site-packages\transformers\models\pp_formulanet\image_processing_pp_formulanet.py", line 23, in <module>
    from torchvision.transforms.v2 import functional as tvF
ModuleNotFoundError: No module named 'torchvision'
2026-10-01 16:24:05.027 Examining the path of transformers.models.pp_lcnet.image_processing_pp_lcnet_fast raised:
Traceback (most recent call last):
  File "C:\Users\Vignesh.Selvaraju\AppData\Local\Programs\Python\Python312\Lib\site-packages\streamlit\watcher\local_sources_watcher.py", line 330, in get_module_paths
    potential_paths = extract_paths(module)
                      ^^^^^^^^^^^^^^^^^^^^^
  File "C:\Users\Vignesh.Selvaraju\AppData\Local\Programs\Python\Python312\Lib\site-packages\streamlit\watcher\local_sources_watcher.py", line 317, in <lambda>
    if hasattr(m, "__path__")
       ^^^^^^^^^^^^^^^^^^^^^^
  File "C:\Users\Vignesh.Selvaraju\AppData\Local\Programs\Python\Python312\Lib\site-packages\transformers\__init__.py", line 862, in _getattr
    return getattr(importlib.import_module(target, __name__), name)
                   ^^^^^^^^^^^^^^^^^^^^^^^^^^^^^^^^^^^^^^^^^
  File "C:\Users\Vignesh.Selvaraju\AppData\Local\Programs\Python\Python312\Lib\importlib\__init__.py", line 90, in import_module
    return _bootstrap._gcd_import(name[level:], package, level)
           ^^^^^^^^^^^^^^^^^^^^^^^^^^^^^^^^^^^^^^^^^^^^^^^^^^^^
  File "<frozen importlib._bootstrap>", line 1387, in _gcd_import
  File "<frozen importlib._bootstrap>", line 1360, in _find_and_load
  File "<frozen importlib._bootstrap>", line 1331, in _find_and_load_unlocked
  File "<frozen importlib._bootstrap>", line 935, in _load_unlocked
  File "<frozen importlib._bootstrap_external>", line 999, in exec_module
  File "<frozen importlib._bootstrap>", line 488, in _call_with_frames_removed
  File "C:\Users\Vignesh.Selvaraju\AppData\Local\Programs\Python\Python312\Lib\site-packages\transformers\models\pp_lcnet\image_processing_pp_lcnet.py", line 24, in <module>
    import torchvision.transforms.v2.functional as tvF
ModuleNotFoundError: No module named 'torchvision'
2026-10-01 16:24:05.033 Examining the path of transformers.models.pp_ocrv5_server_det.image_processing_pp_ocrv5_server_det_fast raised:
Traceback (most recent call last):
  File "C:\Users\Vignesh.Selvaraju\AppData\Local\Programs\Python\Python312\Lib\site-packages\streamlit\watcher\local_sources_watcher.py", line 330, in get_module_paths
    potential_paths = extract_paths(module)
                      ^^^^^^^^^^^^^^^^^^^^^
  File "C:\Users\Vignesh.Selvaraju\AppData\Local\Programs\Python\Python312\Lib\site-packages\streamlit\watcher\local_sources_watcher.py", line 317, in <lambda>
    if hasattr(m, "__path__")
       ^^^^^^^^^^^^^^^^^^^^^^
  File "C:\Users\Vignesh.Selvaraju\AppData\Local\Programs\Python\Python312\Lib\site-packages\transformers\__init__.py", line 862, in _getattr
    return getattr(importlib.import_module(target, __name__), name)
                   ^^^^^^^^^^^^^^^^^^^^^^^^^^^^^^^^^^^^^^^^^
  File "C:\Users\Vignesh.Selvaraju\AppData\Local\Programs\Python\Python312\Lib\importlib\__init__.py", line 90, in import_module
    return _bootstrap._gcd_import(name[level:], package, level)
           ^^^^^^^^^^^^^^^^^^^^^^^^^^^^^^^^^^^^^^^^^^^^^^^^^^^^
  File "<frozen importlib._bootstrap>", line 1387, in _gcd_import
  File "<frozen importlib._bootstrap>", line 1360, in _find_and_load
  File "<frozen importlib._bootstrap>", line 1331, in _find_and_load_unlocked
  File "<frozen importlib._bootstrap>", line 935, in _load_unlocked
  File "<frozen importlib._bootstrap_external>", line 999, in exec_module
  File "<frozen importlib._bootstrap>", line 488, in _call_with_frames_removed
  File "C:\Users\Vignesh.Selvaraju\AppData\Local\Programs\Python\Python312\Lib\site-packages\transformers\models\pp_ocrv5_server_det\image_processing_pp_ocrv5_server_det.py", line 25, in <module>
    import torchvision.transforms.v2.functional as tvF
ModuleNotFoundError: No module named 'torchvision'
2026-10-01 16:24:05.037 Examining the path of transformers.models.pp_ocrv5_server_rec.image_processing_pp_ocrv5_server_rec_fast raised:
Traceback (most recent call last):
  File "C:\Users\Vignesh.Selvaraju\AppData\Local\Programs\Python\Python312\Lib\site-packages\streamlit\watcher\local_sources_watcher.py", line 330, in get_module_paths
    potential_paths = extract_paths(module)
                      ^^^^^^^^^^^^^^^^^^^^^
  File "C:\Users\Vignesh.Selvaraju\AppData\Local\Programs\Python\Python312\Lib\site-packages\streamlit\watcher\local_sources_watcher.py", line 317, in <lambda>
    if hasattr(m, "__path__")
       ^^^^^^^^^^^^^^^^^^^^^^
  File "C:\Users\Vignesh.Selvaraju\AppData\Local\Programs\Python\Python312\Lib\site-packages\transformers\__init__.py", line 862, in _getattr
    return getattr(importlib.import_module(target, __name__), name)
                   ^^^^^^^^^^^^^^^^^^^^^^^^^^^^^^^^^^^^^^^^^
  File "C:\Users\Vignesh.Selvaraju\AppData\Local\Programs\Python\Python312\Lib\importlib\__init__.py", line 90, in import_module
    return _bootstrap._gcd_import(name[level:], package, level)
           ^^^^^^^^^^^^^^^^^^^^^^^^^^^^^^^^^^^^^^^^^^^^^^^^^^^^
  File "<frozen importlib._bootstrap>", line 1387, in _gcd_import
  File "<frozen importlib._bootstrap>", line 1360, in _find_and_load
  File "<frozen importlib._bootstrap>", line 1331, in _find_and_load_unlocked
  File "<frozen importlib._bootstrap>", line 935, in _load_unlocked
  File "<frozen importlib._bootstrap_external>", line 999, in exec_module
  File "<frozen importlib._bootstrap>", line 488, in _call_with_frames_removed
  File "C:\Users\Vignesh.Selvaraju\AppData\Local\Programs\Python\Python312\Lib\site-packages\transformers\models\pp_ocrv5_server_rec\image_processing_pp_ocrv5_server_rec.py", line 24, in <module>
    import torchvision.transforms.v2.functional as tvF
ModuleNotFoundError: No module named 'torchvision'
2026-10-01 16:24:05.043 Examining the path of transformers.models.pp_ocrv6_small_rec.image_processing_pp_ocrv6_small_rec_fast raised:
Traceback (most recent call last):
  File "C:\Users\Vignesh.Selvaraju\AppData\Local\Programs\Python\Python312\Lib\site-packages\streamlit\watcher\local_sources_watcher.py", line 330, in get_module_paths
    potential_paths = extract_paths(module)
                      ^^^^^^^^^^^^^^^^^^^^^
  File "C:\Users\Vignesh.Selvaraju\AppData\Local\Programs\Python\Python312\Lib\site-packages\streamlit\watcher\local_sources_watcher.py", line 317, in <lambda>
    if hasattr(m, "__path__")
       ^^^^^^^^^^^^^^^^^^^^^^
  File "C:\Users\Vignesh.Selvaraju\AppData\Local\Programs\Python\Python312\Lib\site-packages\transformers\__init__.py", line 862, in _getattr
    return getattr(importlib.import_module(target, __name__), name)
                   ^^^^^^^^^^^^^^^^^^^^^^^^^^^^^^^^^^^^^^^^^
  File "C:\Users\Vignesh.Selvaraju\AppData\Local\Programs\Python\Python312\Lib\importlib\__init__.py", line 90, in import_module
    return _bootstrap._gcd_import(name[level:], package, level)
           ^^^^^^^^^^^^^^^^^^^^^^^^^^^^^^^^^^^^^^^^^^^^^^^^^^^^
  File "<frozen importlib._bootstrap>", line 1387, in _gcd_import
  File "<frozen importlib._bootstrap>", line 1360, in _find_and_load
  File "<frozen importlib._bootstrap>", line 1331, in _find_and_load_unlocked
  File "<frozen importlib._bootstrap>", line 935, in _load_unlocked
  File "<frozen importlib._bootstrap_external>", line 999, in exec_module
  File "<frozen importlib._bootstrap>", line 488, in _call_with_frames_removed
  File "C:\Users\Vignesh.Selvaraju\AppData\Local\Programs\Python\Python312\Lib\site-packages\transformers\models\pp_ocrv6_small_rec\image_processing_pp_ocrv6_small_rec.py", line 24, in <module>
    import torchvision.transforms.v2.functional as tvF
ModuleNotFoundError: No module named 'torchvision'
2026-10-01 16:24:05.049 Examining the path of transformers.models.prompt_depth_anything.image_processing_prompt_depth_anything_fast raised:
Traceback (most recent call last):
  File "C:\Users\Vignesh.Selvaraju\AppData\Local\Programs\Python\Python312\Lib\site-packages\streamlit\watcher\local_sources_watcher.py", line 330, in get_module_paths
    potential_paths = extract_paths(module)
                      ^^^^^^^^^^^^^^^^^^^^^
  File "C:\Users\Vignesh.Selvaraju\AppData\Local\Programs\Python\Python312\Lib\site-packages\streamlit\watcher\local_sources_watcher.py", line 317, in <lambda>
    if hasattr(m, "__path__")
       ^^^^^^^^^^^^^^^^^^^^^^
  File "C:\Users\Vignesh.Selvaraju\AppData\Local\Programs\Python\Python312\Lib\site-packages\transformers\__init__.py", line 862, in _getattr
    return getattr(importlib.import_module(target, __name__), name)
                   ^^^^^^^^^^^^^^^^^^^^^^^^^^^^^^^^^^^^^^^^^
  File "C:\Users\Vignesh.Selvaraju\AppData\Local\Programs\Python\Python312\Lib\importlib\__init__.py", line 90, in import_module
    return _bootstrap._gcd_import(name[level:], package, level)
           ^^^^^^^^^^^^^^^^^^^^^^^^^^^^^^^^^^^^^^^^^^^^^^^^^^^^
  File "<frozen importlib._bootstrap>", line 1387, in _gcd_import
  File "<frozen importlib._bootstrap>", line 1360, in _find_and_load
  File "<frozen importlib._bootstrap>", line 1331, in _find_and_load_unlocked
  File "<frozen importlib._bootstrap>", line 935, in _load_unlocked
  File "<frozen importlib._bootstrap_external>", line 999, in exec_module
  File "<frozen importlib._bootstrap>", line 488, in _call_with_frames_removed
  File "C:\Users\Vignesh.Selvaraju\AppData\Local\Programs\Python\Python312\Lib\site-packages\transformers\models\prompt_depth_anything\image_processing_prompt_depth_anything.py", line 42, in <module>
    from torchvision.transforms.v2 import functional as tvF
ModuleNotFoundError: No module named 'torchvision'
2026-10-01 16:24:05.055 Examining the path of transformers.models.qwen2_vl.image_processing_qwen2_vl_fast raised:
Traceback (most recent call last):
  File "C:\Users\Vignesh.Selvaraju\AppData\Local\Programs\Python\Python312\Lib\site-packages\streamlit\watcher\local_sources_watcher.py", line 330, in get_module_paths
    potential_paths = extract_paths(module)
                      ^^^^^^^^^^^^^^^^^^^^^
  File "C:\Users\Vignesh.Selvaraju\AppData\Local\Programs\Python\Python312\Lib\site-packages\streamlit\watcher\local_sources_watcher.py", line 317, in <lambda>
    if hasattr(m, "__path__")
       ^^^^^^^^^^^^^^^^^^^^^^
  File "C:\Users\Vignesh.Selvaraju\AppData\Local\Programs\Python\Python312\Lib\site-packages\transformers\__init__.py", line 862, in _getattr
    return getattr(importlib.import_module(target, __name__), name)
                   ^^^^^^^^^^^^^^^^^^^^^^^^^^^^^^^^^^^^^^^^^
  File "C:\Users\Vignesh.Selvaraju\AppData\Local\Programs\Python\Python312\Lib\importlib\__init__.py", line 90, in import_module
    return _bootstrap._gcd_import(name[level:], package, level)
           ^^^^^^^^^^^^^^^^^^^^^^^^^^^^^^^^^^^^^^^^^^^^^^^^^^^^
  File "<frozen importlib._bootstrap>", line 1387, in _gcd_import
  File "<frozen importlib._bootstrap>", line 1360, in _find_and_load
  File "<frozen importlib._bootstrap>", line 1331, in _find_and_load_unlocked
  File "<frozen importlib._bootstrap>", line 935, in _load_unlocked
  File "<frozen importlib._bootstrap_external>", line 999, in exec_module
  File "<frozen importlib._bootstrap>", line 488, in _call_with_frames_removed
  File "C:\Users\Vignesh.Selvaraju\AppData\Local\Programs\Python\Python312\Lib\site-packages\transformers\models\qwen2_vl\image_processing_qwen2_vl.py", line 25, in <module>
    from torchvision.transforms.v2 import functional as tvF
ModuleNotFoundError: No module named 'torchvision'
2026-10-01 16:24:05.058 Examining the path of transformers.models.rf_detr.image_processing_rf_detr_fast raised:
Traceback (most recent call last):
  File "C:\Users\Vignesh.Selvaraju\AppData\Local\Programs\Python\Python312\Lib\site-packages\streamlit\watcher\local_sources_watcher.py", line 330, in get_module_paths
    potential_paths = extract_paths(module)
                      ^^^^^^^^^^^^^^^^^^^^^
  File "C:\Users\Vignesh.Selvaraju\AppData\Local\Programs\Python\Python312\Lib\site-packages\streamlit\watcher\local_sources_watcher.py", line 317, in <lambda>
    if hasattr(m, "__path__")
       ^^^^^^^^^^^^^^^^^^^^^^
  File "C:\Users\Vignesh.Selvaraju\AppData\Local\Programs\Python\Python312\Lib\site-packages\transformers\__init__.py", line 862, in _getattr
    return getattr(importlib.import_module(target, __name__), name)
                   ^^^^^^^^^^^^^^^^^^^^^^^^^^^^^^^^^^^^^^^^^
  File "C:\Users\Vignesh.Selvaraju\AppData\Local\Programs\Python\Python312\Lib\importlib\__init__.py", line 90, in import_module
    return _bootstrap._gcd_import(name[level:], package, level)
           ^^^^^^^^^^^^^^^^^^^^^^^^^^^^^^^^^^^^^^^^^^^^^^^^^^^^
  File "<frozen importlib._bootstrap>", line 1387, in _gcd_import
  File "<frozen importlib._bootstrap>", line 1360, in _find_and_load
  File "<frozen importlib._bootstrap>", line 1331, in _find_and_load_unlocked
  File "<frozen importlib._bootstrap>", line 935, in _load_unlocked
  File "<frozen importlib._bootstrap_external>", line 999, in exec_module
  File "<frozen importlib._bootstrap>", line 488, in _call_with_frames_removed
  File "C:\Users\Vignesh.Selvaraju\AppData\Local\Programs\Python\Python312\Lib\site-packages\transformers\models\rf_detr\image_processing_rf_detr.py", line 26, in <module>
    from torchvision.transforms.v2 import functional as tvF
ModuleNotFoundError: No module named 'torchvision'
2026-10-01 16:24:05.064 Examining the path of transformers.models.rt_detr.image_processing_rt_detr_fast raised:
Traceback (most recent call last):
  File "C:\Users\Vignesh.Selvaraju\AppData\Local\Programs\Python\Python312\Lib\site-packages\streamlit\watcher\local_sources_watcher.py", line 330, in get_module_paths
    potential_paths = extract_paths(module)
                      ^^^^^^^^^^^^^^^^^^^^^
  File "C:\Users\Vignesh.Selvaraju\AppData\Local\Programs\Python\Python312\Lib\site-packages\streamlit\watcher\local_sources_watcher.py", line 317, in <lambda>
    if hasattr(m, "__path__")
       ^^^^^^^^^^^^^^^^^^^^^^
  File "C:\Users\Vignesh.Selvaraju\AppData\Local\Programs\Python\Python312\Lib\site-packages\transformers\__init__.py", line 862, in _getattr
    return getattr(importlib.import_module(target, __name__), name)
                   ^^^^^^^^^^^^^^^^^^^^^^^^^^^^^^^^^^^^^^^^^
  File "C:\Users\Vignesh.Selvaraju\AppData\Local\Programs\Python\Python312\Lib\importlib\__init__.py", line 90, in import_module
    return _bootstrap._gcd_import(name[level:], package, level)
           ^^^^^^^^^^^^^^^^^^^^^^^^^^^^^^^^^^^^^^^^^^^^^^^^^^^^
  File "<frozen importlib._bootstrap>", line 1387, in _gcd_import
  File "<frozen importlib._bootstrap>", line 1360, in _find_and_load
  File "<frozen importlib._bootstrap>", line 1331, in _find_and_load_unlocked
  File "<frozen importlib._bootstrap>", line 935, in _load_unlocked
  File "<frozen importlib._bootstrap_external>", line 999, in exec_module
  File "<frozen importlib._bootstrap>", line 488, in _call_with_frames_removed
  File "C:\Users\Vignesh.Selvaraju\AppData\Local\Programs\Python\Python312\Lib\site-packages\transformers\models\rt_detr\image_processing_rt_detr.py", line 24, in <module>
    from torchvision.transforms.v2 import functional as tvF
ModuleNotFoundError: No module named 'torchvision'
2026-10-01 16:24:05.069 Examining the path of transformers.models.sam.image_processing_sam_fast raised:
Traceback (most recent call last):
  File "C:\Users\Vignesh.Selvaraju\AppData\Local\Programs\Python\Python312\Lib\site-packages\streamlit\watcher\local_sources_watcher.py", line 330, in get_module_paths
    potential_paths = extract_paths(module)
                      ^^^^^^^^^^^^^^^^^^^^^
  File "C:\Users\Vignesh.Selvaraju\AppData\Local\Programs\Python\Python312\Lib\site-packages\streamlit\watcher\local_sources_watcher.py", line 317, in <lambda>
    if hasattr(m, "__path__")
       ^^^^^^^^^^^^^^^^^^^^^^
  File "C:\Users\Vignesh.Selvaraju\AppData\Local\Programs\Python\Python312\Lib\site-packages\transformers\__init__.py", line 862, in _getattr
    return getattr(importlib.import_module(target, __name__), name)
                   ^^^^^^^^^^^^^^^^^^^^^^^^^^^^^^^^^^^^^^^^^
  File "C:\Users\Vignesh.Selvaraju\AppData\Local\Programs\Python\Python312\Lib\importlib\__init__.py", line 90, in import_module
    return _bootstrap._gcd_import(name[level:], package, level)
           ^^^^^^^^^^^^^^^^^^^^^^^^^^^^^^^^^^^^^^^^^^^^^^^^^^^^
  File "<frozen importlib._bootstrap>", line 1387, in _gcd_import
  File "<frozen importlib._bootstrap>", line 1360, in _find_and_load
  File "<frozen importlib._bootstrap>", line 1331, in _find_and_load_unlocked
  File "<frozen importlib._bootstrap>", line 935, in _load_unlocked
  File "<frozen importlib._bootstrap_external>", line 999, in exec_module
  File "<frozen importlib._bootstrap>", line 488, in _call_with_frames_removed
  File "C:\Users\Vignesh.Selvaraju\AppData\Local\Programs\Python\Python312\Lib\site-packages\transformers\models\sam\image_processing_sam.py", line 25, in <module>
    from torchvision.ops.boxes import batched_nms
ModuleNotFoundError: No module named 'torchvision'
2026-10-01 16:24:05.074 Examining the path of transformers.models.sam2.image_processing_sam2_fast raised:
Traceback (most recent call last):
  File "C:\Users\Vignesh.Selvaraju\AppData\Local\Programs\Python\Python312\Lib\site-packages\streamlit\watcher\local_sources_watcher.py", line 330, in get_module_paths
    potential_paths = extract_paths(module)
                      ^^^^^^^^^^^^^^^^^^^^^
  File "C:\Users\Vignesh.Selvaraju\AppData\Local\Programs\Python\Python312\Lib\site-packages\streamlit\watcher\local_sources_watcher.py", line 317, in <lambda>
    if hasattr(m, "__path__")
       ^^^^^^^^^^^^^^^^^^^^^^
  File "C:\Users\Vignesh.Selvaraju\AppData\Local\Programs\Python\Python312\Lib\site-packages\transformers\__init__.py", line 862, in _getattr
    return getattr(importlib.import_module(target, __name__), name)
                   ^^^^^^^^^^^^^^^^^^^^^^^^^^^^^^^^^^^^^^^^^
  File "C:\Users\Vignesh.Selvaraju\AppData\Local\Programs\Python\Python312\Lib\importlib\__init__.py", line 90, in import_module
    return _bootstrap._gcd_import(name[level:], package, level)
           ^^^^^^^^^^^^^^^^^^^^^^^^^^^^^^^^^^^^^^^^^^^^^^^^^^^^
  File "<frozen importlib._bootstrap>", line 1387, in _gcd_import
  File "<frozen importlib._bootstrap>", line 1360, in _find_and_load
  File "<frozen importlib._bootstrap>", line 1331, in _find_and_load_unlocked
  File "<frozen importlib._bootstrap>", line 935, in _load_unlocked
  File "<frozen importlib._bootstrap_external>", line 999, in exec_module
  File "<frozen importlib._bootstrap>", line 488, in _call_with_frames_removed
  File "C:\Users\Vignesh.Selvaraju\AppData\Local\Programs\Python\Python312\Lib\site-packages\transformers\models\sam2\image_processing_sam2.py", line 28, in <module>
    from torchvision.ops.boxes import batched_nms
ModuleNotFoundError: No module named 'torchvision'
2026-10-01 16:24:05.078 Examining the path of transformers.models.sam3.image_processing_sam3_fast raised:
Traceback (most recent call last):
  File "C:\Users\Vignesh.Selvaraju\AppData\Local\Programs\Python\Python312\Lib\site-packages\streamlit\watcher\local_sources_watcher.py", line 330, in get_module_paths
    potential_paths = extract_paths(module)
                      ^^^^^^^^^^^^^^^^^^^^^
  File "C:\Users\Vignesh.Selvaraju\AppData\Local\Programs\Python\Python312\Lib\site-packages\streamlit\watcher\local_sources_watcher.py", line 317, in <lambda>
    if hasattr(m, "__path__")
       ^^^^^^^^^^^^^^^^^^^^^^
  File "C:\Users\Vignesh.Selvaraju\AppData\Local\Programs\Python\Python312\Lib\site-packages\transformers\__init__.py", line 862, in _getattr
    return getattr(importlib.import_module(target, __name__), name)
                   ^^^^^^^^^^^^^^^^^^^^^^^^^^^^^^^^^^^^^^^^^
  File "C:\Users\Vignesh.Selvaraju\AppData\Local\Programs\Python\Python312\Lib\importlib\__init__.py", line 90, in import_module
    return _bootstrap._gcd_import(name[level:], package, level)
           ^^^^^^^^^^^^^^^^^^^^^^^^^^^^^^^^^^^^^^^^^^^^^^^^^^^^
  File "<frozen importlib._bootstrap>", line 1387, in _gcd_import
  File "<frozen importlib._bootstrap>", line 1360, in _find_and_load
  File "<frozen importlib._bootstrap>", line 1331, in _find_and_load_unlocked
  File "<frozen importlib._bootstrap>", line 935, in _load_unlocked
  File "<frozen importlib._bootstrap_external>", line 999, in exec_module
  File "<frozen importlib._bootstrap>", line 488, in _call_with_frames_removed
  File "C:\Users\Vignesh.Selvaraju\AppData\Local\Programs\Python\Python312\Lib\site-packages\transformers\models\sam3\image_processing_sam3.py", line 30, in <module>
    from torchvision.ops.boxes import batched_nms
ModuleNotFoundError: No module named 'torchvision'
2026-10-01 16:24:05.084 Examining the path of transformers.models.sapiens2.image_processing_sapiens2_fast raised:
Traceback (most recent call last):
  File "C:\Users\Vignesh.Selvaraju\AppData\Local\Programs\Python\Python312\Lib\site-packages\streamlit\watcher\local_sources_watcher.py", line 330, in get_module_paths
    potential_paths = extract_paths(module)
                      ^^^^^^^^^^^^^^^^^^^^^
  File "C:\Users\Vignesh.Selvaraju\AppData\Local\Programs\Python\Python312\Lib\site-packages\streamlit\watcher\local_sources_watcher.py", line 317, in <lambda>
    if hasattr(m, "__path__")
       ^^^^^^^^^^^^^^^^^^^^^^
  File "C:\Users\Vignesh.Selvaraju\AppData\Local\Programs\Python\Python312\Lib\site-packages\transformers\__init__.py", line 862, in _getattr
    return getattr(importlib.import_module(target, __name__), name)
                   ^^^^^^^^^^^^^^^^^^^^^^^^^^^^^^^^^^^^^^^^^
  File "C:\Users\Vignesh.Selvaraju\AppData\Local\Programs\Python\Python312\Lib\importlib\__init__.py", line 90, in import_module
    return _bootstrap._gcd_import(name[level:], package, level)
           ^^^^^^^^^^^^^^^^^^^^^^^^^^^^^^^^^^^^^^^^^^^^^^^^^^^^
  File "<frozen importlib._bootstrap>", line 1387, in _gcd_import
  File "<frozen importlib._bootstrap>", line 1360, in _find_and_load
  File "<frozen importlib._bootstrap>", line 1331, in _find_and_load_unlocked
  File "<frozen importlib._bootstrap>", line 935, in _load_unlocked
  File "<frozen importlib._bootstrap_external>", line 999, in exec_module
  File "<frozen importlib._bootstrap>", line 488, in _call_with_frames_removed
  File "C:\Users\Vignesh.Selvaraju\AppData\Local\Programs\Python\Python312\Lib\site-packages\transformers\models\sapiens2\image_processing_sapiens2.py", line 23, in <module>
    from torchvision.transforms.v2 import functional as tvF
ModuleNotFoundError: No module named 'torchvision'
2026-10-01 16:24:05.087 Examining the path of transformers.models.segformer.image_processing_segformer_fast raised:
Traceback (most recent call last):
  File "C:\Users\Vignesh.Selvaraju\AppData\Local\Programs\Python\Python312\Lib\site-packages\streamlit\watcher\local_sources_watcher.py", line 330, in get_module_paths
    potential_paths = extract_paths(module)
                      ^^^^^^^^^^^^^^^^^^^^^
  File "C:\Users\Vignesh.Selvaraju\AppData\Local\Programs\Python\Python312\Lib\site-packages\streamlit\watcher\local_sources_watcher.py", line 317, in <lambda>
    if hasattr(m, "__path__")
       ^^^^^^^^^^^^^^^^^^^^^^
  File "C:\Users\Vignesh.Selvaraju\AppData\Local\Programs\Python\Python312\Lib\site-packages\transformers\__init__.py", line 862, in _getattr
    return getattr(importlib.import_module(target, __name__), name)
                   ^^^^^^^^^^^^^^^^^^^^^^^^^^^^^^^^^^^^^^^^^
  File "C:\Users\Vignesh.Selvaraju\AppData\Local\Programs\Python\Python312\Lib\importlib\__init__.py", line 90, in import_module
    return _bootstrap._gcd_import(name[level:], package, level)
           ^^^^^^^^^^^^^^^^^^^^^^^^^^^^^^^^^^^^^^^^^^^^^^^^^^^^
  File "<frozen importlib._bootstrap>", line 1387, in _gcd_import
  File "<frozen importlib._bootstrap>", line 1360, in _find_and_load
  File "<frozen importlib._bootstrap>", line 1331, in _find_and_load_unlocked
  File "<frozen importlib._bootstrap>", line 935, in _load_unlocked
  File "<frozen importlib._bootstrap_external>", line 999, in exec_module
  File "<frozen importlib._bootstrap>", line 488, in _call_with_frames_removed
  File "C:\Users\Vignesh.Selvaraju\AppData\Local\Programs\Python\Python312\Lib\site-packages\transformers\models\segformer\image_processing_segformer.py", line 25, in <module>
    import torchvision.transforms.v2.functional as tvF
ModuleNotFoundError: No module named 'torchvision'
2026-10-01 16:24:05.092 Examining the path of transformers.models.seggpt.image_processing_seggpt_fast raised:
Traceback (most recent call last):
  File "C:\Users\Vignesh.Selvaraju\AppData\Local\Programs\Python\Python312\Lib\site-packages\streamlit\watcher\local_sources_watcher.py", line 330, in get_module_paths
    potential_paths = extract_paths(module)
                      ^^^^^^^^^^^^^^^^^^^^^
  File "C:\Users\Vignesh.Selvaraju\AppData\Local\Programs\Python\Python312\Lib\site-packages\streamlit\watcher\local_sources_watcher.py", line 317, in <lambda>
    if hasattr(m, "__path__")
       ^^^^^^^^^^^^^^^^^^^^^^
  File "C:\Users\Vignesh.Selvaraju\AppData\Local\Programs\Python\Python312\Lib\site-packages\transformers\__init__.py", line 862, in _getattr
    return getattr(importlib.import_module(target, __name__), name)
                   ^^^^^^^^^^^^^^^^^^^^^^^^^^^^^^^^^^^^^^^^^
  File "C:\Users\Vignesh.Selvaraju\AppData\Local\Programs\Python\Python312\Lib\importlib\__init__.py", line 90, in import_module
    return _bootstrap._gcd_import(name[level:], package, level)
           ^^^^^^^^^^^^^^^^^^^^^^^^^^^^^^^^^^^^^^^^^^^^^^^^^^^^
  File "<frozen importlib._bootstrap>", line 1387, in _gcd_import
  File "<frozen importlib._bootstrap>", line 1360, in _find_and_load
  File "<frozen importlib._bootstrap>", line 1331, in _find_and_load_unlocked
  File "<frozen importlib._bootstrap>", line 935, in _load_unlocked
  File "<frozen importlib._bootstrap_external>", line 999, in exec_module
  File "<frozen importlib._bootstrap>", line 488, in _call_with_frames_removed
  File "C:\Users\Vignesh.Selvaraju\AppData\Local\Programs\Python\Python312\Lib\site-packages\transformers\models\seggpt\image_processing_seggpt.py", line 20, in <module>
    from torchvision.transforms.v2 import functional as tvF
ModuleNotFoundError: No module named 'torchvision'
2026-10-01 16:24:05.097 Examining the path of transformers.models.siglip2.image_processing_siglip2_fast raised:
Traceback (most recent call last):
  File "C:\Users\Vignesh.Selvaraju\AppData\Local\Programs\Python\Python312\Lib\site-packages\streamlit\watcher\local_sources_watcher.py", line 330, in get_module_paths
    potential_paths = extract_paths(module)
                      ^^^^^^^^^^^^^^^^^^^^^
  File "C:\Users\Vignesh.Selvaraju\AppData\Local\Programs\Python\Python312\Lib\site-packages\streamlit\watcher\local_sources_watcher.py", line 317, in <lambda>
    if hasattr(m, "__path__")
       ^^^^^^^^^^^^^^^^^^^^^^
  File "C:\Users\Vignesh.Selvaraju\AppData\Local\Programs\Python\Python312\Lib\site-packages\transformers\__init__.py", line 862, in _getattr
    return getattr(importlib.import_module(target, __name__), name)
                   ^^^^^^^^^^^^^^^^^^^^^^^^^^^^^^^^^^^^^^^^^
  File "C:\Users\Vignesh.Selvaraju\AppData\Local\Programs\Python\Python312\Lib\importlib\__init__.py", line 90, in import_module
    return _bootstrap._gcd_import(name[level:], package, level)
           ^^^^^^^^^^^^^^^^^^^^^^^^^^^^^^^^^^^^^^^^^^^^^^^^^^^^
  File "<frozen importlib._bootstrap>", line 1387, in _gcd_import
  File "<frozen importlib._bootstrap>", line 1360, in _find_and_load
  File "<frozen importlib._bootstrap>", line 1331, in _find_and_load_unlocked
  File "<frozen importlib._bootstrap>", line 935, in _load_unlocked
  File "<frozen importlib._bootstrap_external>", line 999, in exec_module
  File "<frozen importlib._bootstrap>", line 488, in _call_with_frames_removed
  File "C:\Users\Vignesh.Selvaraju\AppData\Local\Programs\Python\Python312\Lib\site-packages\transformers\models\siglip2\image_processing_siglip2.py", line 17, in <module>
    from torchvision.transforms.v2 import functional as tvF
ModuleNotFoundError: No module named 'torchvision'
2026-10-01 16:24:05.101 Examining the path of transformers.models.slanext.image_processing_slanext_fast raised:
Traceback (most recent call last):
  File "C:\Users\Vignesh.Selvaraju\AppData\Local\Programs\Python\Python312\Lib\site-packages\streamlit\watcher\local_sources_watcher.py", line 330, in get_module_paths
    potential_paths = extract_paths(module)
                      ^^^^^^^^^^^^^^^^^^^^^
  File "C:\Users\Vignesh.Selvaraju\AppData\Local\Programs\Python\Python312\Lib\site-packages\streamlit\watcher\local_sources_watcher.py", line 317, in <lambda>
    if hasattr(m, "__path__")
       ^^^^^^^^^^^^^^^^^^^^^^
  File "C:\Users\Vignesh.Selvaraju\AppData\Local\Programs\Python\Python312\Lib\site-packages\transformers\__init__.py", line 862, in _getattr
    return getattr(importlib.import_module(target, __name__), name)
                   ^^^^^^^^^^^^^^^^^^^^^^^^^^^^^^^^^^^^^^^^^
  File "C:\Users\Vignesh.Selvaraju\AppData\Local\Programs\Python\Python312\Lib\importlib\__init__.py", line 90, in import_module
    return _bootstrap._gcd_import(name[level:], package, level)
           ^^^^^^^^^^^^^^^^^^^^^^^^^^^^^^^^^^^^^^^^^^^^^^^^^^^^
  File "<frozen importlib._bootstrap>", line 1387, in _gcd_import
  File "<frozen importlib._bootstrap>", line 1360, in _find_and_load
  File "<frozen importlib._bootstrap>", line 1331, in _find_and_load_unlocked
  File "<frozen importlib._bootstrap>", line 935, in _load_unlocked
  File "<frozen importlib._bootstrap_external>", line 999, in exec_module
  File "<frozen importlib._bootstrap>", line 488, in _call_with_frames_removed
  File "C:\Users\Vignesh.Selvaraju\AppData\Local\Programs\Python\Python312\Lib\site-packages\transformers\models\slanext\image_processing_slanext.py", line 23, in <module>
    import torchvision.transforms.v2.functional as tvF
ModuleNotFoundError: No module named 'torchvision'
2026-10-01 16:24:05.107 Examining the path of transformers.models.smolvlm.image_processing_smolvlm_fast raised:
Traceback (most recent call last):
  File "C:\Users\Vignesh.Selvaraju\AppData\Local\Programs\Python\Python312\Lib\site-packages\streamlit\watcher\local_sources_watcher.py", line 330, in get_module_paths
    potential_paths = extract_paths(module)
                      ^^^^^^^^^^^^^^^^^^^^^
  File "C:\Users\Vignesh.Selvaraju\AppData\Local\Programs\Python\Python312\Lib\site-packages\streamlit\watcher\local_sources_watcher.py", line 317, in <lambda>
    if hasattr(m, "__path__")
       ^^^^^^^^^^^^^^^^^^^^^^
  File "C:\Users\Vignesh.Selvaraju\AppData\Local\Programs\Python\Python312\Lib\site-packages\transformers\__init__.py", line 862, in _getattr
    return getattr(importlib.import_module(target, __name__), name)
                   ^^^^^^^^^^^^^^^^^^^^^^^^^^^^^^^^^^^^^^^^^
  File "C:\Users\Vignesh.Selvaraju\AppData\Local\Programs\Python\Python312\Lib\importlib\__init__.py", line 90, in import_module
    return _bootstrap._gcd_import(name[level:], package, level)
           ^^^^^^^^^^^^^^^^^^^^^^^^^^^^^^^^^^^^^^^^^^^^^^^^^^^^
  File "<frozen importlib._bootstrap>", line 1387, in _gcd_import
  File "<frozen importlib._bootstrap>", line 1360, in _find_and_load
  File "<frozen importlib._bootstrap>", line 1331, in _find_and_load_unlocked
  File "<frozen importlib._bootstrap>", line 935, in _load_unlocked
  File "<frozen importlib._bootstrap_external>", line 999, in exec_module
  File "<frozen importlib._bootstrap>", line 488, in _call_with_frames_removed
  File "C:\Users\Vignesh.Selvaraju\AppData\Local\Programs\Python\Python312\Lib\site-packages\transformers\models\smolvlm\image_processing_smolvlm.py", line 27, in <module>
    from torchvision.transforms.v2 import functional as tvF
ModuleNotFoundError: No module named 'torchvision'
2026-10-01 16:24:05.112 Examining the path of transformers.models.superglue.image_processing_superglue_fast raised:
Traceback (most recent call last):
  File "C:\Users\Vignesh.Selvaraju\AppData\Local\Programs\Python\Python312\Lib\site-packages\streamlit\watcher\local_sources_watcher.py", line 330, in get_module_paths
    potential_paths = extract_paths(module)
                      ^^^^^^^^^^^^^^^^^^^^^
  File "C:\Users\Vignesh.Selvaraju\AppData\Local\Programs\Python\Python312\Lib\site-packages\streamlit\watcher\local_sources_watcher.py", line 317, in <lambda>
    if hasattr(m, "__path__")
       ^^^^^^^^^^^^^^^^^^^^^^
  File "C:\Users\Vignesh.Selvaraju\AppData\Local\Programs\Python\Python312\Lib\site-packages\transformers\__init__.py", line 862, in _getattr
    return getattr(importlib.import_module(target, __name__), name)
                   ^^^^^^^^^^^^^^^^^^^^^^^^^^^^^^^^^^^^^^^^^
  File "C:\Users\Vignesh.Selvaraju\AppData\Local\Programs\Python\Python312\Lib\importlib\__init__.py", line 90, in import_module
    return _bootstrap._gcd_import(name[level:], package, level)
           ^^^^^^^^^^^^^^^^^^^^^^^^^^^^^^^^^^^^^^^^^^^^^^^^^^^^
  File "<frozen importlib._bootstrap>", line 1387, in _gcd_import
  File "<frozen importlib._bootstrap>", line 1360, in _find_and_load
  File "<frozen importlib._bootstrap>", line 1331, in _find_and_load_unlocked
  File "<frozen importlib._bootstrap>", line 935, in _load_unlocked
  File "<frozen importlib._bootstrap_external>", line 999, in exec_module
  File "<frozen importlib._bootstrap>", line 488, in _call_with_frames_removed
  File "C:\Users\Vignesh.Selvaraju\AppData\Local\Programs\Python\Python312\Lib\site-packages\transformers\models\superglue\image_processing_superglue.py", line 47, in <module>
    from torchvision.transforms.v2 import functional as tvF
ModuleNotFoundError: No module named 'torchvision'
2026-10-01 16:24:05.120 Examining the path of transformers.models.superpoint.image_processing_superpoint_fast raised:
Traceback (most recent call last):
  File "C:\Users\Vignesh.Selvaraju\AppData\Local\Programs\Python\Python312\Lib\site-packages\streamlit\watcher\local_sources_watcher.py", line 330, in get_module_paths
    potential_paths = extract_paths(module)
                      ^^^^^^^^^^^^^^^^^^^^^
  File "C:\Users\Vignesh.Selvaraju\AppData\Local\Programs\Python\Python312\Lib\site-packages\streamlit\watcher\local_sources_watcher.py", line 317, in <lambda>
    if hasattr(m, "__path__")
       ^^^^^^^^^^^^^^^^^^^^^^
  File "C:\Users\Vignesh.Selvaraju\AppData\Local\Programs\Python\Python312\Lib\site-packages\transformers\__init__.py", line 862, in _getattr
    return getattr(importlib.import_module(target, __name__), name)
                   ^^^^^^^^^^^^^^^^^^^^^^^^^^^^^^^^^^^^^^^^^
  File "C:\Users\Vignesh.Selvaraju\AppData\Local\Programs\Python\Python312\Lib\importlib\__init__.py", line 90, in import_module
    return _bootstrap._gcd_import(name[level:], package, level)
           ^^^^^^^^^^^^^^^^^^^^^^^^^^^^^^^^^^^^^^^^^^^^^^^^^^^^
  File "<frozen importlib._bootstrap>", line 1387, in _gcd_import
  File "<frozen importlib._bootstrap>", line 1360, in _find_and_load
  File "<frozen importlib._bootstrap>", line 1331, in _find_and_load_unlocked
  File "<frozen importlib._bootstrap>", line 935, in _load_unlocked
  File "<frozen importlib._bootstrap_external>", line 999, in exec_module
  File "<frozen importlib._bootstrap>", line 488, in _call_with_frames_removed
  File "C:\Users\Vignesh.Selvaraju\AppData\Local\Programs\Python\Python312\Lib\site-packages\transformers\models\superpoint\image_processing_superpoint.py", line 31, in <module>
    from torchvision.transforms.v2 import functional as tvF
ModuleNotFoundError: No module named 'torchvision'
2026-10-01 16:24:05.125 Examining the path of transformers.models.swin2sr.image_processing_swin2sr_fast raised:
Traceback (most recent call last):
  File "C:\Users\Vignesh.Selvaraju\AppData\Local\Programs\Python\Python312\Lib\site-packages\streamlit\watcher\local_sources_watcher.py", line 330, in get_module_paths
    potential_paths = extract_paths(module)
                      ^^^^^^^^^^^^^^^^^^^^^
  File "C:\Users\Vignesh.Selvaraju\AppData\Local\Programs\Python\Python312\Lib\site-packages\streamlit\watcher\local_sources_watcher.py", line 317, in <lambda>
    if hasattr(m, "__path__")
       ^^^^^^^^^^^^^^^^^^^^^^
  File "C:\Users\Vignesh.Selvaraju\AppData\Local\Programs\Python\Python312\Lib\site-packages\transformers\__init__.py", line 862, in _getattr
    return getattr(importlib.import_module(target, __name__), name)
                   ^^^^^^^^^^^^^^^^^^^^^^^^^^^^^^^^^^^^^^^^^
  File "C:\Users\Vignesh.Selvaraju\AppData\Local\Programs\Python\Python312\Lib\importlib\__init__.py", line 90, in import_module
    return _bootstrap._gcd_import(name[level:], package, level)
           ^^^^^^^^^^^^^^^^^^^^^^^^^^^^^^^^^^^^^^^^^^^^^^^^^^^^
  File "<frozen importlib._bootstrap>", line 1387, in _gcd_import
  File "<frozen importlib._bootstrap>", line 1360, in _find_and_load
  File "<frozen importlib._bootstrap>", line 1331, in _find_and_load_unlocked
  File "<frozen importlib._bootstrap>", line 935, in _load_unlocked
  File "<frozen importlib._bootstrap_external>", line 999, in exec_module
  File "<frozen importlib._bootstrap>", line 488, in _call_with_frames_removed
  File "C:\Users\Vignesh.Selvaraju\AppData\Local\Programs\Python\Python312\Lib\site-packages\transformers\models\swin2sr\image_processing_swin2sr.py", line 17, in <module>
    from torchvision.transforms.v2 import functional as tvF
ModuleNotFoundError: No module named 'torchvision'
2026-10-01 16:24:05.130 Examining the path of transformers.models.textnet.image_processing_textnet_fast raised:
Traceback (most recent call last):
  File "C:\Users\Vignesh.Selvaraju\AppData\Local\Programs\Python\Python312\Lib\site-packages\streamlit\watcher\local_sources_watcher.py", line 330, in get_module_paths
    potential_paths = extract_paths(module)
                      ^^^^^^^^^^^^^^^^^^^^^
  File "C:\Users\Vignesh.Selvaraju\AppData\Local\Programs\Python\Python312\Lib\site-packages\streamlit\watcher\local_sources_watcher.py", line 317, in <lambda>
    if hasattr(m, "__path__")
       ^^^^^^^^^^^^^^^^^^^^^^
  File "C:\Users\Vignesh.Selvaraju\AppData\Local\Programs\Python\Python312\Lib\site-packages\transformers\__init__.py", line 862, in _getattr
    return getattr(importlib.import_module(target, __name__), name)
                   ^^^^^^^^^^^^^^^^^^^^^^^^^^^^^^^^^^^^^^^^^
  File "C:\Users\Vignesh.Selvaraju\AppData\Local\Programs\Python\Python312\Lib\importlib\__init__.py", line 90, in import_module
    return _bootstrap._gcd_import(name[level:], package, level)
           ^^^^^^^^^^^^^^^^^^^^^^^^^^^^^^^^^^^^^^^^^^^^^^^^^^^^
  File "<frozen importlib._bootstrap>", line 1387, in _gcd_import
  File "<frozen importlib._bootstrap>", line 1360, in _find_and_load
  File "<frozen importlib._bootstrap>", line 1331, in _find_and_load_unlocked
  File "<frozen importlib._bootstrap>", line 935, in _load_unlocked
  File "<frozen importlib._bootstrap_external>", line 999, in exec_module
  File "<frozen importlib._bootstrap>", line 488, in _call_with_frames_removed
  File "C:\Users\Vignesh.Selvaraju\AppData\Local\Programs\Python\Python312\Lib\site-packages\transformers\models\textnet\image_processing_textnet.py", line 17, in <module>
    from torchvision.transforms.v2 import functional as tvF
ModuleNotFoundError: No module named 'torchvision'
2026-10-01 16:24:05.135 Examining the path of transformers.models.tvp.image_processing_tvp_fast raised:
Traceback (most recent call last):
  File "C:\Users\Vignesh.Selvaraju\AppData\Local\Programs\Python\Python312\Lib\site-packages\streamlit\watcher\local_sources_watcher.py", line 330, in get_module_paths
    potential_paths = extract_paths(module)
                      ^^^^^^^^^^^^^^^^^^^^^
  File "C:\Users\Vignesh.Selvaraju\AppData\Local\Programs\Python\Python312\Lib\site-packages\streamlit\watcher\local_sources_watcher.py", line 317, in <lambda>
    if hasattr(m, "__path__")
       ^^^^^^^^^^^^^^^^^^^^^^
  File "C:\Users\Vignesh.Selvaraju\AppData\Local\Programs\Python\Python312\Lib\site-packages\transformers\__init__.py", line 862, in _getattr
    return getattr(importlib.import_module(target, __name__), name)
                   ^^^^^^^^^^^^^^^^^^^^^^^^^^^^^^^^^^^^^^^^^
  File "C:\Users\Vignesh.Selvaraju\AppData\Local\Programs\Python\Python312\Lib\importlib\__init__.py", line 90, in import_module
    return _bootstrap._gcd_import(name[level:], package, level)
           ^^^^^^^^^^^^^^^^^^^^^^^^^^^^^^^^^^^^^^^^^^^^^^^^^^^^
  File "<frozen importlib._bootstrap>", line 1387, in _gcd_import
  File "<frozen importlib._bootstrap>", line 1360, in _find_and_load
  File "<frozen importlib._bootstrap>", line 1331, in _find_and_load_unlocked
  File "<frozen importlib._bootstrap>", line 935, in _load_unlocked
  File "<frozen importlib._bootstrap_external>", line 999, in exec_module
  File "<frozen importlib._bootstrap>", line 488, in _call_with_frames_removed
  File "C:\Users\Vignesh.Selvaraju\AppData\Local\Programs\Python\Python312\Lib\site-packages\transformers\models\tvp\image_processing_tvp.py", line 17, in <module>
    from torchvision.transforms.v2 import functional as tvF
ModuleNotFoundError: No module named 'torchvision'
2026-10-01 16:24:05.139 Examining the path of transformers.models.video_llama_3.image_processing_video_llama_3_fast raised:
Traceback (most recent call last):
  File "C:\Users\Vignesh.Selvaraju\AppData\Local\Programs\Python\Python312\Lib\site-packages\streamlit\watcher\local_sources_watcher.py", line 330, in get_module_paths
    potential_paths = extract_paths(module)
                      ^^^^^^^^^^^^^^^^^^^^^
  File "C:\Users\Vignesh.Selvaraju\AppData\Local\Programs\Python\Python312\Lib\site-packages\streamlit\watcher\local_sources_watcher.py", line 317, in <lambda>
    if hasattr(m, "__path__")
       ^^^^^^^^^^^^^^^^^^^^^^
  File "C:\Users\Vignesh.Selvaraju\AppData\Local\Programs\Python\Python312\Lib\site-packages\transformers\__init__.py", line 862, in _getattr
    return getattr(importlib.import_module(target, __name__), name)
                   ^^^^^^^^^^^^^^^^^^^^^^^^^^^^^^^^^^^^^^^^^
  File "C:\Users\Vignesh.Selvaraju\AppData\Local\Programs\Python\Python312\Lib\importlib\__init__.py", line 90, in import_module
    return _bootstrap._gcd_import(name[level:], package, level)
           ^^^^^^^^^^^^^^^^^^^^^^^^^^^^^^^^^^^^^^^^^^^^^^^^^^^^
  File "<frozen importlib._bootstrap>", line 1387, in _gcd_import
  File "<frozen importlib._bootstrap>", line 1360, in _find_and_load
  File "<frozen importlib._bootstrap>", line 1331, in _find_and_load_unlocked
  File "<frozen importlib._bootstrap>", line 935, in _load_unlocked
  File "<frozen importlib._bootstrap_external>", line 999, in exec_module
  File "<frozen importlib._bootstrap>", line 488, in _call_with_frames_removed
  File "C:\Users\Vignesh.Selvaraju\AppData\Local\Programs\Python\Python312\Lib\site-packages\transformers\models\video_llama_3\image_processing_video_llama_3.py", line 24, in <module>
    import torchvision.transforms.v2.functional as tvF
ModuleNotFoundError: No module named 'torchvision'
2026-10-01 16:24:05.143 Examining the path of transformers.models.videomae.image_processing_videomae_fast raised:
Traceback (most recent call last):
  File "C:\Users\Vignesh.Selvaraju\AppData\Local\Programs\Python\Python312\Lib\site-packages\streamlit\watcher\local_sources_watcher.py", line 330, in get_module_paths
    potential_paths = extract_paths(module)
                      ^^^^^^^^^^^^^^^^^^^^^
  File "C:\Users\Vignesh.Selvaraju\AppData\Local\Programs\Python\Python312\Lib\site-packages\streamlit\watcher\local_sources_watcher.py", line 317, in <lambda>
    if hasattr(m, "__path__")
       ^^^^^^^^^^^^^^^^^^^^^^
  File "C:\Users\Vignesh.Selvaraju\AppData\Local\Programs\Python\Python312\Lib\site-packages\transformers\__init__.py", line 862, in _getattr
    return getattr(importlib.import_module(target, __name__), name)
                   ^^^^^^^^^^^^^^^^^^^^^^^^^^^^^^^^^^^^^^^^^
  File "C:\Users\Vignesh.Selvaraju\AppData\Local\Programs\Python\Python312\Lib\importlib\__init__.py", line 90, in import_module
    return _bootstrap._gcd_import(name[level:], package, level)
           ^^^^^^^^^^^^^^^^^^^^^^^^^^^^^^^^^^^^^^^^^^^^^^^^^^^^
  File "<frozen importlib._bootstrap>", line 1387, in _gcd_import
  File "<frozen importlib._bootstrap>", line 1360, in _find_and_load
  File "<frozen importlib._bootstrap>", line 1331, in _find_and_load_unlocked
  File "<frozen importlib._bootstrap>", line 935, in _load_unlocked
  File "<frozen importlib._bootstrap_external>", line 999, in exec_module
  File "<frozen importlib._bootstrap>", line 488, in _call_with_frames_removed
  File "C:\Users\Vignesh.Selvaraju\AppData\Local\Programs\Python\Python312\Lib\site-packages\transformers\models\videomae\image_processing_videomae.py", line 17, in <module>
    from torchvision.transforms.v2 import functional as tvF
ModuleNotFoundError: No module named 'torchvision'
2026-10-01 16:24:05.147 Examining the path of transformers.models.vilt.image_processing_vilt_fast raised:
Traceback (most recent call last):
  File "C:\Users\Vignesh.Selvaraju\AppData\Local\Programs\Python\Python312\Lib\site-packages\streamlit\watcher\local_sources_watcher.py", line 330, in get_module_paths
    potential_paths = extract_paths(module)
                      ^^^^^^^^^^^^^^^^^^^^^
  File "C:\Users\Vignesh.Selvaraju\AppData\Local\Programs\Python\Python312\Lib\site-packages\streamlit\watcher\local_sources_watcher.py", line 317, in <lambda>
    if hasattr(m, "__path__")
       ^^^^^^^^^^^^^^^^^^^^^^
  File "C:\Users\Vignesh.Selvaraju\AppData\Local\Programs\Python\Python312\Lib\site-packages\transformers\__init__.py", line 862, in _getattr
    return getattr(importlib.import_module(target, __name__), name)
                   ^^^^^^^^^^^^^^^^^^^^^^^^^^^^^^^^^^^^^^^^^
  File "C:\Users\Vignesh.Selvaraju\AppData\Local\Programs\Python\Python312\Lib\importlib\__init__.py", line 90, in import_module
    return _bootstrap._gcd_import(name[level:], package, level)
           ^^^^^^^^^^^^^^^^^^^^^^^^^^^^^^^^^^^^^^^^^^^^^^^^^^^^
  File "<frozen importlib._bootstrap>", line 1387, in _gcd_import
  File "<frozen importlib._bootstrap>", line 1360, in _find_and_load
  File "<frozen importlib._bootstrap>", line 1331, in _find_and_load_unlocked
  File "<frozen importlib._bootstrap>", line 935, in _load_unlocked
  File "<frozen importlib._bootstrap_external>", line 999, in exec_module
  File "<frozen importlib._bootstrap>", line 488, in _call_with_frames_removed
  File "C:\Users\Vignesh.Selvaraju\AppData\Local\Programs\Python\Python312\Lib\site-packages\transformers\models\vilt\image_processing_vilt.py", line 17, in <module>
    from torchvision.transforms.v2 import functional as tvF
ModuleNotFoundError: No module named 'torchvision'
2026-10-01 16:24:05.152 Examining the path of transformers.models.vitmatte.image_processing_vitmatte_fast raised:
Traceback (most recent call last):
  File "C:\Users\Vignesh.Selvaraju\AppData\Local\Programs\Python\Python312\Lib\site-packages\streamlit\watcher\local_sources_watcher.py", line 330, in get_module_paths
    potential_paths = extract_paths(module)
                      ^^^^^^^^^^^^^^^^^^^^^
  File "C:\Users\Vignesh.Selvaraju\AppData\Local\Programs\Python\Python312\Lib\site-packages\streamlit\watcher\local_sources_watcher.py", line 317, in <lambda>
    if hasattr(m, "__path__")
       ^^^^^^^^^^^^^^^^^^^^^^
  File "C:\Users\Vignesh.Selvaraju\AppData\Local\Programs\Python\Python312\Lib\site-packages\transformers\__init__.py", line 862, in _getattr
    return getattr(importlib.import_module(target, __name__), name)
                   ^^^^^^^^^^^^^^^^^^^^^^^^^^^^^^^^^^^^^^^^^
  File "C:\Users\Vignesh.Selvaraju\AppData\Local\Programs\Python\Python312\Lib\importlib\__init__.py", line 90, in import_module
    return _bootstrap._gcd_import(name[level:], package, level)
           ^^^^^^^^^^^^^^^^^^^^^^^^^^^^^^^^^^^^^^^^^^^^^^^^^^^^
  File "<frozen importlib._bootstrap>", line 1387, in _gcd_import
  File "<frozen importlib._bootstrap>", line 1360, in _find_and_load
  File "<frozen importlib._bootstrap>", line 1331, in _find_and_load_unlocked
  File "<frozen importlib._bootstrap>", line 935, in _load_unlocked
  File "<frozen importlib._bootstrap_external>", line 999, in exec_module
  File "<frozen importlib._bootstrap>", line 488, in _call_with_frames_removed
  File "C:\Users\Vignesh.Selvaraju\AppData\Local\Programs\Python\Python312\Lib\site-packages\transformers\models\vitmatte\image_processing_vitmatte.py", line 19, in <module>
    from torchvision.transforms.v2 import functional as tvF
ModuleNotFoundError: No module named 'torchvision'
2026-10-01 16:24:05.157 Examining the path of transformers.models.vitpose.image_processing_vitpose_fast raised:
Traceback (most recent call last):
  File "C:\Users\Vignesh.Selvaraju\AppData\Local\Programs\Python\Python312\Lib\site-packages\streamlit\watcher\local_sources_watcher.py", line 330, in get_module_paths
    potential_paths = extract_paths(module)
                      ^^^^^^^^^^^^^^^^^^^^^
  File "C:\Users\Vignesh.Selvaraju\AppData\Local\Programs\Python\Python312\Lib\site-packages\streamlit\watcher\local_sources_watcher.py", line 317, in <lambda>
    if hasattr(m, "__path__")
       ^^^^^^^^^^^^^^^^^^^^^^
  File "C:\Users\Vignesh.Selvaraju\AppData\Local\Programs\Python\Python312\Lib\site-packages\transformers\__init__.py", line 862, in _getattr
    return getattr(importlib.import_module(target, __name__), name)
                   ^^^^^^^^^^^^^^^^^^^^^^^^^^^^^^^^^^^^^^^^^
  File "C:\Users\Vignesh.Selvaraju\AppData\Local\Programs\Python\Python312\Lib\importlib\__init__.py", line 90, in import_module
    return _bootstrap._gcd_import(name[level:], package, level)
           ^^^^^^^^^^^^^^^^^^^^^^^^^^^^^^^^^^^^^^^^^^^^^^^^^^^^
  File "<frozen importlib._bootstrap>", line 1387, in _gcd_import
  File "<frozen importlib._bootstrap>", line 1360, in _find_and_load
  File "<frozen importlib._bootstrap>", line 1331, in _find_and_load_unlocked
  File "<frozen importlib._bootstrap>", line 935, in _load_unlocked
  File "<frozen importlib._bootstrap_external>", line 999, in exec_module
  File "<frozen importlib._bootstrap>", line 488, in _call_with_frames_removed
  File "C:\Users\Vignesh.Selvaraju\AppData\Local\Programs\Python\Python312\Lib\site-packages\transformers\models\vitpose\image_processing_vitpose.py", line 22, in <module>
    from torchvision.transforms.v2 import functional as tvF
ModuleNotFoundError: No module named 'torchvision'
2026-10-01 16:24:05.163 Examining the path of transformers.models.yolos.image_processing_yolos_fast raised:
Traceback (most recent call last):
  File "C:\Users\Vignesh.Selvaraju\AppData\Local\Programs\Python\Python312\Lib\site-packages\streamlit\watcher\local_sources_watcher.py", line 330, in get_module_paths
    potential_paths = extract_paths(module)
                      ^^^^^^^^^^^^^^^^^^^^^
  File "C:\Users\Vignesh.Selvaraju\AppData\Local\Programs\Python\Python312\Lib\site-packages\streamlit\watcher\local_sources_watcher.py", line 317, in <lambda>
    if hasattr(m, "__path__")
       ^^^^^^^^^^^^^^^^^^^^^^
  File "C:\Users\Vignesh.Selvaraju\AppData\Local\Programs\Python\Python312\Lib\site-packages\transformers\__init__.py", line 862, in _getattr
    return getattr(importlib.import_module(target, __name__), name)
                   ^^^^^^^^^^^^^^^^^^^^^^^^^^^^^^^^^^^^^^^^^
  File "C:\Users\Vignesh.Selvaraju\AppData\Local\Programs\Python\Python312\Lib\importlib\__init__.py", line 90, in import_module
    return _bootstrap._gcd_import(name[level:], package, level)
           ^^^^^^^^^^^^^^^^^^^^^^^^^^^^^^^^^^^^^^^^^^^^^^^^^^^^
  File "<frozen importlib._bootstrap>", line 1387, in _gcd_import
  File "<frozen importlib._bootstrap>", line 1360, in _find_and_load
  File "<frozen importlib._bootstrap>", line 1331, in _find_and_load_unlocked
  File "<frozen importlib._bootstrap>", line 935, in _load_unlocked
  File "<frozen importlib._bootstrap_external>", line 999, in exec_module
  File "<frozen importlib._bootstrap>", line 488, in _call_with_frames_removed
  File "C:\Users\Vignesh.Selvaraju\AppData\Local\Programs\Python\Python312\Lib\site-packages\transformers\models\yolos\image_processing_yolos.py", line 12, in <module>
    from torchvision.io import read_image
ModuleNotFoundError: No module named 'torchvision'
2026-10-01 16:24:05.167 Examining the path of transformers.models.zoedepth.image_processing_zoedepth_fast raised:
Traceback (most recent call last):
  File "C:\Users\Vignesh.Selvaraju\AppData\Local\Programs\Python\Python312\Lib\site-packages\streamlit\watcher\local_sources_watcher.py", line 330, in get_module_paths
    potential_paths = extract_paths(module)
                      ^^^^^^^^^^^^^^^^^^^^^
  File "C:\Users\Vignesh.Selvaraju\AppData\Local\Programs\Python\Python312\Lib\site-packages\streamlit\watcher\local_sources_watcher.py", line 317, in <lambda>
    if hasattr(m, "__path__")
       ^^^^^^^^^^^^^^^^^^^^^^
  File "C:\Users\Vignesh.Selvaraju\AppData\Local\Programs\Python\Python312\Lib\site-packages\transformers\__init__.py", line 862, in _getattr
    return getattr(importlib.import_module(target, __name__), name)
                   ^^^^^^^^^^^^^^^^^^^^^^^^^^^^^^^^^^^^^^^^^
  File "C:\Users\Vignesh.Selvaraju\AppData\Local\Programs\Python\Python312\Lib\importlib\__init__.py", line 90, in import_module
    return _bootstrap._gcd_import(name[level:], package, level)
           ^^^^^^^^^^^^^^^^^^^^^^^^^^^^^^^^^^^^^^^^^^^^^^^^^^^^
  File "<frozen importlib._bootstrap>", line 1387, in _gcd_import
  File "<frozen importlib._bootstrap>", line 1360, in _find_and_load
  File "<frozen importlib._bootstrap>", line 1331, in _find_and_load_unlocked
  File "<frozen importlib._bootstrap>", line 935, in _load_unlocked
  File "<frozen importlib._bootstrap_external>", line 999, in exec_module
  File "<frozen importlib._bootstrap>", line 488, in _call_with_frames_removed
  File "C:\Users\Vignesh.Selvaraju\AppData\Local\Programs\Python\Python312\Lib\site-packages\transformers\models\zoedepth\image_processing_zoedepth.py", line 43, in <module>
    from torchvision.transforms.v2 import functional as tvF
ModuleNotFoundError: No module named 'torchvision'
2026-10-01 16:26:16.797 Please replace `use_container_width` with `width`.

`use_container_width` will be removed after 2025-12-31.

For `use_container_width=True`, use `width='stretch'`. For `use_container_width=False`, use `width='content'`.
2026-10-01 16:26:21.288 Examining the path of transformers.models.aria.image_processing_aria_fast raised:
Traceback (most recent call last):
  File "C:\Users\Vignesh.Selvaraju\AppData\Local\Programs\Python\Python312\Lib\site-packages\streamlit\watcher\local_sources_watcher.py", line 330, in get_module_paths
    potential_paths = extract_paths(module)
                      ^^^^^^^^^^^^^^^^^^^^^
  File "C:\Users\Vignesh.Selvaraju\AppData\Local\Programs\Python\Python312\Lib\site-packages\streamlit\watcher\local_sources_watcher.py", line 317, in <lambda>
    if hasattr(m, "__path__")
       ^^^^^^^^^^^^^^^^^^^^^^
  File "C:\Users\Vignesh.Selvaraju\AppData\Local\Programs\Python\Python312\Lib\site-packages\transformers\__init__.py", line 862, in _getattr
    return getattr(importlib.import_module(target, __name__), name)
                   ^^^^^^^^^^^^^^^^^^^^^^^^^^^^^^^^^^^^^^^^^
  File "C:\Users\Vignesh.Selvaraju\AppData\Local\Programs\Python\Python312\Lib\importlib\__init__.py", line 90, in import_module
    return _bootstrap._gcd_import(name[level:], package, level)
           ^^^^^^^^^^^^^^^^^^^^^^^^^^^^^^^^^^^^^^^^^^^^^^^^^^^^
  File "<frozen importlib._bootstrap>", line 1387, in _gcd_import
  File "<frozen importlib._bootstrap>", line 1360, in _find_and_load
  File "<frozen importlib._bootstrap>", line 1331, in _find_and_load_unlocked
  File "<frozen importlib._bootstrap>", line 935, in _load_unlocked
  File "<frozen importlib._bootstrap_external>", line 999, in exec_module
  File "<frozen importlib._bootstrap>", line 488, in _call_with_frames_removed
  File "C:\Users\Vignesh.Selvaraju\AppData\Local\Programs\Python\Python312\Lib\site-packages\transformers\models\aria\image_processing_aria.py", line 23, in <module>
    from torchvision.transforms.v2 import functional as tvF
ModuleNotFoundError: No module named 'torchvision'
2026-10-01 16:26:21.295 Examining the path of transformers.models.beit.image_processing_beit_fast raised:
Traceback (most recent call last):
  File "C:\Users\Vignesh.Selvaraju\AppData\Local\Programs\Python\Python312\Lib\site-packages\streamlit\watcher\local_sources_watcher.py", line 330, in get_module_paths
    potential_paths = extract_paths(module)
                      ^^^^^^^^^^^^^^^^^^^^^
  File "C:\Users\Vignesh.Selvaraju\AppData\Local\Programs\Python\Python312\Lib\site-packages\streamlit\watcher\local_sources_watcher.py", line 317, in <lambda>
    if hasattr(m, "__path__")
       ^^^^^^^^^^^^^^^^^^^^^^
  File "C:\Users\Vignesh.Selvaraju\AppData\Local\Programs\Python\Python312\Lib\site-packages\transformers\__init__.py", line 862, in _getattr
    return getattr(importlib.import_module(target, __name__), name)
                   ^^^^^^^^^^^^^^^^^^^^^^^^^^^^^^^^^^^^^^^^^
  File "C:\Users\Vignesh.Selvaraju\AppData\Local\Programs\Python\Python312\Lib\importlib\__init__.py", line 90, in import_module
    return _bootstrap._gcd_import(name[level:], package, level)
           ^^^^^^^^^^^^^^^^^^^^^^^^^^^^^^^^^^^^^^^^^^^^^^^^^^^^
  File "<frozen importlib._bootstrap>", line 1387, in _gcd_import
  File "<frozen importlib._bootstrap>", line 1360, in _find_and_load
  File "<frozen importlib._bootstrap>", line 1331, in _find_and_load_unlocked
  File "<frozen importlib._bootstrap>", line 935, in _load_unlocked
  File "<frozen importlib._bootstrap_external>", line 999, in exec_module
  File "<frozen importlib._bootstrap>", line 488, in _call_with_frames_removed
  File "C:\Users\Vignesh.Selvaraju\AppData\Local\Programs\Python\Python312\Lib\site-packages\transformers\models\beit\image_processing_beit.py", line 20, in <module>
    from torchvision.transforms.v2 import functional as tvF
ModuleNotFoundError: No module named 'torchvision'
2026-10-01 16:26:21.299 Examining the path of transformers.models.bridgetower.image_processing_bridgetower_fast raised:
Traceback (most recent call last):
  File "C:\Users\Vignesh.Selvaraju\AppData\Local\Programs\Python\Python312\Lib\site-packages\streamlit\watcher\local_sources_watcher.py", line 330, in get_module_paths
    potential_paths = extract_paths(module)
                      ^^^^^^^^^^^^^^^^^^^^^
  File "C:\Users\Vignesh.Selvaraju\AppData\Local\Programs\Python\Python312\Lib\site-packages\streamlit\watcher\local_sources_watcher.py", line 317, in <lambda>
    if hasattr(m, "__path__")
       ^^^^^^^^^^^^^^^^^^^^^^
  File "C:\Users\Vignesh.Selvaraju\AppData\Local\Programs\Python\Python312\Lib\site-packages\transformers\__init__.py", line 862, in _getattr
    return getattr(importlib.import_module(target, __name__), name)
                   ^^^^^^^^^^^^^^^^^^^^^^^^^^^^^^^^^^^^^^^^^
  File "C:\Users\Vignesh.Selvaraju\AppData\Local\Programs\Python\Python312\Lib\importlib\__init__.py", line 90, in import_module
    return _bootstrap._gcd_import(name[level:], package, level)
           ^^^^^^^^^^^^^^^^^^^^^^^^^^^^^^^^^^^^^^^^^^^^^^^^^^^^
  File "<frozen importlib._bootstrap>", line 1387, in _gcd_import
  File "<frozen importlib._bootstrap>", line 1360, in _find_and_load
  File "<frozen importlib._bootstrap>", line 1331, in _find_and_load_unlocked
  File "<frozen importlib._bootstrap>", line 935, in _load_unlocked
  File "<frozen importlib._bootstrap_external>", line 999, in exec_module
  File "<frozen importlib._bootstrap>", line 488, in _call_with_frames_removed
  File "C:\Users\Vignesh.Selvaraju\AppData\Local\Programs\Python\Python312\Lib\site-packages\transformers\models\bridgetower\image_processing_bridgetower.py", line 20, in <module>
    from torchvision.transforms.v2 import functional as tvF
ModuleNotFoundError: No module named 'torchvision'
2026-10-01 16:26:21.303 Examining the path of transformers.models.chmv2.image_processing_chmv2_fast raised:
Traceback (most recent call last):
  File "C:\Users\Vignesh.Selvaraju\AppData\Local\Programs\Python\Python312\Lib\site-packages\streamlit\watcher\local_sources_watcher.py", line 330, in get_module_paths
    potential_paths = extract_paths(module)
                      ^^^^^^^^^^^^^^^^^^^^^
  File "C:\Users\Vignesh.Selvaraju\AppData\Local\Programs\Python\Python312\Lib\site-packages\streamlit\watcher\local_sources_watcher.py", line 317, in <lambda>
    if hasattr(m, "__path__")
       ^^^^^^^^^^^^^^^^^^^^^^
  File "C:\Users\Vignesh.Selvaraju\AppData\Local\Programs\Python\Python312\Lib\site-packages\transformers\__init__.py", line 862, in _getattr
    return getattr(importlib.import_module(target, __name__), name)
                   ^^^^^^^^^^^^^^^^^^^^^^^^^^^^^^^^^^^^^^^^^
  File "C:\Users\Vignesh.Selvaraju\AppData\Local\Programs\Python\Python312\Lib\importlib\__init__.py", line 90, in import_module
    return _bootstrap._gcd_import(name[level:], package, level)
           ^^^^^^^^^^^^^^^^^^^^^^^^^^^^^^^^^^^^^^^^^^^^^^^^^^^^
  File "<frozen importlib._bootstrap>", line 1387, in _gcd_import
  File "<frozen importlib._bootstrap>", line 1360, in _find_and_load
  File "<frozen importlib._bootstrap>", line 1331, in _find_and_load_unlocked
  File "<frozen importlib._bootstrap>", line 935, in _load_unlocked
  File "<frozen importlib._bootstrap_external>", line 999, in exec_module
  File "<frozen importlib._bootstrap>", line 488, in _call_with_frames_removed
  File "C:\Users\Vignesh.Selvaraju\AppData\Local\Programs\Python\Python312\Lib\site-packages\transformers\models\chmv2\image_processing_chmv2.py", line 27, in <module>
    from torchvision.transforms.v2 import functional as tvF
ModuleNotFoundError: No module named 'torchvision'
2026-10-01 16:26:21.305 Examining the path of transformers.models.cohere2_vision.image_processing_cohere2_vision_fast raised:
Traceback (most recent call last):
  File "C:\Users\Vignesh.Selvaraju\AppData\Local\Programs\Python\Python312\Lib\site-packages\streamlit\watcher\local_sources_watcher.py", line 330, in get_module_paths
    potential_paths = extract_paths(module)
                      ^^^^^^^^^^^^^^^^^^^^^
  File "C:\Users\Vignesh.Selvaraju\AppData\Local\Programs\Python\Python312\Lib\site-packages\streamlit\watcher\local_sources_watcher.py", line 317, in <lambda>
    if hasattr(m, "__path__")
       ^^^^^^^^^^^^^^^^^^^^^^
  File "C:\Users\Vignesh.Selvaraju\AppData\Local\Programs\Python\Python312\Lib\site-packages\transformers\__init__.py", line 862, in _getattr
    return getattr(importlib.import_module(target, __name__), name)
                   ^^^^^^^^^^^^^^^^^^^^^^^^^^^^^^^^^^^^^^^^^
  File "C:\Users\Vignesh.Selvaraju\AppData\Local\Programs\Python\Python312\Lib\importlib\__init__.py", line 90, in import_module
    return _bootstrap._gcd_import(name[level:], package, level)
           ^^^^^^^^^^^^^^^^^^^^^^^^^^^^^^^^^^^^^^^^^^^^^^^^^^^^
  File "<frozen importlib._bootstrap>", line 1387, in _gcd_import
  File "<frozen importlib._bootstrap>", line 1360, in _find_and_load
  File "<frozen importlib._bootstrap>", line 1331, in _find_and_load_unlocked
  File "<frozen importlib._bootstrap>", line 935, in _load_unlocked
  File "<frozen importlib._bootstrap_external>", line 999, in exec_module
  File "<frozen importlib._bootstrap>", line 488, in _call_with_frames_removed
  File "C:\Users\Vignesh.Selvaraju\AppData\Local\Programs\Python\Python312\Lib\site-packages\transformers\models\cohere2_vision\image_processing_cohere2_vision.py", line 25, in <module>
    from torchvision.transforms.v2 import functional as tvF
ModuleNotFoundError: No module named 'torchvision'
2026-10-01 16:26:21.309 Examining the path of transformers.models.conditional_detr.image_processing_conditional_detr_fast raised:
Traceback (most recent call last):
  File "C:\Users\Vignesh.Selvaraju\AppData\Local\Programs\Python\Python312\Lib\site-packages\streamlit\watcher\local_sources_watcher.py", line 330, in get_module_paths
    potential_paths = extract_paths(module)
                      ^^^^^^^^^^^^^^^^^^^^^
  File "C:\Users\Vignesh.Selvaraju\AppData\Local\Programs\Python\Python312\Lib\site-packages\streamlit\watcher\local_sources_watcher.py", line 317, in <lambda>
    if hasattr(m, "__path__")
       ^^^^^^^^^^^^^^^^^^^^^^
  File "C:\Users\Vignesh.Selvaraju\AppData\Local\Programs\Python\Python312\Lib\site-packages\transformers\__init__.py", line 862, in _getattr
    return getattr(importlib.import_module(target, __name__), name)
                   ^^^^^^^^^^^^^^^^^^^^^^^^^^^^^^^^^^^^^^^^^
  File "C:\Users\Vignesh.Selvaraju\AppData\Local\Programs\Python\Python312\Lib\importlib\__init__.py", line 90, in import_module
    return _bootstrap._gcd_import(name[level:], package, level)
           ^^^^^^^^^^^^^^^^^^^^^^^^^^^^^^^^^^^^^^^^^^^^^^^^^^^^
  File "<frozen importlib._bootstrap>", line 1387, in _gcd_import
  File "<frozen importlib._bootstrap>", line 1360, in _find_and_load
  File "<frozen importlib._bootstrap>", line 1331, in _find_and_load_unlocked
  File "<frozen importlib._bootstrap>", line 935, in _load_unlocked
  File "<frozen importlib._bootstrap_external>", line 999, in exec_module
  File "<frozen importlib._bootstrap>", line 488, in _call_with_frames_removed
  File "C:\Users\Vignesh.Selvaraju\AppData\Local\Programs\Python\Python312\Lib\site-packages\transformers\models\conditional_detr\image_processing_conditional_detr.py", line 27, in <module>
    from torchvision.io import read_image
ModuleNotFoundError: No module named 'torchvision'
2026-10-01 16:26:21.312 Examining the path of transformers.models.convnext.image_processing_convnext_fast raised:
Traceback (most recent call last):
  File "C:\Users\Vignesh.Selvaraju\AppData\Local\Programs\Python\Python312\Lib\site-packages\streamlit\watcher\local_sources_watcher.py", line 330, in get_module_paths
    potential_paths = extract_paths(module)
                      ^^^^^^^^^^^^^^^^^^^^^
  File "C:\Users\Vignesh.Selvaraju\AppData\Local\Programs\Python\Python312\Lib\site-packages\streamlit\watcher\local_sources_watcher.py", line 317, in <lambda>
    if hasattr(m, "__path__")
       ^^^^^^^^^^^^^^^^^^^^^^
  File "C:\Users\Vignesh.Selvaraju\AppData\Local\Programs\Python\Python312\Lib\site-packages\transformers\__init__.py", line 862, in _getattr
    return getattr(importlib.import_module(target, __name__), name)
                   ^^^^^^^^^^^^^^^^^^^^^^^^^^^^^^^^^^^^^^^^^
  File "C:\Users\Vignesh.Selvaraju\AppData\Local\Programs\Python\Python312\Lib\importlib\__init__.py", line 90, in import_module
    return _bootstrap._gcd_import(name[level:], package, level)
           ^^^^^^^^^^^^^^^^^^^^^^^^^^^^^^^^^^^^^^^^^^^^^^^^^^^^
  File "<frozen importlib._bootstrap>", line 1387, in _gcd_import
  File "<frozen importlib._bootstrap>", line 1360, in _find_and_load
  File "<frozen importlib._bootstrap>", line 1331, in _find_and_load_unlocked
  File "<frozen importlib._bootstrap>", line 935, in _load_unlocked
  File "<frozen importlib._bootstrap_external>", line 999, in exec_module
  File "<frozen importlib._bootstrap>", line 488, in _call_with_frames_removed
  File "C:\Users\Vignesh.Selvaraju\AppData\Local\Programs\Python\Python312\Lib\site-packages\transformers\models\convnext\image_processing_convnext.py", line 17, in <module>
    from torchvision.transforms.v2 import functional as tvF
ModuleNotFoundError: No module named 'torchvision'
2026-10-01 16:26:21.315 Examining the path of transformers.models.cosmos3_edge.image_processing_cosmos3_edge_fast raised:
Traceback (most recent call last):
  File "C:\Users\Vignesh.Selvaraju\AppData\Local\Programs\Python\Python312\Lib\site-packages\streamlit\watcher\local_sources_watcher.py", line 330, in get_module_paths
    potential_paths = extract_paths(module)
                      ^^^^^^^^^^^^^^^^^^^^^
  File "C:\Users\Vignesh.Selvaraju\AppData\Local\Programs\Python\Python312\Lib\site-packages\streamlit\watcher\local_sources_watcher.py", line 317, in <lambda>
    if hasattr(m, "__path__")
       ^^^^^^^^^^^^^^^^^^^^^^
  File "C:\Users\Vignesh.Selvaraju\AppData\Local\Programs\Python\Python312\Lib\site-packages\transformers\__init__.py", line 862, in _getattr
    return getattr(importlib.import_module(target, __name__), name)
                   ^^^^^^^^^^^^^^^^^^^^^^^^^^^^^^^^^^^^^^^^^
  File "C:\Users\Vignesh.Selvaraju\AppData\Local\Programs\Python\Python312\Lib\importlib\__init__.py", line 90, in import_module
    return _bootstrap._gcd_import(name[level:], package, level)
           ^^^^^^^^^^^^^^^^^^^^^^^^^^^^^^^^^^^^^^^^^^^^^^^^^^^^
  File "<frozen importlib._bootstrap>", line 1387, in _gcd_import
  File "<frozen importlib._bootstrap>", line 1360, in _find_and_load
  File "<frozen importlib._bootstrap>", line 1331, in _find_and_load_unlocked
  File "<frozen importlib._bootstrap>", line 935, in _load_unlocked
  File "<frozen importlib._bootstrap_external>", line 999, in exec_module
  File "<frozen importlib._bootstrap>", line 488, in _call_with_frames_removed
  File "C:\Users\Vignesh.Selvaraju\AppData\Local\Programs\Python\Python312\Lib\site-packages\transformers\models\cosmos3_edge\image_processing_cosmos3_edge.py", line 23, in <module>
    from torchvision.transforms.v2 import functional as tvF
ModuleNotFoundError: No module named 'torchvision'
2026-10-01 16:26:21.317 Examining the path of transformers.models.deepseek_ocr2.image_processing_deepseek_ocr2_fast raised:
Traceback (most recent call last):
  File "C:\Users\Vignesh.Selvaraju\AppData\Local\Programs\Python\Python312\Lib\site-packages\streamlit\watcher\local_sources_watcher.py", line 330, in get_module_paths
    potential_paths = extract_paths(module)
                      ^^^^^^^^^^^^^^^^^^^^^
  File "C:\Users\Vignesh.Selvaraju\AppData\Local\Programs\Python\Python312\Lib\site-packages\streamlit\watcher\local_sources_watcher.py", line 317, in <lambda>
    if hasattr(m, "__path__")
       ^^^^^^^^^^^^^^^^^^^^^^
  File "C:\Users\Vignesh.Selvaraju\AppData\Local\Programs\Python\Python312\Lib\site-packages\transformers\__init__.py", line 862, in _getattr
    return getattr(importlib.import_module(target, __name__), name)
                   ^^^^^^^^^^^^^^^^^^^^^^^^^^^^^^^^^^^^^^^^^
  File "C:\Users\Vignesh.Selvaraju\AppData\Local\Programs\Python\Python312\Lib\importlib\__init__.py", line 90, in import_module
    return _bootstrap._gcd_import(name[level:], package, level)
           ^^^^^^^^^^^^^^^^^^^^^^^^^^^^^^^^^^^^^^^^^^^^^^^^^^^^
  File "<frozen importlib._bootstrap>", line 1387, in _gcd_import
  File "<frozen importlib._bootstrap>", line 1360, in _find_and_load
  File "<frozen importlib._bootstrap>", line 1331, in _find_and_load_unlocked
  File "<frozen importlib._bootstrap>", line 935, in _load_unlocked
  File "<frozen importlib._bootstrap_external>", line 999, in exec_module
  File "<frozen importlib._bootstrap>", line 488, in _call_with_frames_removed
  File "C:\Users\Vignesh.Selvaraju\AppData\Local\Programs\Python\Python312\Lib\site-packages\transformers\models\deepseek_ocr2\image_processing_deepseek_ocr2.py", line 24, in <module>
    from torchvision.transforms.v2 import functional as tvF
ModuleNotFoundError: No module named 'torchvision'
2026-10-01 16:26:21.321 Examining the path of transformers.models.deepseek_vl.image_processing_deepseek_vl_fast raised:
Traceback (most recent call last):
  File "C:\Users\Vignesh.Selvaraju\AppData\Local\Programs\Python\Python312\Lib\site-packages\streamlit\watcher\local_sources_watcher.py", line 330, in get_module_paths
    potential_paths = extract_paths(module)
                      ^^^^^^^^^^^^^^^^^^^^^
  File "C:\Users\Vignesh.Selvaraju\AppData\Local\Programs\Python\Python312\Lib\site-packages\streamlit\watcher\local_sources_watcher.py", line 317, in <lambda>
    if hasattr(m, "__path__")
       ^^^^^^^^^^^^^^^^^^^^^^
  File "C:\Users\Vignesh.Selvaraju\AppData\Local\Programs\Python\Python312\Lib\site-packages\transformers\__init__.py", line 862, in _getattr
    return getattr(importlib.import_module(target, __name__), name)
                   ^^^^^^^^^^^^^^^^^^^^^^^^^^^^^^^^^^^^^^^^^
  File "C:\Users\Vignesh.Selvaraju\AppData\Local\Programs\Python\Python312\Lib\importlib\__init__.py", line 90, in import_module
    return _bootstrap._gcd_import(name[level:], package, level)
           ^^^^^^^^^^^^^^^^^^^^^^^^^^^^^^^^^^^^^^^^^^^^^^^^^^^^
  File "<frozen importlib._bootstrap>", line 1387, in _gcd_import
  File "<frozen importlib._bootstrap>", line 1360, in _find_and_load
  File "<frozen importlib._bootstrap>", line 1331, in _find_and_load_unlocked
  File "<frozen importlib._bootstrap>", line 935, in _load_unlocked
  File "<frozen importlib._bootstrap_external>", line 999, in exec_module
  File "<frozen importlib._bootstrap>", line 488, in _call_with_frames_removed
  File "C:\Users\Vignesh.Selvaraju\AppData\Local\Programs\Python\Python312\Lib\site-packages\transformers\models\deepseek_vl\image_processing_deepseek_vl.py", line 23, in <module>
    import torchvision.transforms.v2.functional as tvF
ModuleNotFoundError: No module named 'torchvision'
2026-10-01 16:26:21.323 Examining the path of transformers.models.deepseek_vl_hybrid.image_processing_deepseek_vl_hybrid_fast raised:
Traceback (most recent call last):
  File "C:\Users\Vignesh.Selvaraju\AppData\Local\Programs\Python\Python312\Lib\site-packages\streamlit\watcher\local_sources_watcher.py", line 330, in get_module_paths
    potential_paths = extract_paths(module)
                      ^^^^^^^^^^^^^^^^^^^^^
  File "C:\Users\Vignesh.Selvaraju\AppData\Local\Programs\Python\Python312\Lib\site-packages\streamlit\watcher\local_sources_watcher.py", line 317, in <lambda>
    if hasattr(m, "__path__")
       ^^^^^^^^^^^^^^^^^^^^^^
  File "C:\Users\Vignesh.Selvaraju\AppData\Local\Programs\Python\Python312\Lib\site-packages\transformers\__init__.py", line 862, in _getattr
    return getattr(importlib.import_module(target, __name__), name)
                   ^^^^^^^^^^^^^^^^^^^^^^^^^^^^^^^^^^^^^^^^^
  File "C:\Users\Vignesh.Selvaraju\AppData\Local\Programs\Python\Python312\Lib\importlib\__init__.py", line 90, in import_module
    return _bootstrap._gcd_import(name[level:], package, level)
           ^^^^^^^^^^^^^^^^^^^^^^^^^^^^^^^^^^^^^^^^^^^^^^^^^^^^
  File "<frozen importlib._bootstrap>", line 1387, in _gcd_import
  File "<frozen importlib._bootstrap>", line 1360, in _find_and_load
  File "<frozen importlib._bootstrap>", line 1331, in _find_and_load_unlocked
  File "<frozen importlib._bootstrap>", line 935, in _load_unlocked
  File "<frozen importlib._bootstrap_external>", line 999, in exec_module
  File "<frozen importlib._bootstrap>", line 488, in _call_with_frames_removed
  File "C:\Users\Vignesh.Selvaraju\AppData\Local\Programs\Python\Python312\Lib\site-packages\transformers\models\deepseek_vl_hybrid\image_processing_deepseek_vl_hybrid.py", line 25, in <module>
    import torchvision.transforms.v2.functional as tvF
ModuleNotFoundError: No module named 'torchvision'
2026-10-01 16:26:21.326 Examining the path of transformers.models.deformable_detr.image_processing_deformable_detr_fast raised:
Traceback (most recent call last):
  File "C:\Users\Vignesh.Selvaraju\AppData\Local\Programs\Python\Python312\Lib\site-packages\streamlit\watcher\local_sources_watcher.py", line 330, in get_module_paths
    potential_paths = extract_paths(module)
                      ^^^^^^^^^^^^^^^^^^^^^
  File "C:\Users\Vignesh.Selvaraju\AppData\Local\Programs\Python\Python312\Lib\site-packages\streamlit\watcher\local_sources_watcher.py", line 317, in <lambda>
    if hasattr(m, "__path__")
       ^^^^^^^^^^^^^^^^^^^^^^
  File "C:\Users\Vignesh.Selvaraju\AppData\Local\Programs\Python\Python312\Lib\site-packages\transformers\__init__.py", line 862, in _getattr
    return getattr(importlib.import_module(target, __name__), name)
                   ^^^^^^^^^^^^^^^^^^^^^^^^^^^^^^^^^^^^^^^^^
  File "C:\Users\Vignesh.Selvaraju\AppData\Local\Programs\Python\Python312\Lib\importlib\__init__.py", line 90, in import_module
    return _bootstrap._gcd_import(name[level:], package, level)
           ^^^^^^^^^^^^^^^^^^^^^^^^^^^^^^^^^^^^^^^^^^^^^^^^^^^^
  File "<frozen importlib._bootstrap>", line 1387, in _gcd_import
  File "<frozen importlib._bootstrap>", line 1360, in _find_and_load
  File "<frozen importlib._bootstrap>", line 1331, in _find_and_load_unlocked
  File "<frozen importlib._bootstrap>", line 935, in _load_unlocked
  File "<frozen importlib._bootstrap_external>", line 999, in exec_module
  File "<frozen importlib._bootstrap>", line 488, in _call_with_frames_removed
  File "C:\Users\Vignesh.Selvaraju\AppData\Local\Programs\Python\Python312\Lib\site-packages\transformers\models\deformable_detr\image_processing_deformable_detr.py", line 25, in <module>
    from torchvision.io import read_image
ModuleNotFoundError: No module named 'torchvision'
2026-10-01 16:26:21.329 Examining the path of transformers.models.depth_pro.image_processing_depth_pro_fast raised:
Traceback (most recent call last):
  File "C:\Users\Vignesh.Selvaraju\AppData\Local\Programs\Python\Python312\Lib\site-packages\streamlit\watcher\local_sources_watcher.py", line 330, in get_module_paths
    potential_paths = extract_paths(module)
                      ^^^^^^^^^^^^^^^^^^^^^
  File "C:\Users\Vignesh.Selvaraju\AppData\Local\Programs\Python\Python312\Lib\site-packages\streamlit\watcher\local_sources_watcher.py", line 317, in <lambda>
    if hasattr(m, "__path__")
       ^^^^^^^^^^^^^^^^^^^^^^
  File "C:\Users\Vignesh.Selvaraju\AppData\Local\Programs\Python\Python312\Lib\site-packages\transformers\__init__.py", line 862, in _getattr
    return getattr(importlib.import_module(target, __name__), name)
                   ^^^^^^^^^^^^^^^^^^^^^^^^^^^^^^^^^^^^^^^^^
  File "C:\Users\Vignesh.Selvaraju\AppData\Local\Programs\Python\Python312\Lib\importlib\__init__.py", line 90, in import_module
    return _bootstrap._gcd_import(name[level:], package, level)
           ^^^^^^^^^^^^^^^^^^^^^^^^^^^^^^^^^^^^^^^^^^^^^^^^^^^^
  File "<frozen importlib._bootstrap>", line 1387, in _gcd_import
  File "<frozen importlib._bootstrap>", line 1360, in _find_and_load
  File "<frozen importlib._bootstrap>", line 1331, in _find_and_load_unlocked
  File "<frozen importlib._bootstrap>", line 935, in _load_unlocked
  File "<frozen importlib._bootstrap_external>", line 999, in exec_module
  File "<frozen importlib._bootstrap>", line 488, in _call_with_frames_removed
  File "C:\Users\Vignesh.Selvaraju\AppData\Local\Programs\Python\Python312\Lib\site-packages\transformers\models\depth_pro\image_processing_depth_pro.py", line 19, in <module>
    from torchvision.transforms.v2 import functional as tvF
ModuleNotFoundError: No module named 'torchvision'
2026-10-01 16:26:21.332 Examining the path of transformers.models.detr.image_processing_detr_fast raised:
Traceback (most recent call last):
  File "C:\Users\Vignesh.Selvaraju\AppData\Local\Programs\Python\Python312\Lib\site-packages\streamlit\watcher\local_sources_watcher.py", line 330, in get_module_paths
    potential_paths = extract_paths(module)
                      ^^^^^^^^^^^^^^^^^^^^^
  File "C:\Users\Vignesh.Selvaraju\AppData\Local\Programs\Python\Python312\Lib\site-packages\streamlit\watcher\local_sources_watcher.py", line 317, in <lambda>
    if hasattr(m, "__path__")
       ^^^^^^^^^^^^^^^^^^^^^^
  File "C:\Users\Vignesh.Selvaraju\AppData\Local\Programs\Python\Python312\Lib\site-packages\transformers\__init__.py", line 862, in _getattr
    return getattr(importlib.import_module(target, __name__), name)
                   ^^^^^^^^^^^^^^^^^^^^^^^^^^^^^^^^^^^^^^^^^
  File "C:\Users\Vignesh.Selvaraju\AppData\Local\Programs\Python\Python312\Lib\importlib\__init__.py", line 90, in import_module
    return _bootstrap._gcd_import(name[level:], package, level)
           ^^^^^^^^^^^^^^^^^^^^^^^^^^^^^^^^^^^^^^^^^^^^^^^^^^^^
  File "<frozen importlib._bootstrap>", line 1387, in _gcd_import
  File "<frozen importlib._bootstrap>", line 1360, in _find_and_load
  File "<frozen importlib._bootstrap>", line 1331, in _find_and_load_unlocked
  File "<frozen importlib._bootstrap>", line 935, in _load_unlocked
  File "<frozen importlib._bootstrap_external>", line 999, in exec_module
  File "<frozen importlib._bootstrap>", line 488, in _call_with_frames_removed
  File "C:\Users\Vignesh.Selvaraju\AppData\Local\Programs\Python\Python312\Lib\site-packages\transformers\models\detr\image_processing_detr.py", line 22, in <module>
    from torchvision.io import read_image
ModuleNotFoundError: No module named 'torchvision'
2026-10-01 16:26:21.335 Examining the path of transformers.models.dinov3_vit.image_processing_dinov3_vit_fast raised:
Traceback (most recent call last):
  File "C:\Users\Vignesh.Selvaraju\AppData\Local\Programs\Python\Python312\Lib\site-packages\streamlit\watcher\local_sources_watcher.py", line 330, in get_module_paths
    potential_paths = extract_paths(module)
                      ^^^^^^^^^^^^^^^^^^^^^
  File "C:\Users\Vignesh.Selvaraju\AppData\Local\Programs\Python\Python312\Lib\site-packages\streamlit\watcher\local_sources_watcher.py", line 317, in <lambda>
    if hasattr(m, "__path__")
       ^^^^^^^^^^^^^^^^^^^^^^
  File "C:\Users\Vignesh.Selvaraju\AppData\Local\Programs\Python\Python312\Lib\site-packages\transformers\__init__.py", line 862, in _getattr
    return getattr(importlib.import_module(target, __name__), name)
                   ^^^^^^^^^^^^^^^^^^^^^^^^^^^^^^^^^^^^^^^^^
  File "C:\Users\Vignesh.Selvaraju\AppData\Local\Programs\Python\Python312\Lib\importlib\__init__.py", line 90, in import_module
    return _bootstrap._gcd_import(name[level:], package, level)
           ^^^^^^^^^^^^^^^^^^^^^^^^^^^^^^^^^^^^^^^^^^^^^^^^^^^^
  File "<frozen importlib._bootstrap>", line 1387, in _gcd_import
  File "<frozen importlib._bootstrap>", line 1360, in _find_and_load
  File "<frozen importlib._bootstrap>", line 1331, in _find_and_load_unlocked
  File "<frozen importlib._bootstrap>", line 935, in _load_unlocked
  File "<frozen importlib._bootstrap_external>", line 999, in exec_module
  File "<frozen importlib._bootstrap>", line 488, in _call_with_frames_removed
  File "C:\Users\Vignesh.Selvaraju\AppData\Local\Programs\Python\Python312\Lib\site-packages\transformers\models\dinov3_vit\image_processing_dinov3_vit.py", line 17, in <module>
    from torchvision.transforms.v2 import functional as tvF
ModuleNotFoundError: No module named 'torchvision'
2026-10-01 16:26:21.337 Examining the path of transformers.models.donut.image_processing_donut_fast raised:
Traceback (most recent call last):
  File "C:\Users\Vignesh.Selvaraju\AppData\Local\Programs\Python\Python312\Lib\site-packages\streamlit\watcher\local_sources_watcher.py", line 330, in get_module_paths
    potential_paths = extract_paths(module)
                      ^^^^^^^^^^^^^^^^^^^^^
  File "C:\Users\Vignesh.Selvaraju\AppData\Local\Programs\Python\Python312\Lib\site-packages\streamlit\watcher\local_sources_watcher.py", line 317, in <lambda>
    if hasattr(m, "__path__")
       ^^^^^^^^^^^^^^^^^^^^^^
  File "C:\Users\Vignesh.Selvaraju\AppData\Local\Programs\Python\Python312\Lib\site-packages\transformers\__init__.py", line 862, in _getattr
    return getattr(importlib.import_module(target, __name__), name)
                   ^^^^^^^^^^^^^^^^^^^^^^^^^^^^^^^^^^^^^^^^^
  File "C:\Users\Vignesh.Selvaraju\AppData\Local\Programs\Python\Python312\Lib\importlib\__init__.py", line 90, in import_module
    return _bootstrap._gcd_import(name[level:], package, level)
           ^^^^^^^^^^^^^^^^^^^^^^^^^^^^^^^^^^^^^^^^^^^^^^^^^^^^
  File "<frozen importlib._bootstrap>", line 1387, in _gcd_import
  File "<frozen importlib._bootstrap>", line 1360, in _find_and_load
  File "<frozen importlib._bootstrap>", line 1331, in _find_and_load_unlocked
  File "<frozen importlib._bootstrap>", line 935, in _load_unlocked
  File "<frozen importlib._bootstrap_external>", line 999, in exec_module
  File "<frozen importlib._bootstrap>", line 488, in _call_with_frames_removed
  File "C:\Users\Vignesh.Selvaraju\AppData\Local\Programs\Python\Python312\Lib\site-packages\transformers\models\donut\image_processing_donut.py", line 17, in <module>
    from torchvision.transforms.v2 import functional as tvF
ModuleNotFoundError: No module named 'torchvision'
2026-10-01 16:26:21.341 Examining the path of transformers.models.dpt.image_processing_dpt_fast raised:
Traceback (most recent call last):
  File "C:\Users\Vignesh.Selvaraju\AppData\Local\Programs\Python\Python312\Lib\site-packages\streamlit\watcher\local_sources_watcher.py", line 330, in get_module_paths
    potential_paths = extract_paths(module)
                      ^^^^^^^^^^^^^^^^^^^^^
  File "C:\Users\Vignesh.Selvaraju\AppData\Local\Programs\Python\Python312\Lib\site-packages\streamlit\watcher\local_sources_watcher.py", line 317, in <lambda>
    if hasattr(m, "__path__")
       ^^^^^^^^^^^^^^^^^^^^^^
  File "C:\Users\Vignesh.Selvaraju\AppData\Local\Programs\Python\Python312\Lib\site-packages\transformers\__init__.py", line 862, in _getattr
    return getattr(importlib.import_module(target, __name__), name)
                   ^^^^^^^^^^^^^^^^^^^^^^^^^^^^^^^^^^^^^^^^^
  File "C:\Users\Vignesh.Selvaraju\AppData\Local\Programs\Python\Python312\Lib\importlib\__init__.py", line 90, in import_module
    return _bootstrap._gcd_import(name[level:], package, level)
           ^^^^^^^^^^^^^^^^^^^^^^^^^^^^^^^^^^^^^^^^^^^^^^^^^^^^
  File "<frozen importlib._bootstrap>", line 1387, in _gcd_import
  File "<frozen importlib._bootstrap>", line 1360, in _find_and_load
  File "<frozen importlib._bootstrap>", line 1331, in _find_and_load_unlocked
  File "<frozen importlib._bootstrap>", line 935, in _load_unlocked
  File "<frozen importlib._bootstrap_external>", line 999, in exec_module
  File "<frozen importlib._bootstrap>", line 488, in _call_with_frames_removed
  File "C:\Users\Vignesh.Selvaraju\AppData\Local\Programs\Python\Python312\Lib\site-packages\transformers\models\dpt\image_processing_dpt.py", line 28, in <module>
    from torchvision.transforms.v2 import functional as tvF
ModuleNotFoundError: No module named 'torchvision'
2026-10-01 16:26:21.344 Examining the path of transformers.models.efficientloftr.image_processing_efficientloftr_fast raised:
Traceback (most recent call last):
  File "C:\Users\Vignesh.Selvaraju\AppData\Local\Programs\Python\Python312\Lib\site-packages\streamlit\watcher\local_sources_watcher.py", line 330, in get_module_paths
    potential_paths = extract_paths(module)
                      ^^^^^^^^^^^^^^^^^^^^^
  File "C:\Users\Vignesh.Selvaraju\AppData\Local\Programs\Python\Python312\Lib\site-packages\streamlit\watcher\local_sources_watcher.py", line 317, in <lambda>
    if hasattr(m, "__path__")
       ^^^^^^^^^^^^^^^^^^^^^^
  File "C:\Users\Vignesh.Selvaraju\AppData\Local\Programs\Python\Python312\Lib\site-packages\transformers\__init__.py", line 862, in _getattr
    return getattr(importlib.import_module(target, __name__), name)
                   ^^^^^^^^^^^^^^^^^^^^^^^^^^^^^^^^^^^^^^^^^
  File "C:\Users\Vignesh.Selvaraju\AppData\Local\Programs\Python\Python312\Lib\importlib\__init__.py", line 90, in import_module
    return _bootstrap._gcd_import(name[level:], package, level)
           ^^^^^^^^^^^^^^^^^^^^^^^^^^^^^^^^^^^^^^^^^^^^^^^^^^^^
  File "<frozen importlib._bootstrap>", line 1387, in _gcd_import
  File "<frozen importlib._bootstrap>", line 1360, in _find_and_load
  File "<frozen importlib._bootstrap>", line 1331, in _find_and_load_unlocked
  File "<frozen importlib._bootstrap>", line 935, in _load_unlocked
  File "<frozen importlib._bootstrap_external>", line 999, in exec_module
  File "<frozen importlib._bootstrap>", line 488, in _call_with_frames_removed
  File "C:\Users\Vignesh.Selvaraju\AppData\Local\Programs\Python\Python312\Lib\site-packages\transformers\models\efficientloftr\image_processing_efficientloftr.py", line 10, in <module>
    from torchvision.transforms.v2 import functional as tvF
ModuleNotFoundError: No module named 'torchvision'
2026-10-01 16:26:21.347 Examining the path of transformers.models.efficientnet.image_processing_efficientnet_fast raised:
Traceback (most recent call last):
  File "C:\Users\Vignesh.Selvaraju\AppData\Local\Programs\Python\Python312\Lib\site-packages\streamlit\watcher\local_sources_watcher.py", line 330, in get_module_paths
    potential_paths = extract_paths(module)
                      ^^^^^^^^^^^^^^^^^^^^^
  File "C:\Users\Vignesh.Selvaraju\AppData\Local\Programs\Python\Python312\Lib\site-packages\streamlit\watcher\local_sources_watcher.py", line 317, in <lambda>
    if hasattr(m, "__path__")
       ^^^^^^^^^^^^^^^^^^^^^^
  File "C:\Users\Vignesh.Selvaraju\AppData\Local\Programs\Python\Python312\Lib\site-packages\transformers\__init__.py", line 862, in _getattr
    return getattr(importlib.import_module(target, __name__), name)
                   ^^^^^^^^^^^^^^^^^^^^^^^^^^^^^^^^^^^^^^^^^
  File "C:\Users\Vignesh.Selvaraju\AppData\Local\Programs\Python\Python312\Lib\importlib\__init__.py", line 90, in import_module
    return _bootstrap._gcd_import(name[level:], package, level)
           ^^^^^^^^^^^^^^^^^^^^^^^^^^^^^^^^^^^^^^^^^^^^^^^^^^^^
  File "<frozen importlib._bootstrap>", line 1387, in _gcd_import
  File "<frozen importlib._bootstrap>", line 1360, in _find_and_load
  File "<frozen importlib._bootstrap>", line 1331, in _find_and_load_unlocked
  File "<frozen importlib._bootstrap>", line 935, in _load_unlocked
  File "<frozen importlib._bootstrap_external>", line 999, in exec_module
  File "<frozen importlib._bootstrap>", line 488, in _call_with_frames_removed
  File "C:\Users\Vignesh.Selvaraju\AppData\Local\Programs\Python\Python312\Lib\site-packages\transformers\models\efficientnet\image_processing_efficientnet.py", line 20, in <module>
    from torchvision.transforms.v2 import functional as tvF
ModuleNotFoundError: No module named 'torchvision'
2026-10-01 16:26:21.350 Examining the path of transformers.models.eomt.image_processing_eomt_fast raised:
Traceback (most recent call last):
  File "C:\Users\Vignesh.Selvaraju\AppData\Local\Programs\Python\Python312\Lib\site-packages\streamlit\watcher\local_sources_watcher.py", line 330, in get_module_paths
    potential_paths = extract_paths(module)
                      ^^^^^^^^^^^^^^^^^^^^^
  File "C:\Users\Vignesh.Selvaraju\AppData\Local\Programs\Python\Python312\Lib\site-packages\streamlit\watcher\local_sources_watcher.py", line 317, in <lambda>
    if hasattr(m, "__path__")
       ^^^^^^^^^^^^^^^^^^^^^^
  File "C:\Users\Vignesh.Selvaraju\AppData\Local\Programs\Python\Python312\Lib\site-packages\transformers\__init__.py", line 862, in _getattr
    return getattr(importlib.import_module(target, __name__), name)
                   ^^^^^^^^^^^^^^^^^^^^^^^^^^^^^^^^^^^^^^^^^
  File "C:\Users\Vignesh.Selvaraju\AppData\Local\Programs\Python\Python312\Lib\importlib\__init__.py", line 90, in import_module
    return _bootstrap._gcd_import(name[level:], package, level)
           ^^^^^^^^^^^^^^^^^^^^^^^^^^^^^^^^^^^^^^^^^^^^^^^^^^^^
  File "<frozen importlib._bootstrap>", line 1387, in _gcd_import
  File "<frozen importlib._bootstrap>", line 1360, in _find_and_load
  File "<frozen importlib._bootstrap>", line 1331, in _find_and_load_unlocked
  File "<frozen importlib._bootstrap>", line 935, in _load_unlocked
  File "<frozen importlib._bootstrap_external>", line 999, in exec_module
  File "<frozen importlib._bootstrap>", line 488, in _call_with_frames_removed
  File "C:\Users\Vignesh.Selvaraju\AppData\Local\Programs\Python\Python312\Lib\site-packages\transformers\models\eomt\image_processing_eomt.py", line 20, in <module>
    from torchvision.transforms.v2 import functional as tvF
ModuleNotFoundError: No module named 'torchvision'
2026-10-01 16:26:21.354 Examining the path of transformers.models.ernie4_5_vl_moe.image_processing_ernie4_5_vl_moe_fast raised:
Traceback (most recent call last):
  File "C:\Users\Vignesh.Selvaraju\AppData\Local\Programs\Python\Python312\Lib\site-packages\streamlit\watcher\local_sources_watcher.py", line 330, in get_module_paths
    potential_paths = extract_paths(module)
                      ^^^^^^^^^^^^^^^^^^^^^
  File "C:\Users\Vignesh.Selvaraju\AppData\Local\Programs\Python\Python312\Lib\site-packages\streamlit\watcher\local_sources_watcher.py", line 317, in <lambda>
    if hasattr(m, "__path__")
       ^^^^^^^^^^^^^^^^^^^^^^
  File "C:\Users\Vignesh.Selvaraju\AppData\Local\Programs\Python\Python312\Lib\site-packages\transformers\__init__.py", line 862, in _getattr
    return getattr(importlib.import_module(target, __name__), name)
                   ^^^^^^^^^^^^^^^^^^^^^^^^^^^^^^^^^^^^^^^^^
  File "C:\Users\Vignesh.Selvaraju\AppData\Local\Programs\Python\Python312\Lib\importlib\__init__.py", line 90, in import_module
    return _bootstrap._gcd_import(name[level:], package, level)
           ^^^^^^^^^^^^^^^^^^^^^^^^^^^^^^^^^^^^^^^^^^^^^^^^^^^^
  File "<frozen importlib._bootstrap>", line 1387, in _gcd_import
  File "<frozen importlib._bootstrap>", line 1360, in _find_and_load
  File "<frozen importlib._bootstrap>", line 1331, in _find_and_load_unlocked
  File "<frozen importlib._bootstrap>", line 935, in _load_unlocked
  File "<frozen importlib._bootstrap_external>", line 999, in exec_module
  File "<frozen importlib._bootstrap>", line 488, in _call_with_frames_removed
  File "C:\Users\Vignesh.Selvaraju\AppData\Local\Programs\Python\Python312\Lib\site-packages\transformers\models\ernie4_5_vl_moe\image_processing_ernie4_5_vl_moe.py", line 24, in <module>
    from torchvision.transforms.v2 import functional as tvF
ModuleNotFoundError: No module named 'torchvision'
2026-10-01 16:26:21.364 Examining the path of transformers.models.flava.image_processing_flava_fast raised:
Traceback (most recent call last):
  File "C:\Users\Vignesh.Selvaraju\AppData\Local\Programs\Python\Python312\Lib\site-packages\streamlit\watcher\local_sources_watcher.py", line 330, in get_module_paths
    potential_paths = extract_paths(module)
                      ^^^^^^^^^^^^^^^^^^^^^
  File "C:\Users\Vignesh.Selvaraju\AppData\Local\Programs\Python\Python312\Lib\site-packages\streamlit\watcher\local_sources_watcher.py", line 317, in <lambda>
    if hasattr(m, "__path__")
       ^^^^^^^^^^^^^^^^^^^^^^
  File "C:\Users\Vignesh.Selvaraju\AppData\Local\Programs\Python\Python312\Lib\site-packages\transformers\__init__.py", line 862, in _getattr
    return getattr(importlib.import_module(target, __name__), name)
                   ^^^^^^^^^^^^^^^^^^^^^^^^^^^^^^^^^^^^^^^^^
  File "C:\Users\Vignesh.Selvaraju\AppData\Local\Programs\Python\Python312\Lib\importlib\__init__.py", line 90, in import_module
    return _bootstrap._gcd_import(name[level:], package, level)
           ^^^^^^^^^^^^^^^^^^^^^^^^^^^^^^^^^^^^^^^^^^^^^^^^^^^^
  File "<frozen importlib._bootstrap>", line 1387, in _gcd_import
  File "<frozen importlib._bootstrap>", line 1360, in _find_and_load
  File "<frozen importlib._bootstrap>", line 1331, in _find_and_load_unlocked
  File "<frozen importlib._bootstrap>", line 935, in _load_unlocked
  File "<frozen importlib._bootstrap_external>", line 999, in exec_module
  File "<frozen importlib._bootstrap>", line 488, in _call_with_frames_removed
  File "C:\Users\Vignesh.Selvaraju\AppData\Local\Programs\Python\Python312\Lib\site-packages\transformers\models\flava\image_processing_flava.py", line 23, in <module>
    from torchvision.transforms.v2 import functional as tvF
ModuleNotFoundError: No module named 'torchvision'
2026-10-01 16:26:21.374 Examining the path of transformers.models.fuyu.image_processing_fuyu_fast raised:
Traceback (most recent call last):
  File "C:\Users\Vignesh.Selvaraju\AppData\Local\Programs\Python\Python312\Lib\site-packages\streamlit\watcher\local_sources_watcher.py", line 330, in get_module_paths
    potential_paths = extract_paths(module)
                      ^^^^^^^^^^^^^^^^^^^^^
  File "C:\Users\Vignesh.Selvaraju\AppData\Local\Programs\Python\Python312\Lib\site-packages\streamlit\watcher\local_sources_watcher.py", line 317, in <lambda>
    if hasattr(m, "__path__")
       ^^^^^^^^^^^^^^^^^^^^^^
  File "C:\Users\Vignesh.Selvaraju\AppData\Local\Programs\Python\Python312\Lib\site-packages\transformers\__init__.py", line 862, in _getattr
    return getattr(importlib.import_module(target, __name__), name)
                   ^^^^^^^^^^^^^^^^^^^^^^^^^^^^^^^^^^^^^^^^^
  File "C:\Users\Vignesh.Selvaraju\AppData\Local\Programs\Python\Python312\Lib\importlib\__init__.py", line 90, in import_module
    return _bootstrap._gcd_import(name[level:], package, level)
           ^^^^^^^^^^^^^^^^^^^^^^^^^^^^^^^^^^^^^^^^^^^^^^^^^^^^
  File "<frozen importlib._bootstrap>", line 1387, in _gcd_import
  File "<frozen importlib._bootstrap>", line 1360, in _find_and_load
  File "<frozen importlib._bootstrap>", line 1331, in _find_and_load_unlocked
  File "<frozen importlib._bootstrap>", line 935, in _load_unlocked
  File "<frozen importlib._bootstrap_external>", line 999, in exec_module
  File "<frozen importlib._bootstrap>", line 488, in _call_with_frames_removed
  File "C:\Users\Vignesh.Selvaraju\AppData\Local\Programs\Python\Python312\Lib\site-packages\transformers\models\fuyu\image_processing_fuyu.py", line 19, in <module>
    from torchvision.transforms.v2 import functional as tvF
ModuleNotFoundError: No module named 'torchvision'
2026-10-01 16:26:21.380 Examining the path of transformers.models.gemma3.image_processing_gemma3_fast raised:
Traceback (most recent call last):
  File "C:\Users\Vignesh.Selvaraju\AppData\Local\Programs\Python\Python312\Lib\site-packages\streamlit\watcher\local_sources_watcher.py", line 330, in get_module_paths
    potential_paths = extract_paths(module)
                      ^^^^^^^^^^^^^^^^^^^^^
  File "C:\Users\Vignesh.Selvaraju\AppData\Local\Programs\Python\Python312\Lib\site-packages\streamlit\watcher\local_sources_watcher.py", line 317, in <lambda>
    if hasattr(m, "__path__")
       ^^^^^^^^^^^^^^^^^^^^^^
  File "C:\Users\Vignesh.Selvaraju\AppData\Local\Programs\Python\Python312\Lib\site-packages\transformers\__init__.py", line 862, in _getattr
    return getattr(importlib.import_module(target, __name__), name)
                   ^^^^^^^^^^^^^^^^^^^^^^^^^^^^^^^^^^^^^^^^^
  File "C:\Users\Vignesh.Selvaraju\AppData\Local\Programs\Python\Python312\Lib\importlib\__init__.py", line 90, in import_module
    return _bootstrap._gcd_import(name[level:], package, level)
           ^^^^^^^^^^^^^^^^^^^^^^^^^^^^^^^^^^^^^^^^^^^^^^^^^^^^
  File "<frozen importlib._bootstrap>", line 1387, in _gcd_import
  File "<frozen importlib._bootstrap>", line 1360, in _find_and_load
  File "<frozen importlib._bootstrap>", line 1331, in _find_and_load_unlocked
  File "<frozen importlib._bootstrap>", line 935, in _load_unlocked
  File "<frozen importlib._bootstrap_external>", line 999, in exec_module
  File "<frozen importlib._bootstrap>", line 488, in _call_with_frames_removed
  File "C:\Users\Vignesh.Selvaraju\AppData\Local\Programs\Python\Python312\Lib\site-packages\transformers\models\gemma3\image_processing_gemma3.py", line 20, in <module>
    from torchvision.transforms.v2 import functional as tvF
ModuleNotFoundError: No module named 'torchvision'
2026-10-01 16:26:21.385 Examining the path of transformers.models.gemma4.image_processing_gemma4_fast raised:
Traceback (most recent call last):
  File "C:\Users\Vignesh.Selvaraju\AppData\Local\Programs\Python\Python312\Lib\site-packages\streamlit\watcher\local_sources_watcher.py", line 330, in get_module_paths
    potential_paths = extract_paths(module)
                      ^^^^^^^^^^^^^^^^^^^^^
  File "C:\Users\Vignesh.Selvaraju\AppData\Local\Programs\Python\Python312\Lib\site-packages\streamlit\watcher\local_sources_watcher.py", line 317, in <lambda>
    if hasattr(m, "__path__")
       ^^^^^^^^^^^^^^^^^^^^^^
  File "C:\Users\Vignesh.Selvaraju\AppData\Local\Programs\Python\Python312\Lib\site-packages\transformers\__init__.py", line 862, in _getattr
    return getattr(importlib.import_module(target, __name__), name)
                   ^^^^^^^^^^^^^^^^^^^^^^^^^^^^^^^^^^^^^^^^^
  File "C:\Users\Vignesh.Selvaraju\AppData\Local\Programs\Python\Python312\Lib\importlib\__init__.py", line 90, in import_module
    return _bootstrap._gcd_import(name[level:], package, level)
           ^^^^^^^^^^^^^^^^^^^^^^^^^^^^^^^^^^^^^^^^^^^^^^^^^^^^
  File "<frozen importlib._bootstrap>", line 1387, in _gcd_import
  File "<frozen importlib._bootstrap>", line 1360, in _find_and_load
  File "<frozen importlib._bootstrap>", line 1331, in _find_and_load_unlocked
  File "<frozen importlib._bootstrap>", line 935, in _load_unlocked
  File "<frozen importlib._bootstrap_external>", line 999, in exec_module
  File "<frozen importlib._bootstrap>", line 488, in _call_with_frames_removed
  File "C:\Users\Vignesh.Selvaraju\AppData\Local\Programs\Python\Python312\Lib\site-packages\transformers\models\gemma4\image_processing_gemma4.py", line 17, in <module>
    from torchvision.transforms.v2 import functional as tvF
ModuleNotFoundError: No module named 'torchvision'
2026-10-01 16:26:21.388 Examining the path of transformers.models.gemma4_unified.image_processing_gemma4_unified_fast raised:
Traceback (most recent call last):
  File "C:\Users\Vignesh.Selvaraju\AppData\Local\Programs\Python\Python312\Lib\site-packages\streamlit\watcher\local_sources_watcher.py", line 330, in get_module_paths
    potential_paths = extract_paths(module)
                      ^^^^^^^^^^^^^^^^^^^^^
  File "C:\Users\Vignesh.Selvaraju\AppData\Local\Programs\Python\Python312\Lib\site-packages\streamlit\watcher\local_sources_watcher.py", line 317, in <lambda>
    if hasattr(m, "__path__")
       ^^^^^^^^^^^^^^^^^^^^^^
  File "C:\Users\Vignesh.Selvaraju\AppData\Local\Programs\Python\Python312\Lib\site-packages\transformers\__init__.py", line 862, in _getattr
    return getattr(importlib.import_module(target, __name__), name)
                   ^^^^^^^^^^^^^^^^^^^^^^^^^^^^^^^^^^^^^^^^^
  File "C:\Users\Vignesh.Selvaraju\AppData\Local\Programs\Python\Python312\Lib\importlib\__init__.py", line 90, in import_module
    return _bootstrap._gcd_import(name[level:], package, level)
           ^^^^^^^^^^^^^^^^^^^^^^^^^^^^^^^^^^^^^^^^^^^^^^^^^^^^
  File "<frozen importlib._bootstrap>", line 1387, in _gcd_import
  File "<frozen importlib._bootstrap>", line 1360, in _find_and_load
  File "<frozen importlib._bootstrap>", line 1331, in _find_and_load_unlocked
  File "<frozen importlib._bootstrap>", line 935, in _load_unlocked
  File "<frozen importlib._bootstrap_external>", line 999, in exec_module
  File "<frozen importlib._bootstrap>", line 488, in _call_with_frames_removed
  File "C:\Users\Vignesh.Selvaraju\AppData\Local\Programs\Python\Python312\Lib\site-packages\transformers\models\gemma4_unified\image_processing_gemma4_unified.py", line 23, in <module>
    from torchvision.transforms.v2 import functional as tvF
ModuleNotFoundError: No module named 'torchvision'
2026-10-01 16:26:21.392 Examining the path of transformers.models.glm46v.image_processing_glm46v_fast raised:
Traceback (most recent call last):
  File "C:\Users\Vignesh.Selvaraju\AppData\Local\Programs\Python\Python312\Lib\site-packages\streamlit\watcher\local_sources_watcher.py", line 330, in get_module_paths
    potential_paths = extract_paths(module)
                      ^^^^^^^^^^^^^^^^^^^^^
  File "C:\Users\Vignesh.Selvaraju\AppData\Local\Programs\Python\Python312\Lib\site-packages\streamlit\watcher\local_sources_watcher.py", line 317, in <lambda>
    if hasattr(m, "__path__")
       ^^^^^^^^^^^^^^^^^^^^^^
  File "C:\Users\Vignesh.Selvaraju\AppData\Local\Programs\Python\Python312\Lib\site-packages\transformers\__init__.py", line 862, in _getattr
    return getattr(importlib.import_module(target, __name__), name)
                   ^^^^^^^^^^^^^^^^^^^^^^^^^^^^^^^^^^^^^^^^^
  File "C:\Users\Vignesh.Selvaraju\AppData\Local\Programs\Python\Python312\Lib\importlib\__init__.py", line 90, in import_module
    return _bootstrap._gcd_import(name[level:], package, level)
           ^^^^^^^^^^^^^^^^^^^^^^^^^^^^^^^^^^^^^^^^^^^^^^^^^^^^
  File "<frozen importlib._bootstrap>", line 1387, in _gcd_import
  File "<frozen importlib._bootstrap>", line 1360, in _find_and_load
  File "<frozen importlib._bootstrap>", line 1331, in _find_and_load_unlocked
  File "<frozen importlib._bootstrap>", line 935, in _load_unlocked
  File "<frozen importlib._bootstrap_external>", line 999, in exec_module
  File "<frozen importlib._bootstrap>", line 488, in _call_with_frames_removed
  File "C:\Users\Vignesh.Selvaraju\AppData\Local\Programs\Python\Python312\Lib\site-packages\transformers\models\glm46v\image_processing_glm46v.py", line 25, in <module>
    from torchvision.transforms.v2 import functional as tvF
ModuleNotFoundError: No module named 'torchvision'
2026-10-01 16:26:21.396 Examining the path of transformers.models.glm4v.image_processing_glm4v_fast raised:
Traceback (most recent call last):
  File "C:\Users\Vignesh.Selvaraju\AppData\Local\Programs\Python\Python312\Lib\site-packages\streamlit\watcher\local_sources_watcher.py", line 330, in get_module_paths
    potential_paths = extract_paths(module)
                      ^^^^^^^^^^^^^^^^^^^^^
  File "C:\Users\Vignesh.Selvaraju\AppData\Local\Programs\Python\Python312\Lib\site-packages\streamlit\watcher\local_sources_watcher.py", line 317, in <lambda>
    if hasattr(m, "__path__")
       ^^^^^^^^^^^^^^^^^^^^^^
  File "C:\Users\Vignesh.Selvaraju\AppData\Local\Programs\Python\Python312\Lib\site-packages\transformers\__init__.py", line 862, in _getattr
    return getattr(importlib.import_module(target, __name__), name)
                   ^^^^^^^^^^^^^^^^^^^^^^^^^^^^^^^^^^^^^^^^^
  File "C:\Users\Vignesh.Selvaraju\AppData\Local\Programs\Python\Python312\Lib\importlib\__init__.py", line 90, in import_module
    return _bootstrap._gcd_import(name[level:], package, level)
           ^^^^^^^^^^^^^^^^^^^^^^^^^^^^^^^^^^^^^^^^^^^^^^^^^^^^
  File "<frozen importlib._bootstrap>", line 1387, in _gcd_import
  File "<frozen importlib._bootstrap>", line 1360, in _find_and_load
  File "<frozen importlib._bootstrap>", line 1331, in _find_and_load_unlocked
  File "<frozen importlib._bootstrap>", line 935, in _load_unlocked
  File "<frozen importlib._bootstrap_external>", line 999, in exec_module
  File "<frozen importlib._bootstrap>", line 488, in _call_with_frames_removed
  File "C:\Users\Vignesh.Selvaraju\AppData\Local\Programs\Python\Python312\Lib\site-packages\transformers\models\glm4v\image_processing_glm4v.py", line 19, in <module>
    from torchvision.transforms.v2 import functional as tvF
ModuleNotFoundError: No module named 'torchvision'
2026-10-01 16:26:21.400 Examining the path of transformers.models.glm_image.image_processing_glm_image_fast raised:
Traceback (most recent call last):
  File "C:\Users\Vignesh.Selvaraju\AppData\Local\Programs\Python\Python312\Lib\site-packages\streamlit\watcher\local_sources_watcher.py", line 330, in get_module_paths
    potential_paths = extract_paths(module)
                      ^^^^^^^^^^^^^^^^^^^^^
  File "C:\Users\Vignesh.Selvaraju\AppData\Local\Programs\Python\Python312\Lib\site-packages\streamlit\watcher\local_sources_watcher.py", line 317, in <lambda>
    if hasattr(m, "__path__")
       ^^^^^^^^^^^^^^^^^^^^^^
  File "C:\Users\Vignesh.Selvaraju\AppData\Local\Programs\Python\Python312\Lib\site-packages\transformers\__init__.py", line 862, in _getattr
    return getattr(importlib.import_module(target, __name__), name)
                   ^^^^^^^^^^^^^^^^^^^^^^^^^^^^^^^^^^^^^^^^^
  File "C:\Users\Vignesh.Selvaraju\AppData\Local\Programs\Python\Python312\Lib\importlib\__init__.py", line 90, in import_module
    return _bootstrap._gcd_import(name[level:], package, level)
           ^^^^^^^^^^^^^^^^^^^^^^^^^^^^^^^^^^^^^^^^^^^^^^^^^^^^
  File "<frozen importlib._bootstrap>", line 1387, in _gcd_import
  File "<frozen importlib._bootstrap>", line 1360, in _find_and_load
  File "<frozen importlib._bootstrap>", line 1331, in _find_and_load_unlocked
  File "<frozen importlib._bootstrap>", line 935, in _load_unlocked
  File "<frozen importlib._bootstrap_external>", line 999, in exec_module
  File "<frozen importlib._bootstrap>", line 488, in _call_with_frames_removed
  File "C:\Users\Vignesh.Selvaraju\AppData\Local\Programs\Python\Python312\Lib\site-packages\transformers\models\glm_image\image_processing_glm_image.py", line 25, in <module>
    from torchvision.transforms.v2 import functional as tvF
ModuleNotFoundError: No module named 'torchvision'
2026-10-01 16:26:21.402 Examining the path of transformers.models.glmga.image_processing_glmga_fast raised:
Traceback (most recent call last):
  File "C:\Users\Vignesh.Selvaraju\AppData\Local\Programs\Python\Python312\Lib\site-packages\streamlit\watcher\local_sources_watcher.py", line 330, in get_module_paths
    potential_paths = extract_paths(module)
                      ^^^^^^^^^^^^^^^^^^^^^
  File "C:\Users\Vignesh.Selvaraju\AppData\Local\Programs\Python\Python312\Lib\site-packages\streamlit\watcher\local_sources_watcher.py", line 317, in <lambda>
    if hasattr(m, "__path__")
       ^^^^^^^^^^^^^^^^^^^^^^
  File "C:\Users\Vignesh.Selvaraju\AppData\Local\Programs\Python\Python312\Lib\site-packages\transformers\__init__.py", line 862, in _getattr
    return getattr(importlib.import_module(target, __name__), name)
                   ^^^^^^^^^^^^^^^^^^^^^^^^^^^^^^^^^^^^^^^^^
  File "C:\Users\Vignesh.Selvaraju\AppData\Local\Programs\Python\Python312\Lib\importlib\__init__.py", line 90, in import_module
    return _bootstrap._gcd_import(name[level:], package, level)
           ^^^^^^^^^^^^^^^^^^^^^^^^^^^^^^^^^^^^^^^^^^^^^^^^^^^^
  File "<frozen importlib._bootstrap>", line 1387, in _gcd_import
  File "<frozen importlib._bootstrap>", line 1360, in _find_and_load
  File "<frozen importlib._bootstrap>", line 1331, in _find_and_load_unlocked
  File "<frozen importlib._bootstrap>", line 935, in _load_unlocked
  File "<frozen importlib._bootstrap_external>", line 999, in exec_module
  File "<frozen importlib._bootstrap>", line 488, in _call_with_frames_removed
  File "C:\Users\Vignesh.Selvaraju\AppData\Local\Programs\Python\Python312\Lib\site-packages\transformers\models\glmga\image_processing_glmga.py", line 24, in <module>
    from torchvision.transforms.v2 import functional as tvF
ModuleNotFoundError: No module named 'torchvision'
2026-10-01 16:26:21.405 Examining the path of transformers.models.glpn.image_processing_glpn_fast raised:
Traceback (most recent call last):
  File "C:\Users\Vignesh.Selvaraju\AppData\Local\Programs\Python\Python312\Lib\site-packages\streamlit\watcher\local_sources_watcher.py", line 330, in get_module_paths
    potential_paths = extract_paths(module)
                      ^^^^^^^^^^^^^^^^^^^^^
  File "C:\Users\Vignesh.Selvaraju\AppData\Local\Programs\Python\Python312\Lib\site-packages\streamlit\watcher\local_sources_watcher.py", line 317, in <lambda>
    if hasattr(m, "__path__")
       ^^^^^^^^^^^^^^^^^^^^^^
  File "C:\Users\Vignesh.Selvaraju\AppData\Local\Programs\Python\Python312\Lib\site-packages\transformers\__init__.py", line 862, in _getattr
    return getattr(importlib.import_module(target, __name__), name)
                   ^^^^^^^^^^^^^^^^^^^^^^^^^^^^^^^^^^^^^^^^^
  File "C:\Users\Vignesh.Selvaraju\AppData\Local\Programs\Python\Python312\Lib\importlib\__init__.py", line 90, in import_module
    return _bootstrap._gcd_import(name[level:], package, level)
           ^^^^^^^^^^^^^^^^^^^^^^^^^^^^^^^^^^^^^^^^^^^^^^^^^^^^
  File "<frozen importlib._bootstrap>", line 1387, in _gcd_import
  File "<frozen importlib._bootstrap>", line 1360, in _find_and_load
  File "<frozen importlib._bootstrap>", line 1331, in _find_and_load_unlocked
  File "<frozen importlib._bootstrap>", line 935, in _load_unlocked
  File "<frozen importlib._bootstrap_external>", line 999, in exec_module
  File "<frozen importlib._bootstrap>", line 488, in _call_with_frames_removed
  File "C:\Users\Vignesh.Selvaraju\AppData\Local\Programs\Python\Python312\Lib\site-packages\transformers\models\glpn\image_processing_glpn.py", line 34, in <module>
    from torchvision.transforms.v2 import functional as tvF
ModuleNotFoundError: No module named 'torchvision'
2026-10-01 16:26:21.407 Examining the path of transformers.models.got_ocr2.image_processing_got_ocr2_fast raised:
Traceback (most recent call last):
  File "C:\Users\Vignesh.Selvaraju\AppData\Local\Programs\Python\Python312\Lib\site-packages\streamlit\watcher\local_sources_watcher.py", line 330, in get_module_paths
    potential_paths = extract_paths(module)
                      ^^^^^^^^^^^^^^^^^^^^^
  File "C:\Users\Vignesh.Selvaraju\AppData\Local\Programs\Python\Python312\Lib\site-packages\streamlit\watcher\local_sources_watcher.py", line 317, in <lambda>
    if hasattr(m, "__path__")
       ^^^^^^^^^^^^^^^^^^^^^^
  File "C:\Users\Vignesh.Selvaraju\AppData\Local\Programs\Python\Python312\Lib\site-packages\transformers\__init__.py", line 862, in _getattr
    return getattr(importlib.import_module(target, __name__), name)
                   ^^^^^^^^^^^^^^^^^^^^^^^^^^^^^^^^^^^^^^^^^
  File "C:\Users\Vignesh.Selvaraju\AppData\Local\Programs\Python\Python312\Lib\importlib\__init__.py", line 90, in import_module
    return _bootstrap._gcd_import(name[level:], package, level)
           ^^^^^^^^^^^^^^^^^^^^^^^^^^^^^^^^^^^^^^^^^^^^^^^^^^^^
  File "<frozen importlib._bootstrap>", line 1387, in _gcd_import
  File "<frozen importlib._bootstrap>", line 1360, in _find_and_load
  File "<frozen importlib._bootstrap>", line 1331, in _find_and_load_unlocked
  File "<frozen importlib._bootstrap>", line 935, in _load_unlocked
  File "<frozen importlib._bootstrap_external>", line 999, in exec_module
  File "<frozen importlib._bootstrap>", line 488, in _call_with_frames_removed
  File "C:\Users\Vignesh.Selvaraju\AppData\Local\Programs\Python\Python312\Lib\site-packages\transformers\models\got_ocr2\image_processing_got_ocr2.py", line 19, in <module>
    from torchvision.transforms.v2 import functional as tvF
ModuleNotFoundError: No module named 'torchvision'
2026-10-01 16:26:21.410 Examining the path of transformers.models.grounding_dino.image_processing_grounding_dino_fast raised:
Traceback (most recent call last):
  File "C:\Users\Vignesh.Selvaraju\AppData\Local\Programs\Python\Python312\Lib\site-packages\streamlit\watcher\local_sources_watcher.py", line 330, in get_module_paths
    potential_paths = extract_paths(module)
                      ^^^^^^^^^^^^^^^^^^^^^
  File "C:\Users\Vignesh.Selvaraju\AppData\Local\Programs\Python\Python312\Lib\site-packages\streamlit\watcher\local_sources_watcher.py", line 317, in <lambda>
    if hasattr(m, "__path__")
       ^^^^^^^^^^^^^^^^^^^^^^
  File "C:\Users\Vignesh.Selvaraju\AppData\Local\Programs\Python\Python312\Lib\site-packages\transformers\__init__.py", line 862, in _getattr
    return getattr(importlib.import_module(target, __name__), name)
                   ^^^^^^^^^^^^^^^^^^^^^^^^^^^^^^^^^^^^^^^^^
  File "C:\Users\Vignesh.Selvaraju\AppData\Local\Programs\Python\Python312\Lib\importlib\__init__.py", line 90, in import_module
    return _bootstrap._gcd_import(name[level:], package, level)
           ^^^^^^^^^^^^^^^^^^^^^^^^^^^^^^^^^^^^^^^^^^^^^^^^^^^^
  File "<frozen importlib._bootstrap>", line 1387, in _gcd_import
  File "<frozen importlib._bootstrap>", line 1360, in _find_and_load
  File "<frozen importlib._bootstrap>", line 1331, in _find_and_load_unlocked
  File "<frozen importlib._bootstrap>", line 935, in _load_unlocked
  File "<frozen importlib._bootstrap_external>", line 999, in exec_module
  File "<frozen importlib._bootstrap>", line 488, in _call_with_frames_removed
  File "C:\Users\Vignesh.Selvaraju\AppData\Local\Programs\Python\Python312\Lib\site-packages\transformers\models\grounding_dino\image_processing_grounding_dino.py", line 30, in <module>
    from torchvision.io import read_image
ModuleNotFoundError: No module named 'torchvision'
2026-10-01 16:26:21.414 Examining the path of transformers.models.hunyuan_vl.image_processing_hunyuan_vl_fast raised:
Traceback (most recent call last):
  File "C:\Users\Vignesh.Selvaraju\AppData\Local\Programs\Python\Python312\Lib\site-packages\streamlit\watcher\local_sources_watcher.py", line 330, in get_module_paths
    potential_paths = extract_paths(module)
                      ^^^^^^^^^^^^^^^^^^^^^
  File "C:\Users\Vignesh.Selvaraju\AppData\Local\Programs\Python\Python312\Lib\site-packages\streamlit\watcher\local_sources_watcher.py", line 317, in <lambda>
    if hasattr(m, "__path__")
       ^^^^^^^^^^^^^^^^^^^^^^
  File "C:\Users\Vignesh.Selvaraju\AppData\Local\Programs\Python\Python312\Lib\site-packages\transformers\__init__.py", line 862, in _getattr
    return getattr(importlib.import_module(target, __name__), name)
                   ^^^^^^^^^^^^^^^^^^^^^^^^^^^^^^^^^^^^^^^^^
  File "C:\Users\Vignesh.Selvaraju\AppData\Local\Programs\Python\Python312\Lib\importlib\__init__.py", line 90, in import_module
    return _bootstrap._gcd_import(name[level:], package, level)
           ^^^^^^^^^^^^^^^^^^^^^^^^^^^^^^^^^^^^^^^^^^^^^^^^^^^^
  File "<frozen importlib._bootstrap>", line 1387, in _gcd_import
  File "<frozen importlib._bootstrap>", line 1360, in _find_and_load
  File "<frozen importlib._bootstrap>", line 1331, in _find_and_load_unlocked
  File "<frozen importlib._bootstrap>", line 935, in _load_unlocked
  File "<frozen importlib._bootstrap_external>", line 999, in exec_module
  File "<frozen importlib._bootstrap>", line 488, in _call_with_frames_removed
  File "C:\Users\Vignesh.Selvaraju\AppData\Local\Programs\Python\Python312\Lib\site-packages\transformers\models\hunyuan_vl\image_processing_hunyuan_vl.py", line 25, in <module>
    from torchvision.transforms.v2 import functional as tvF
ModuleNotFoundError: No module named 'torchvision'
2026-10-01 16:26:21.416 Examining the path of transformers.models.idefics2.image_processing_idefics2_fast raised:
Traceback (most recent call last):
  File "C:\Users\Vignesh.Selvaraju\AppData\Local\Programs\Python\Python312\Lib\site-packages\streamlit\watcher\local_sources_watcher.py", line 330, in get_module_paths
    potential_paths = extract_paths(module)
                      ^^^^^^^^^^^^^^^^^^^^^
  File "C:\Users\Vignesh.Selvaraju\AppData\Local\Programs\Python\Python312\Lib\site-packages\streamlit\watcher\local_sources_watcher.py", line 317, in <lambda>
    if hasattr(m, "__path__")
       ^^^^^^^^^^^^^^^^^^^^^^
  File "C:\Users\Vignesh.Selvaraju\AppData\Local\Programs\Python\Python312\Lib\site-packages\transformers\__init__.py", line 862, in _getattr
    return getattr(importlib.import_module(target, __name__), name)
                   ^^^^^^^^^^^^^^^^^^^^^^^^^^^^^^^^^^^^^^^^^
  File "C:\Users\Vignesh.Selvaraju\AppData\Local\Programs\Python\Python312\Lib\importlib\__init__.py", line 90, in import_module
    return _bootstrap._gcd_import(name[level:], package, level)
           ^^^^^^^^^^^^^^^^^^^^^^^^^^^^^^^^^^^^^^^^^^^^^^^^^^^^
  File "<frozen importlib._bootstrap>", line 1387, in _gcd_import
  File "<frozen importlib._bootstrap>", line 1360, in _find_and_load
  File "<frozen importlib._bootstrap>", line 1331, in _find_and_load_unlocked
  File "<frozen importlib._bootstrap>", line 935, in _load_unlocked
  File "<frozen importlib._bootstrap_external>", line 999, in exec_module
  File "<frozen importlib._bootstrap>", line 488, in _call_with_frames_removed
  File "C:\Users\Vignesh.Selvaraju\AppData\Local\Programs\Python\Python312\Lib\site-packages\transformers\models\idefics2\image_processing_idefics2.py", line 37, in <module>
    from torchvision.transforms.v2 import functional as tvF
ModuleNotFoundError: No module named 'torchvision'
2026-10-01 16:26:21.419 Examining the path of transformers.models.idefics3.image_processing_idefics3_fast raised:
Traceback (most recent call last):
  File "C:\Users\Vignesh.Selvaraju\AppData\Local\Programs\Python\Python312\Lib\site-packages\streamlit\watcher\local_sources_watcher.py", line 330, in get_module_paths
    potential_paths = extract_paths(module)
                      ^^^^^^^^^^^^^^^^^^^^^
  File "C:\Users\Vignesh.Selvaraju\AppData\Local\Programs\Python\Python312\Lib\site-packages\streamlit\watcher\local_sources_watcher.py", line 317, in <lambda>
    if hasattr(m, "__path__")
       ^^^^^^^^^^^^^^^^^^^^^^
  File "C:\Users\Vignesh.Selvaraju\AppData\Local\Programs\Python\Python312\Lib\site-packages\transformers\__init__.py", line 862, in _getattr
    return getattr(importlib.import_module(target, __name__), name)
                   ^^^^^^^^^^^^^^^^^^^^^^^^^^^^^^^^^^^^^^^^^
  File "C:\Users\Vignesh.Selvaraju\AppData\Local\Programs\Python\Python312\Lib\importlib\__init__.py", line 90, in import_module
    return _bootstrap._gcd_import(name[level:], package, level)
           ^^^^^^^^^^^^^^^^^^^^^^^^^^^^^^^^^^^^^^^^^^^^^^^^^^^^
  File "<frozen importlib._bootstrap>", line 1387, in _gcd_import
  File "<frozen importlib._bootstrap>", line 1360, in _find_and_load
  File "<frozen importlib._bootstrap>", line 1331, in _find_and_load_unlocked
  File "<frozen importlib._bootstrap>", line 935, in _load_unlocked
  File "<frozen importlib._bootstrap_external>", line 999, in exec_module
  File "<frozen importlib._bootstrap>", line 488, in _call_with_frames_removed
  File "C:\Users\Vignesh.Selvaraju\AppData\Local\Programs\Python\Python312\Lib\site-packages\transformers\models\idefics3\image_processing_idefics3.py", line 20, in <module>
    from torchvision.transforms.v2 import functional as tvF
ModuleNotFoundError: No module named 'torchvision'
2026-10-01 16:26:21.421 Examining the path of transformers.models.imagegpt.image_processing_imagegpt_fast raised:
Traceback (most recent call last):
  File "C:\Users\Vignesh.Selvaraju\AppData\Local\Programs\Python\Python312\Lib\site-packages\streamlit\watcher\local_sources_watcher.py", line 330, in get_module_paths
    potential_paths = extract_paths(module)
                      ^^^^^^^^^^^^^^^^^^^^^
  File "C:\Users\Vignesh.Selvaraju\AppData\Local\Programs\Python\Python312\Lib\site-packages\streamlit\watcher\local_sources_watcher.py", line 317, in <lambda>
    if hasattr(m, "__path__")
       ^^^^^^^^^^^^^^^^^^^^^^
  File "C:\Users\Vignesh.Selvaraju\AppData\Local\Programs\Python\Python312\Lib\site-packages\transformers\__init__.py", line 862, in _getattr
    return getattr(importlib.import_module(target, __name__), name)
                   ^^^^^^^^^^^^^^^^^^^^^^^^^^^^^^^^^^^^^^^^^
  File "C:\Users\Vignesh.Selvaraju\AppData\Local\Programs\Python\Python312\Lib\importlib\__init__.py", line 90, in import_module
    return _bootstrap._gcd_import(name[level:], package, level)
           ^^^^^^^^^^^^^^^^^^^^^^^^^^^^^^^^^^^^^^^^^^^^^^^^^^^^
  File "<frozen importlib._bootstrap>", line 1387, in _gcd_import
  File "<frozen importlib._bootstrap>", line 1360, in _find_and_load
  File "<frozen importlib._bootstrap>", line 1331, in _find_and_load_unlocked
  File "<frozen importlib._bootstrap>", line 935, in _load_unlocked
  File "<frozen importlib._bootstrap_external>", line 999, in exec_module
  File "<frozen importlib._bootstrap>", line 488, in _call_with_frames_removed
  File "C:\Users\Vignesh.Selvaraju\AppData\Local\Programs\Python\Python312\Lib\site-packages\transformers\models\imagegpt\image_processing_imagegpt.py", line 20, in <module>
    from torchvision.transforms.v2 import functional as tvF
ModuleNotFoundError: No module named 'torchvision'
2026-10-01 16:26:21.424 Examining the path of transformers.models.inkling.image_processing_inkling_fast raised:
Traceback (most recent call last):
  File "C:\Users\Vignesh.Selvaraju\AppData\Local\Programs\Python\Python312\Lib\site-packages\streamlit\watcher\local_sources_watcher.py", line 330, in get_module_paths
    potential_paths = extract_paths(module)
                      ^^^^^^^^^^^^^^^^^^^^^
  File "C:\Users\Vignesh.Selvaraju\AppData\Local\Programs\Python\Python312\Lib\site-packages\streamlit\watcher\local_sources_watcher.py", line 317, in <lambda>
    if hasattr(m, "__path__")
       ^^^^^^^^^^^^^^^^^^^^^^
  File "C:\Users\Vignesh.Selvaraju\AppData\Local\Programs\Python\Python312\Lib\site-packages\transformers\__init__.py", line 862, in _getattr
    return getattr(importlib.import_module(target, __name__), name)
                   ^^^^^^^^^^^^^^^^^^^^^^^^^^^^^^^^^^^^^^^^^
  File "C:\Users\Vignesh.Selvaraju\AppData\Local\Programs\Python\Python312\Lib\importlib\__init__.py", line 90, in import_module
    return _bootstrap._gcd_import(name[level:], package, level)
           ^^^^^^^^^^^^^^^^^^^^^^^^^^^^^^^^^^^^^^^^^^^^^^^^^^^^
  File "<frozen importlib._bootstrap>", line 1387, in _gcd_import
  File "<frozen importlib._bootstrap>", line 1360, in _find_and_load
  File "<frozen importlib._bootstrap>", line 1331, in _find_and_load_unlocked
  File "<frozen importlib._bootstrap>", line 935, in _load_unlocked
  File "<frozen importlib._bootstrap_external>", line 999, in exec_module
  File "<frozen importlib._bootstrap>", line 488, in _call_with_frames_removed
  File "C:\Users\Vignesh.Selvaraju\AppData\Local\Programs\Python\Python312\Lib\site-packages\transformers\models\inkling\image_processing_inkling.py", line 19, in <module>
    from torchvision.transforms.v2 import functional as tvF
ModuleNotFoundError: No module named 'torchvision'
2026-10-01 16:26:21.427 Examining the path of transformers.models.janus.image_processing_janus_fast raised:
Traceback (most recent call last):
  File "C:\Users\Vignesh.Selvaraju\AppData\Local\Programs\Python\Python312\Lib\site-packages\streamlit\watcher\local_sources_watcher.py", line 330, in get_module_paths
    potential_paths = extract_paths(module)
                      ^^^^^^^^^^^^^^^^^^^^^
  File "C:\Users\Vignesh.Selvaraju\AppData\Local\Programs\Python\Python312\Lib\site-packages\streamlit\watcher\local_sources_watcher.py", line 317, in <lambda>
    if hasattr(m, "__path__")
       ^^^^^^^^^^^^^^^^^^^^^^
  File "C:\Users\Vignesh.Selvaraju\AppData\Local\Programs\Python\Python312\Lib\site-packages\transformers\__init__.py", line 862, in _getattr
    return getattr(importlib.import_module(target, __name__), name)
                   ^^^^^^^^^^^^^^^^^^^^^^^^^^^^^^^^^^^^^^^^^
  File "C:\Users\Vignesh.Selvaraju\AppData\Local\Programs\Python\Python312\Lib\importlib\__init__.py", line 90, in import_module
    return _bootstrap._gcd_import(name[level:], package, level)
           ^^^^^^^^^^^^^^^^^^^^^^^^^^^^^^^^^^^^^^^^^^^^^^^^^^^^
  File "<frozen importlib._bootstrap>", line 1387, in _gcd_import
  File "<frozen importlib._bootstrap>", line 1360, in _find_and_load
  File "<frozen importlib._bootstrap>", line 1331, in _find_and_load_unlocked
  File "<frozen importlib._bootstrap>", line 935, in _load_unlocked
  File "<frozen importlib._bootstrap_external>", line 999, in exec_module
  File "<frozen importlib._bootstrap>", line 488, in _call_with_frames_removed
  File "C:\Users\Vignesh.Selvaraju\AppData\Local\Programs\Python\Python312\Lib\site-packages\transformers\models\janus\image_processing_janus.py", line 17, in <module>
    import torchvision.transforms.v2.functional as tvF
ModuleNotFoundError: No module named 'torchvision'
2026-10-01 16:26:21.430 Examining the path of transformers.models.kimi_k25.image_processing_kimi_k25_fast raised:
Traceback (most recent call last):
  File "C:\Users\Vignesh.Selvaraju\AppData\Local\Programs\Python\Python312\Lib\site-packages\streamlit\watcher\local_sources_watcher.py", line 330, in get_module_paths
    potential_paths = extract_paths(module)
                      ^^^^^^^^^^^^^^^^^^^^^
  File "C:\Users\Vignesh.Selvaraju\AppData\Local\Programs\Python\Python312\Lib\site-packages\streamlit\watcher\local_sources_watcher.py", line 317, in <lambda>
    if hasattr(m, "__path__")
       ^^^^^^^^^^^^^^^^^^^^^^
  File "C:\Users\Vignesh.Selvaraju\AppData\Local\Programs\Python\Python312\Lib\site-packages\transformers\__init__.py", line 862, in _getattr
    return getattr(importlib.import_module(target, __name__), name)
                   ^^^^^^^^^^^^^^^^^^^^^^^^^^^^^^^^^^^^^^^^^
  File "C:\Users\Vignesh.Selvaraju\AppData\Local\Programs\Python\Python312\Lib\importlib\__init__.py", line 90, in import_module
    return _bootstrap._gcd_import(name[level:], package, level)
           ^^^^^^^^^^^^^^^^^^^^^^^^^^^^^^^^^^^^^^^^^^^^^^^^^^^^
  File "<frozen importlib._bootstrap>", line 1387, in _gcd_import
  File "<frozen importlib._bootstrap>", line 1360, in _find_and_load
  File "<frozen importlib._bootstrap>", line 1331, in _find_and_load_unlocked
  File "<frozen importlib._bootstrap>", line 935, in _load_unlocked
  File "<frozen importlib._bootstrap_external>", line 999, in exec_module
  File "<frozen importlib._bootstrap>", line 488, in _call_with_frames_removed
  File "C:\Users\Vignesh.Selvaraju\AppData\Local\Programs\Python\Python312\Lib\site-packages\transformers\models\kimi_k25\image_processing_kimi_k25.py", line 19, in <module>
    from torchvision.transforms.v2 import functional as tvF
ModuleNotFoundError: No module named 'torchvision'
2026-10-01 16:26:21.434 Examining the path of transformers.models.layoutlmv2.image_processing_layoutlmv2_fast raised:
Traceback (most recent call last):
  File "C:\Users\Vignesh.Selvaraju\AppData\Local\Programs\Python\Python312\Lib\site-packages\streamlit\watcher\local_sources_watcher.py", line 330, in get_module_paths
    potential_paths = extract_paths(module)
                      ^^^^^^^^^^^^^^^^^^^^^
  File "C:\Users\Vignesh.Selvaraju\AppData\Local\Programs\Python\Python312\Lib\site-packages\streamlit\watcher\local_sources_watcher.py", line 317, in <lambda>
    if hasattr(m, "__path__")
       ^^^^^^^^^^^^^^^^^^^^^^
  File "C:\Users\Vignesh.Selvaraju\AppData\Local\Programs\Python\Python312\Lib\site-packages\transformers\__init__.py", line 862, in _getattr
    return getattr(importlib.import_module(target, __name__), name)
                   ^^^^^^^^^^^^^^^^^^^^^^^^^^^^^^^^^^^^^^^^^
  File "C:\Users\Vignesh.Selvaraju\AppData\Local\Programs\Python\Python312\Lib\importlib\__init__.py", line 90, in import_module
    return _bootstrap._gcd_import(name[level:], package, level)
           ^^^^^^^^^^^^^^^^^^^^^^^^^^^^^^^^^^^^^^^^^^^^^^^^^^^^
  File "<frozen importlib._bootstrap>", line 1387, in _gcd_import
  File "<frozen importlib._bootstrap>", line 1360, in _find_and_load
  File "<frozen importlib._bootstrap>", line 1331, in _find_and_load_unlocked
  File "<frozen importlib._bootstrap>", line 935, in _load_unlocked
  File "<frozen importlib._bootstrap_external>", line 999, in exec_module
  File "<frozen importlib._bootstrap>", line 488, in _call_with_frames_removed
  File "C:\Users\Vignesh.Selvaraju\AppData\Local\Programs\Python\Python312\Lib\site-packages\transformers\models\layoutlmv2\image_processing_layoutlmv2.py", line 36, in <module>
    from torchvision.transforms.v2 import functional as tvF
ModuleNotFoundError: No module named 'torchvision'
2026-10-01 16:26:21.436 Examining the path of transformers.models.layoutlmv3.image_processing_layoutlmv3_fast raised:
Traceback (most recent call last):
  File "C:\Users\Vignesh.Selvaraju\AppData\Local\Programs\Python\Python312\Lib\site-packages\streamlit\watcher\local_sources_watcher.py", line 330, in get_module_paths
    potential_paths = extract_paths(module)
                      ^^^^^^^^^^^^^^^^^^^^^
  File "C:\Users\Vignesh.Selvaraju\AppData\Local\Programs\Python\Python312\Lib\site-packages\streamlit\watcher\local_sources_watcher.py", line 317, in <lambda>
    if hasattr(m, "__path__")
       ^^^^^^^^^^^^^^^^^^^^^^
  File "C:\Users\Vignesh.Selvaraju\AppData\Local\Programs\Python\Python312\Lib\site-packages\transformers\__init__.py", line 862, in _getattr
    return getattr(importlib.import_module(target, __name__), name)
                   ^^^^^^^^^^^^^^^^^^^^^^^^^^^^^^^^^^^^^^^^^
  File "C:\Users\Vignesh.Selvaraju\AppData\Local\Programs\Python\Python312\Lib\importlib\__init__.py", line 90, in import_module
    return _bootstrap._gcd_import(name[level:], package, level)
           ^^^^^^^^^^^^^^^^^^^^^^^^^^^^^^^^^^^^^^^^^^^^^^^^^^^^
  File "<frozen importlib._bootstrap>", line 1387, in _gcd_import
  File "<frozen importlib._bootstrap>", line 1360, in _find_and_load
  File "<frozen importlib._bootstrap>", line 1331, in _find_and_load_unlocked
  File "<frozen importlib._bootstrap>", line 935, in _load_unlocked
  File "<frozen importlib._bootstrap_external>", line 999, in exec_module
  File "<frozen importlib._bootstrap>", line 488, in _call_with_frames_removed
  File "C:\Users\Vignesh.Selvaraju\AppData\Local\Programs\Python\Python312\Lib\site-packages\transformers\models\layoutlmv3\image_processing_layoutlmv3.py", line 42, in <module>
    from torchvision.transforms.v2 import functional as tvF
ModuleNotFoundError: No module named 'torchvision'
2026-10-01 16:26:21.441 Examining the path of transformers.models.levit.image_processing_levit_fast raised:
Traceback (most recent call last):
  File "C:\Users\Vignesh.Selvaraju\AppData\Local\Programs\Python\Python312\Lib\site-packages\streamlit\watcher\local_sources_watcher.py", line 330, in get_module_paths
    potential_paths = extract_paths(module)
                      ^^^^^^^^^^^^^^^^^^^^^
  File "C:\Users\Vignesh.Selvaraju\AppData\Local\Programs\Python\Python312\Lib\site-packages\streamlit\watcher\local_sources_watcher.py", line 317, in <lambda>
    if hasattr(m, "__path__")
       ^^^^^^^^^^^^^^^^^^^^^^
  File "C:\Users\Vignesh.Selvaraju\AppData\Local\Programs\Python\Python312\Lib\site-packages\transformers\__init__.py", line 862, in _getattr
    return getattr(importlib.import_module(target, __name__), name)
                   ^^^^^^^^^^^^^^^^^^^^^^^^^^^^^^^^^^^^^^^^^
  File "C:\Users\Vignesh.Selvaraju\AppData\Local\Programs\Python\Python312\Lib\importlib\__init__.py", line 90, in import_module
    return _bootstrap._gcd_import(name[level:], package, level)
           ^^^^^^^^^^^^^^^^^^^^^^^^^^^^^^^^^^^^^^^^^^^^^^^^^^^^
  File "<frozen importlib._bootstrap>", line 1387, in _gcd_import
  File "<frozen importlib._bootstrap>", line 1360, in _find_and_load
  File "<frozen importlib._bootstrap>", line 1331, in _find_and_load_unlocked
  File "<frozen importlib._bootstrap>", line 935, in _load_unlocked
  File "<frozen importlib._bootstrap_external>", line 999, in exec_module
  File "<frozen importlib._bootstrap>", line 488, in _call_with_frames_removed
  File "C:\Users\Vignesh.Selvaraju\AppData\Local\Programs\Python\Python312\Lib\site-packages\transformers\models\levit\image_processing_levit.py", line 17, in <module>
    from torchvision.transforms.v2 import functional as tvF
ModuleNotFoundError: No module named 'torchvision'
2026-10-01 16:26:21.445 Examining the path of transformers.models.lfm2_vl.image_processing_lfm2_vl_fast raised:
Traceback (most recent call last):
  File "C:\Users\Vignesh.Selvaraju\AppData\Local\Programs\Python\Python312\Lib\site-packages\streamlit\watcher\local_sources_watcher.py", line 330, in get_module_paths
    potential_paths = extract_paths(module)
                      ^^^^^^^^^^^^^^^^^^^^^
  File "C:\Users\Vignesh.Selvaraju\AppData\Local\Programs\Python\Python312\Lib\site-packages\streamlit\watcher\local_sources_watcher.py", line 317, in <lambda>
    if hasattr(m, "__path__")
       ^^^^^^^^^^^^^^^^^^^^^^
  File "C:\Users\Vignesh.Selvaraju\AppData\Local\Programs\Python\Python312\Lib\site-packages\transformers\__init__.py", line 862, in _getattr
    return getattr(importlib.import_module(target, __name__), name)
                   ^^^^^^^^^^^^^^^^^^^^^^^^^^^^^^^^^^^^^^^^^
  File "C:\Users\Vignesh.Selvaraju\AppData\Local\Programs\Python\Python312\Lib\importlib\__init__.py", line 90, in import_module
    return _bootstrap._gcd_import(name[level:], package, level)
           ^^^^^^^^^^^^^^^^^^^^^^^^^^^^^^^^^^^^^^^^^^^^^^^^^^^^
  File "<frozen importlib._bootstrap>", line 1387, in _gcd_import
  File "<frozen importlib._bootstrap>", line 1360, in _find_and_load
  File "<frozen importlib._bootstrap>", line 1331, in _find_and_load_unlocked
  File "<frozen importlib._bootstrap>", line 935, in _load_unlocked
  File "<frozen importlib._bootstrap_external>", line 999, in exec_module
  File "<frozen importlib._bootstrap>", line 488, in _call_with_frames_removed
  File "C:\Users\Vignesh.Selvaraju\AppData\Local\Programs\Python\Python312\Lib\site-packages\transformers\models\lfm2_vl\image_processing_lfm2_vl.py", line 18, in <module>
    from torchvision.transforms.v2 import functional as tvF
ModuleNotFoundError: No module named 'torchvision'
2026-10-01 16:26:21.450 Examining the path of transformers.models.lightglue.image_processing_lightglue_fast raised:
Traceback (most recent call last):
  File "C:\Users\Vignesh.Selvaraju\AppData\Local\Programs\Python\Python312\Lib\site-packages\streamlit\watcher\local_sources_watcher.py", line 330, in get_module_paths
    potential_paths = extract_paths(module)
                      ^^^^^^^^^^^^^^^^^^^^^
  File "C:\Users\Vignesh.Selvaraju\AppData\Local\Programs\Python\Python312\Lib\site-packages\streamlit\watcher\local_sources_watcher.py", line 317, in <lambda>
    if hasattr(m, "__path__")
       ^^^^^^^^^^^^^^^^^^^^^^
  File "C:\Users\Vignesh.Selvaraju\AppData\Local\Programs\Python\Python312\Lib\site-packages\transformers\__init__.py", line 862, in _getattr
    return getattr(importlib.import_module(target, __name__), name)
                   ^^^^^^^^^^^^^^^^^^^^^^^^^^^^^^^^^^^^^^^^^
  File "C:\Users\Vignesh.Selvaraju\AppData\Local\Programs\Python\Python312\Lib\importlib\__init__.py", line 90, in import_module
    return _bootstrap._gcd_import(name[level:], package, level)
           ^^^^^^^^^^^^^^^^^^^^^^^^^^^^^^^^^^^^^^^^^^^^^^^^^^^^
  File "<frozen importlib._bootstrap>", line 1387, in _gcd_import
  File "<frozen importlib._bootstrap>", line 1360, in _find_and_load
  File "<frozen importlib._bootstrap>", line 1331, in _find_and_load_unlocked
  File "<frozen importlib._bootstrap>", line 935, in _load_unlocked
  File "<frozen importlib._bootstrap_external>", line 999, in exec_module
  File "<frozen importlib._bootstrap>", line 488, in _call_with_frames_removed
  File "C:\Users\Vignesh.Selvaraju\AppData\Local\Programs\Python\Python312\Lib\site-packages\transformers\models\lightglue\image_processing_lightglue.py", line 24, in <module>
    from torchvision.transforms.v2 import functional as tvF
ModuleNotFoundError: No module named 'torchvision'
2026-10-01 16:26:21.453 Examining the path of transformers.models.llama4.image_processing_llama4_fast raised:
Traceback (most recent call last):
  File "C:\Users\Vignesh.Selvaraju\AppData\Local\Programs\Python\Python312\Lib\site-packages\streamlit\watcher\local_sources_watcher.py", line 330, in get_module_paths
    potential_paths = extract_paths(module)
                      ^^^^^^^^^^^^^^^^^^^^^
  File "C:\Users\Vignesh.Selvaraju\AppData\Local\Programs\Python\Python312\Lib\site-packages\streamlit\watcher\local_sources_watcher.py", line 317, in <lambda>
    if hasattr(m, "__path__")
       ^^^^^^^^^^^^^^^^^^^^^^
  File "C:\Users\Vignesh.Selvaraju\AppData\Local\Programs\Python\Python312\Lib\site-packages\transformers\__init__.py", line 862, in _getattr
    return getattr(importlib.import_module(target, __name__), name)
                   ^^^^^^^^^^^^^^^^^^^^^^^^^^^^^^^^^^^^^^^^^
  File "C:\Users\Vignesh.Selvaraju\AppData\Local\Programs\Python\Python312\Lib\importlib\__init__.py", line 90, in import_module
    return _bootstrap._gcd_import(name[level:], package, level)
           ^^^^^^^^^^^^^^^^^^^^^^^^^^^^^^^^^^^^^^^^^^^^^^^^^^^^
  File "<frozen importlib._bootstrap>", line 1387, in _gcd_import
  File "<frozen importlib._bootstrap>", line 1360, in _find_and_load
  File "<frozen importlib._bootstrap>", line 1331, in _find_and_load_unlocked
  File "<frozen importlib._bootstrap>", line 935, in _load_unlocked
  File "<frozen importlib._bootstrap_external>", line 999, in exec_module
  File "<frozen importlib._bootstrap>", line 488, in _call_with_frames_removed
  File "C:\Users\Vignesh.Selvaraju\AppData\Local\Programs\Python\Python312\Lib\site-packages\transformers\models\llama4\image_processing_llama4.py", line 21, in <module>
    from torchvision.transforms.v2 import functional as tvF
ModuleNotFoundError: No module named 'torchvision'
2026-10-01 16:26:21.458 Examining the path of transformers.models.llava.image_processing_llava_fast raised:
Traceback (most recent call last):
  File "C:\Users\Vignesh.Selvaraju\AppData\Local\Programs\Python\Python312\Lib\site-packages\streamlit\watcher\local_sources_watcher.py", line 330, in get_module_paths
    potential_paths = extract_paths(module)
                      ^^^^^^^^^^^^^^^^^^^^^
  File "C:\Users\Vignesh.Selvaraju\AppData\Local\Programs\Python\Python312\Lib\site-packages\streamlit\watcher\local_sources_watcher.py", line 317, in <lambda>
    if hasattr(m, "__path__")
       ^^^^^^^^^^^^^^^^^^^^^^
  File "C:\Users\Vignesh.Selvaraju\AppData\Local\Programs\Python\Python312\Lib\site-packages\transformers\__init__.py", line 862, in _getattr
    return getattr(importlib.import_module(target, __name__), name)
                   ^^^^^^^^^^^^^^^^^^^^^^^^^^^^^^^^^^^^^^^^^
  File "C:\Users\Vignesh.Selvaraju\AppData\Local\Programs\Python\Python312\Lib\importlib\__init__.py", line 90, in import_module
    return _bootstrap._gcd_import(name[level:], package, level)
           ^^^^^^^^^^^^^^^^^^^^^^^^^^^^^^^^^^^^^^^^^^^^^^^^^^^^
  File "<frozen importlib._bootstrap>", line 1387, in _gcd_import
  File "<frozen importlib._bootstrap>", line 1360, in _find_and_load
  File "<frozen importlib._bootstrap>", line 1331, in _find_and_load_unlocked
  File "<frozen importlib._bootstrap>", line 935, in _load_unlocked
  File "<frozen importlib._bootstrap_external>", line 999, in exec_module
  File "<frozen importlib._bootstrap>", line 488, in _call_with_frames_removed
  File "C:\Users\Vignesh.Selvaraju\AppData\Local\Programs\Python\Python312\Lib\site-packages\transformers\models\llava\image_processing_llava.py", line 19, in <module>
    from torchvision.transforms.v2 import functional as tvF
ModuleNotFoundError: No module named 'torchvision'
2026-10-01 16:26:21.463 Examining the path of transformers.models.llava_next.image_processing_llava_next_fast raised:
Traceback (most recent call last):
  File "C:\Users\Vignesh.Selvaraju\AppData\Local\Programs\Python\Python312\Lib\site-packages\streamlit\watcher\local_sources_watcher.py", line 330, in get_module_paths
    potential_paths = extract_paths(module)
                      ^^^^^^^^^^^^^^^^^^^^^
  File "C:\Users\Vignesh.Selvaraju\AppData\Local\Programs\Python\Python312\Lib\site-packages\streamlit\watcher\local_sources_watcher.py", line 317, in <lambda>
    if hasattr(m, "__path__")
       ^^^^^^^^^^^^^^^^^^^^^^
  File "C:\Users\Vignesh.Selvaraju\AppData\Local\Programs\Python\Python312\Lib\site-packages\transformers\__init__.py", line 862, in _getattr
    return getattr(importlib.import_module(target, __name__), name)
                   ^^^^^^^^^^^^^^^^^^^^^^^^^^^^^^^^^^^^^^^^^
  File "C:\Users\Vignesh.Selvaraju\AppData\Local\Programs\Python\Python312\Lib\importlib\__init__.py", line 90, in import_module
    return _bootstrap._gcd_import(name[level:], package, level)
           ^^^^^^^^^^^^^^^^^^^^^^^^^^^^^^^^^^^^^^^^^^^^^^^^^^^^
  File "<frozen importlib._bootstrap>", line 1387, in _gcd_import
  File "<frozen importlib._bootstrap>", line 1360, in _find_and_load
  File "<frozen importlib._bootstrap>", line 1331, in _find_and_load_unlocked
  File "<frozen importlib._bootstrap>", line 935, in _load_unlocked
  File "<frozen importlib._bootstrap_external>", line 999, in exec_module
  File "<frozen importlib._bootstrap>", line 488, in _call_with_frames_removed
  File "C:\Users\Vignesh.Selvaraju\AppData\Local\Programs\Python\Python312\Lib\site-packages\transformers\models\llava_next\image_processing_llava_next.py", line 19, in <module>
    from torchvision.transforms.v2 import functional as tvF
ModuleNotFoundError: No module named 'torchvision'
2026-10-01 16:26:21.468 Examining the path of transformers.models.llava_onevision.image_processing_llava_onevision_fast raised:
Traceback (most recent call last):
  File "C:\Users\Vignesh.Selvaraju\AppData\Local\Programs\Python\Python312\Lib\site-packages\streamlit\watcher\local_sources_watcher.py", line 330, in get_module_paths
    potential_paths = extract_paths(module)
                      ^^^^^^^^^^^^^^^^^^^^^
  File "C:\Users\Vignesh.Selvaraju\AppData\Local\Programs\Python\Python312\Lib\site-packages\streamlit\watcher\local_sources_watcher.py", line 317, in <lambda>
    if hasattr(m, "__path__")
       ^^^^^^^^^^^^^^^^^^^^^^
  File "C:\Users\Vignesh.Selvaraju\AppData\Local\Programs\Python\Python312\Lib\site-packages\transformers\__init__.py", line 862, in _getattr
    return getattr(importlib.import_module(target, __name__), name)
                   ^^^^^^^^^^^^^^^^^^^^^^^^^^^^^^^^^^^^^^^^^
  File "C:\Users\Vignesh.Selvaraju\AppData\Local\Programs\Python\Python312\Lib\importlib\__init__.py", line 90, in import_module
    return _bootstrap._gcd_import(name[level:], package, level)
           ^^^^^^^^^^^^^^^^^^^^^^^^^^^^^^^^^^^^^^^^^^^^^^^^^^^^
  File "<frozen importlib._bootstrap>", line 1387, in _gcd_import
  File "<frozen importlib._bootstrap>", line 1360, in _find_and_load
  File "<frozen importlib._bootstrap>", line 1331, in _find_and_load_unlocked
  File "<frozen importlib._bootstrap>", line 935, in _load_unlocked
  File "<frozen importlib._bootstrap_external>", line 999, in exec_module
  File "<frozen importlib._bootstrap>", line 488, in _call_with_frames_removed
  File "C:\Users\Vignesh.Selvaraju\AppData\Local\Programs\Python\Python312\Lib\site-packages\transformers\models\llava_onevision\image_processing_llava_onevision.py", line 24, in <module>
    import torchvision.transforms.v2.functional as tvF
ModuleNotFoundError: No module named 'torchvision'
2026-10-01 16:26:21.473 Examining the path of transformers.models.mask2former.image_processing_mask2former_fast raised:
Traceback (most recent call last):
  File "C:\Users\Vignesh.Selvaraju\AppData\Local\Programs\Python\Python312\Lib\site-packages\streamlit\watcher\local_sources_watcher.py", line 330, in get_module_paths
    potential_paths = extract_paths(module)
                      ^^^^^^^^^^^^^^^^^^^^^
  File "C:\Users\Vignesh.Selvaraju\AppData\Local\Programs\Python\Python312\Lib\site-packages\streamlit\watcher\local_sources_watcher.py", line 317, in <lambda>
    if hasattr(m, "__path__")
       ^^^^^^^^^^^^^^^^^^^^^^
  File "C:\Users\Vignesh.Selvaraju\AppData\Local\Programs\Python\Python312\Lib\site-packages\transformers\__init__.py", line 862, in _getattr
    return getattr(importlib.import_module(target, __name__), name)
                   ^^^^^^^^^^^^^^^^^^^^^^^^^^^^^^^^^^^^^^^^^
  File "C:\Users\Vignesh.Selvaraju\AppData\Local\Programs\Python\Python312\Lib\importlib\__init__.py", line 90, in import_module
    return _bootstrap._gcd_import(name[level:], package, level)
           ^^^^^^^^^^^^^^^^^^^^^^^^^^^^^^^^^^^^^^^^^^^^^^^^^^^^
  File "<frozen importlib._bootstrap>", line 1387, in _gcd_import
  File "<frozen importlib._bootstrap>", line 1360, in _find_and_load
  File "<frozen importlib._bootstrap>", line 1331, in _find_and_load_unlocked
  File "<frozen importlib._bootstrap>", line 935, in _load_unlocked
  File "<frozen importlib._bootstrap_external>", line 999, in exec_module
  File "<frozen importlib._bootstrap>", line 488, in _call_with_frames_removed
  File "C:\Users\Vignesh.Selvaraju\AppData\Local\Programs\Python\Python312\Lib\site-packages\transformers\models\mask2former\image_processing_mask2former.py", line 27, in <module>
    from torchvision.transforms.v2 import functional as tvF
ModuleNotFoundError: No module named 'torchvision'
2026-10-01 16:26:21.479 Examining the path of transformers.models.maskformer.image_processing_maskformer_fast raised:
Traceback (most recent call last):
  File "C:\Users\Vignesh.Selvaraju\AppData\Local\Programs\Python\Python312\Lib\site-packages\streamlit\watcher\local_sources_watcher.py", line 330, in get_module_paths
    potential_paths = extract_paths(module)
                      ^^^^^^^^^^^^^^^^^^^^^
  File "C:\Users\Vignesh.Selvaraju\AppData\Local\Programs\Python\Python312\Lib\site-packages\streamlit\watcher\local_sources_watcher.py", line 317, in <lambda>
    if hasattr(m, "__path__")
       ^^^^^^^^^^^^^^^^^^^^^^
  File "C:\Users\Vignesh.Selvaraju\AppData\Local\Programs\Python\Python312\Lib\site-packages\transformers\__init__.py", line 862, in _getattr
    return getattr(importlib.import_module(target, __name__), name)
                   ^^^^^^^^^^^^^^^^^^^^^^^^^^^^^^^^^^^^^^^^^
  File "C:\Users\Vignesh.Selvaraju\AppData\Local\Programs\Python\Python312\Lib\importlib\__init__.py", line 90, in import_module
    return _bootstrap._gcd_import(name[level:], package, level)
           ^^^^^^^^^^^^^^^^^^^^^^^^^^^^^^^^^^^^^^^^^^^^^^^^^^^^
  File "<frozen importlib._bootstrap>", line 1387, in _gcd_import
  File "<frozen importlib._bootstrap>", line 1360, in _find_and_load
  File "<frozen importlib._bootstrap>", line 1331, in _find_and_load_unlocked
  File "<frozen importlib._bootstrap>", line 935, in _load_unlocked
  File "<frozen importlib._bootstrap_external>", line 999, in exec_module
  File "<frozen importlib._bootstrap>", line 488, in _call_with_frames_removed
  File "C:\Users\Vignesh.Selvaraju\AppData\Local\Programs\Python\Python312\Lib\site-packages\transformers\models\maskformer\image_processing_maskformer.py", line 22, in <module>
    from torchvision.transforms.v2 import functional as tvF
ModuleNotFoundError: No module named 'torchvision'
2026-10-01 16:26:21.487 Examining the path of transformers.models.minimax_m3_vl.image_processing_minimax_m3_vl_fast raised:
Traceback (most recent call last):
  File "C:\Users\Vignesh.Selvaraju\AppData\Local\Programs\Python\Python312\Lib\site-packages\streamlit\watcher\local_sources_watcher.py", line 330, in get_module_paths
    potential_paths = extract_paths(module)
                      ^^^^^^^^^^^^^^^^^^^^^
  File "C:\Users\Vignesh.Selvaraju\AppData\Local\Programs\Python\Python312\Lib\site-packages\streamlit\watcher\local_sources_watcher.py", line 317, in <lambda>
    if hasattr(m, "__path__")
       ^^^^^^^^^^^^^^^^^^^^^^
  File "C:\Users\Vignesh.Selvaraju\AppData\Local\Programs\Python\Python312\Lib\site-packages\transformers\__init__.py", line 862, in _getattr
    return getattr(importlib.import_module(target, __name__), name)
                   ^^^^^^^^^^^^^^^^^^^^^^^^^^^^^^^^^^^^^^^^^
  File "C:\Users\Vignesh.Selvaraju\AppData\Local\Programs\Python\Python312\Lib\importlib\__init__.py", line 90, in import_module
    return _bootstrap._gcd_import(name[level:], package, level)
           ^^^^^^^^^^^^^^^^^^^^^^^^^^^^^^^^^^^^^^^^^^^^^^^^^^^^
  File "<frozen importlib._bootstrap>", line 1387, in _gcd_import
  File "<frozen importlib._bootstrap>", line 1360, in _find_and_load
  File "<frozen importlib._bootstrap>", line 1331, in _find_and_load_unlocked
  File "<frozen importlib._bootstrap>", line 935, in _load_unlocked
  File "<frozen importlib._bootstrap_external>", line 999, in exec_module
  File "<frozen importlib._bootstrap>", line 488, in _call_with_frames_removed
  File "C:\Users\Vignesh.Selvaraju\AppData\Local\Programs\Python\Python312\Lib\site-packages\transformers\models\minimax_m3_vl\image_processing_minimax_m3_vl.py", line 25, in <module>
    from torchvision.transforms.v2 import functional as tvF
ModuleNotFoundError: No module named 'torchvision'
2026-10-01 16:26:21.493 Examining the path of transformers.models.mllama.image_processing_mllama_fast raised:
Traceback (most recent call last):
  File "C:\Users\Vignesh.Selvaraju\AppData\Local\Programs\Python\Python312\Lib\site-packages\streamlit\watcher\local_sources_watcher.py", line 330, in get_module_paths
    potential_paths = extract_paths(module)
                      ^^^^^^^^^^^^^^^^^^^^^
  File "C:\Users\Vignesh.Selvaraju\AppData\Local\Programs\Python\Python312\Lib\site-packages\streamlit\watcher\local_sources_watcher.py", line 317, in <lambda>
    if hasattr(m, "__path__")
       ^^^^^^^^^^^^^^^^^^^^^^
  File "C:\Users\Vignesh.Selvaraju\AppData\Local\Programs\Python\Python312\Lib\site-packages\transformers\__init__.py", line 862, in _getattr
    return getattr(importlib.import_module(target, __name__), name)
                   ^^^^^^^^^^^^^^^^^^^^^^^^^^^^^^^^^^^^^^^^^
  File "C:\Users\Vignesh.Selvaraju\AppData\Local\Programs\Python\Python312\Lib\importlib\__init__.py", line 90, in import_module
    return _bootstrap._gcd_import(name[level:], package, level)
           ^^^^^^^^^^^^^^^^^^^^^^^^^^^^^^^^^^^^^^^^^^^^^^^^^^^^
  File "<frozen importlib._bootstrap>", line 1387, in _gcd_import
  File "<frozen importlib._bootstrap>", line 1360, in _find_and_load
  File "<frozen importlib._bootstrap>", line 1331, in _find_and_load_unlocked
  File "<frozen importlib._bootstrap>", line 935, in _load_unlocked
  File "<frozen importlib._bootstrap_external>", line 999, in exec_module
  File "<frozen importlib._bootstrap>", line 488, in _call_with_frames_removed
  File "C:\Users\Vignesh.Selvaraju\AppData\Local\Programs\Python\Python312\Lib\site-packages\transformers\models\mllama\image_processing_mllama.py", line 40, in <module>
    from torchvision.transforms.v2 import functional as tvF
ModuleNotFoundError: No module named 'torchvision'
2026-10-01 16:26:21.495 Examining the path of transformers.models.mobilenet_v2.image_processing_mobilenet_v2_fast raised:
Traceback (most recent call last):
  File "C:\Users\Vignesh.Selvaraju\AppData\Local\Programs\Python\Python312\Lib\site-packages\streamlit\watcher\local_sources_watcher.py", line 330, in get_module_paths
    potential_paths = extract_paths(module)
                      ^^^^^^^^^^^^^^^^^^^^^
  File "C:\Users\Vignesh.Selvaraju\AppData\Local\Programs\Python\Python312\Lib\site-packages\streamlit\watcher\local_sources_watcher.py", line 317, in <lambda>
    if hasattr(m, "__path__")
       ^^^^^^^^^^^^^^^^^^^^^^
  File "C:\Users\Vignesh.Selvaraju\AppData\Local\Programs\Python\Python312\Lib\site-packages\transformers\__init__.py", line 862, in _getattr
    return getattr(importlib.import_module(target, __name__), name)
                   ^^^^^^^^^^^^^^^^^^^^^^^^^^^^^^^^^^^^^^^^^
  File "C:\Users\Vignesh.Selvaraju\AppData\Local\Programs\Python\Python312\Lib\importlib\__init__.py", line 90, in import_module
    return _bootstrap._gcd_import(name[level:], package, level)
           ^^^^^^^^^^^^^^^^^^^^^^^^^^^^^^^^^^^^^^^^^^^^^^^^^^^^
  File "<frozen importlib._bootstrap>", line 1387, in _gcd_import
  File "<frozen importlib._bootstrap>", line 1360, in _find_and_load
  File "<frozen importlib._bootstrap>", line 1331, in _find_and_load_unlocked
  File "<frozen importlib._bootstrap>", line 935, in _load_unlocked
  File "<frozen importlib._bootstrap_external>", line 999, in exec_module
  File "<frozen importlib._bootstrap>", line 488, in _call_with_frames_removed
  File "C:\Users\Vignesh.Selvaraju\AppData\Local\Programs\Python\Python312\Lib\site-packages\transformers\models\mobilenet_v2\image_processing_mobilenet_v2.py", line 19, in <module>
    from torchvision.transforms.v2 import functional as tvF
ModuleNotFoundError: No module named 'torchvision'
2026-10-01 16:26:21.499 Examining the path of transformers.models.mobilevit.image_processing_mobilevit_fast raised:
Traceback (most recent call last):
  File "C:\Users\Vignesh.Selvaraju\AppData\Local\Programs\Python\Python312\Lib\site-packages\streamlit\watcher\local_sources_watcher.py", line 330, in get_module_paths
    potential_paths = extract_paths(module)
                      ^^^^^^^^^^^^^^^^^^^^^
  File "C:\Users\Vignesh.Selvaraju\AppData\Local\Programs\Python\Python312\Lib\site-packages\streamlit\watcher\local_sources_watcher.py", line 317, in <lambda>
    if hasattr(m, "__path__")
       ^^^^^^^^^^^^^^^^^^^^^^
  File "C:\Users\Vignesh.Selvaraju\AppData\Local\Programs\Python\Python312\Lib\site-packages\transformers\__init__.py", line 862, in _getattr
    return getattr(importlib.import_module(target, __name__), name)
                   ^^^^^^^^^^^^^^^^^^^^^^^^^^^^^^^^^^^^^^^^^
  File "C:\Users\Vignesh.Selvaraju\AppData\Local\Programs\Python\Python312\Lib\importlib\__init__.py", line 90, in import_module
    return _bootstrap._gcd_import(name[level:], package, level)
           ^^^^^^^^^^^^^^^^^^^^^^^^^^^^^^^^^^^^^^^^^^^^^^^^^^^^
  File "<frozen importlib._bootstrap>", line 1387, in _gcd_import
  File "<frozen importlib._bootstrap>", line 1360, in _find_and_load
  File "<frozen importlib._bootstrap>", line 1331, in _find_and_load_unlocked
  File "<frozen importlib._bootstrap>", line 935, in _load_unlocked
  File "<frozen importlib._bootstrap_external>", line 999, in exec_module
  File "<frozen importlib._bootstrap>", line 488, in _call_with_frames_removed
  File "C:\Users\Vignesh.Selvaraju\AppData\Local\Programs\Python\Python312\Lib\site-packages\transformers\models\mobilevit\image_processing_mobilevit.py", line 19, in <module>
    from torchvision.transforms.v2 import functional as tvF
ModuleNotFoundError: No module named 'torchvision'
2026-10-01 16:26:21.503 Examining the path of transformers.models.muse_glimmer.image_processing_muse_glimmer_fast raised:
Traceback (most recent call last):
  File "C:\Users\Vignesh.Selvaraju\AppData\Local\Programs\Python\Python312\Lib\site-packages\streamlit\watcher\local_sources_watcher.py", line 330, in get_module_paths
    potential_paths = extract_paths(module)
                      ^^^^^^^^^^^^^^^^^^^^^
  File "C:\Users\Vignesh.Selvaraju\AppData\Local\Programs\Python\Python312\Lib\site-packages\streamlit\watcher\local_sources_watcher.py", line 317, in <lambda>
    if hasattr(m, "__path__")
       ^^^^^^^^^^^^^^^^^^^^^^
  File "C:\Users\Vignesh.Selvaraju\AppData\Local\Programs\Python\Python312\Lib\site-packages\transformers\__init__.py", line 862, in _getattr
    return getattr(importlib.import_module(target, __name__), name)
                   ^^^^^^^^^^^^^^^^^^^^^^^^^^^^^^^^^^^^^^^^^
  File "C:\Users\Vignesh.Selvaraju\AppData\Local\Programs\Python\Python312\Lib\importlib\__init__.py", line 90, in import_module
    return _bootstrap._gcd_import(name[level:], package, level)
           ^^^^^^^^^^^^^^^^^^^^^^^^^^^^^^^^^^^^^^^^^^^^^^^^^^^^
  File "<frozen importlib._bootstrap>", line 1387, in _gcd_import
  File "<frozen importlib._bootstrap>", line 1360, in _find_and_load
  File "<frozen importlib._bootstrap>", line 1331, in _find_and_load_unlocked
  File "<frozen importlib._bootstrap>", line 935, in _load_unlocked
  File "<frozen importlib._bootstrap_external>", line 999, in exec_module
  File "<frozen importlib._bootstrap>", line 488, in _call_with_frames_removed
  File "C:\Users\Vignesh.Selvaraju\AppData\Local\Programs\Python\Python312\Lib\site-packages\transformers\models\muse_glimmer\image_processing_muse_glimmer.py", line 25, in <module>
    from torchvision.transforms.v2 import functional as tvF
ModuleNotFoundError: No module named 'torchvision'
2026-10-01 16:26:21.508 Examining the path of transformers.models.nougat.image_processing_nougat_fast raised:
Traceback (most recent call last):
  File "C:\Users\Vignesh.Selvaraju\AppData\Local\Programs\Python\Python312\Lib\site-packages\streamlit\watcher\local_sources_watcher.py", line 330, in get_module_paths
    potential_paths = extract_paths(module)
                      ^^^^^^^^^^^^^^^^^^^^^
  File "C:\Users\Vignesh.Selvaraju\AppData\Local\Programs\Python\Python312\Lib\site-packages\streamlit\watcher\local_sources_watcher.py", line 317, in <lambda>
    if hasattr(m, "__path__")
       ^^^^^^^^^^^^^^^^^^^^^^
  File "C:\Users\Vignesh.Selvaraju\AppData\Local\Programs\Python\Python312\Lib\site-packages\transformers\__init__.py", line 862, in _getattr
    return getattr(importlib.import_module(target, __name__), name)
                   ^^^^^^^^^^^^^^^^^^^^^^^^^^^^^^^^^^^^^^^^^
  File "C:\Users\Vignesh.Selvaraju\AppData\Local\Programs\Python\Python312\Lib\importlib\__init__.py", line 90, in import_module
    return _bootstrap._gcd_import(name[level:], package, level)
           ^^^^^^^^^^^^^^^^^^^^^^^^^^^^^^^^^^^^^^^^^^^^^^^^^^^^
  File "<frozen importlib._bootstrap>", line 1387, in _gcd_import
  File "<frozen importlib._bootstrap>", line 1360, in _find_and_load
  File "<frozen importlib._bootstrap>", line 1331, in _find_and_load_unlocked
  File "<frozen importlib._bootstrap>", line 935, in _load_unlocked
  File "<frozen importlib._bootstrap_external>", line 999, in exec_module
  File "<frozen importlib._bootstrap>", line 488, in _call_with_frames_removed
  File "C:\Users\Vignesh.Selvaraju\AppData\Local\Programs\Python\Python312\Lib\site-packages\transformers\models\nougat\image_processing_nougat.py", line 17, in <module>
    from torchvision.transforms.v2 import functional as tvF
ModuleNotFoundError: No module named 'torchvision'
2026-10-01 16:26:21.512 Examining the path of transformers.models.oneformer.image_processing_oneformer_fast raised:
Traceback (most recent call last):
  File "C:\Users\Vignesh.Selvaraju\AppData\Local\Programs\Python\Python312\Lib\site-packages\streamlit\watcher\local_sources_watcher.py", line 330, in get_module_paths
    potential_paths = extract_paths(module)
                      ^^^^^^^^^^^^^^^^^^^^^
  File "C:\Users\Vignesh.Selvaraju\AppData\Local\Programs\Python\Python312\Lib\site-packages\streamlit\watcher\local_sources_watcher.py", line 317, in <lambda>
    if hasattr(m, "__path__")
       ^^^^^^^^^^^^^^^^^^^^^^
  File "C:\Users\Vignesh.Selvaraju\AppData\Local\Programs\Python\Python312\Lib\site-packages\transformers\__init__.py", line 862, in _getattr
    return getattr(importlib.import_module(target, __name__), name)
                   ^^^^^^^^^^^^^^^^^^^^^^^^^^^^^^^^^^^^^^^^^
  File "C:\Users\Vignesh.Selvaraju\AppData\Local\Programs\Python\Python312\Lib\importlib\__init__.py", line 90, in import_module
    return _bootstrap._gcd_import(name[level:], package, level)
           ^^^^^^^^^^^^^^^^^^^^^^^^^^^^^^^^^^^^^^^^^^^^^^^^^^^^
  File "<frozen importlib._bootstrap>", line 1387, in _gcd_import
  File "<frozen importlib._bootstrap>", line 1360, in _find_and_load
  File "<frozen importlib._bootstrap>", line 1331, in _find_and_load_unlocked
  File "<frozen importlib._bootstrap>", line 935, in _load_unlocked
  File "<frozen importlib._bootstrap_external>", line 999, in exec_module
  File "<frozen importlib._bootstrap>", line 488, in _call_with_frames_removed
  File "C:\Users\Vignesh.Selvaraju\AppData\Local\Programs\Python\Python312\Lib\site-packages\transformers\models\oneformer\image_processing_oneformer.py", line 23, in <module>
    from torchvision.transforms.v2 import functional as tvF
ModuleNotFoundError: No module named 'torchvision'
2026-10-01 16:26:21.517 Examining the path of transformers.models.ovis2.image_processing_ovis2_fast raised:
Traceback (most recent call last):
  File "C:\Users\Vignesh.Selvaraju\AppData\Local\Programs\Python\Python312\Lib\site-packages\streamlit\watcher\local_sources_watcher.py", line 330, in get_module_paths
    potential_paths = extract_paths(module)
                      ^^^^^^^^^^^^^^^^^^^^^
  File "C:\Users\Vignesh.Selvaraju\AppData\Local\Programs\Python\Python312\Lib\site-packages\streamlit\watcher\local_sources_watcher.py", line 317, in <lambda>
    if hasattr(m, "__path__")
       ^^^^^^^^^^^^^^^^^^^^^^
  File "C:\Users\Vignesh.Selvaraju\AppData\Local\Programs\Python\Python312\Lib\site-packages\transformers\__init__.py", line 862, in _getattr
    return getattr(importlib.import_module(target, __name__), name)
                   ^^^^^^^^^^^^^^^^^^^^^^^^^^^^^^^^^^^^^^^^^
  File "C:\Users\Vignesh.Selvaraju\AppData\Local\Programs\Python\Python312\Lib\importlib\__init__.py", line 90, in import_module
    return _bootstrap._gcd_import(name[level:], package, level)
           ^^^^^^^^^^^^^^^^^^^^^^^^^^^^^^^^^^^^^^^^^^^^^^^^^^^^
  File "<frozen importlib._bootstrap>", line 1387, in _gcd_import
  File "<frozen importlib._bootstrap>", line 1360, in _find_and_load
  File "<frozen importlib._bootstrap>", line 1331, in _find_and_load_unlocked
  File "<frozen importlib._bootstrap>", line 935, in _load_unlocked
  File "<frozen importlib._bootstrap_external>", line 999, in exec_module
  File "<frozen importlib._bootstrap>", line 488, in _call_with_frames_removed
  File "C:\Users\Vignesh.Selvaraju\AppData\Local\Programs\Python\Python312\Lib\site-packages\transformers\models\ovis2\image_processing_ovis2.py", line 19, in <module>
    from torchvision.transforms.v2 import functional as tvF
ModuleNotFoundError: No module named 'torchvision'
2026-10-01 16:26:21.522 Examining the path of transformers.models.owlv2.image_processing_owlv2_fast raised:
Traceback (most recent call last):
  File "C:\Users\Vignesh.Selvaraju\AppData\Local\Programs\Python\Python312\Lib\site-packages\streamlit\watcher\local_sources_watcher.py", line 330, in get_module_paths
    potential_paths = extract_paths(module)
                      ^^^^^^^^^^^^^^^^^^^^^
  File "C:\Users\Vignesh.Selvaraju\AppData\Local\Programs\Python\Python312\Lib\site-packages\streamlit\watcher\local_sources_watcher.py", line 317, in <lambda>
    if hasattr(m, "__path__")
       ^^^^^^^^^^^^^^^^^^^^^^
  File "C:\Users\Vignesh.Selvaraju\AppData\Local\Programs\Python\Python312\Lib\site-packages\transformers\__init__.py", line 862, in _getattr
    return getattr(importlib.import_module(target, __name__), name)
                   ^^^^^^^^^^^^^^^^^^^^^^^^^^^^^^^^^^^^^^^^^
  File "C:\Users\Vignesh.Selvaraju\AppData\Local\Programs\Python\Python312\Lib\importlib\__init__.py", line 90, in import_module
    return _bootstrap._gcd_import(name[level:], package, level)
           ^^^^^^^^^^^^^^^^^^^^^^^^^^^^^^^^^^^^^^^^^^^^^^^^^^^^
  File "<frozen importlib._bootstrap>", line 1387, in _gcd_import
  File "<frozen importlib._bootstrap>", line 1360, in _find_and_load
  File "<frozen importlib._bootstrap>", line 1331, in _find_and_load_unlocked
  File "<frozen importlib._bootstrap>", line 935, in _load_unlocked
  File "<frozen importlib._bootstrap_external>", line 999, in exec_module
  File "<frozen importlib._bootstrap>", line 488, in _call_with_frames_removed
  File "C:\Users\Vignesh.Selvaraju\AppData\Local\Programs\Python\Python312\Lib\site-packages\transformers\models\owlv2\image_processing_owlv2.py", line 25, in <module>
    import torchvision.transforms.v2.functional as tvF
ModuleNotFoundError: No module named 'torchvision'
2026-10-01 16:26:21.527 Examining the path of transformers.models.paddleocr_vl.image_processing_paddleocr_vl_fast raised:
Traceback (most recent call last):
  File "C:\Users\Vignesh.Selvaraju\AppData\Local\Programs\Python\Python312\Lib\site-packages\streamlit\watcher\local_sources_watcher.py", line 330, in get_module_paths
    potential_paths = extract_paths(module)
                      ^^^^^^^^^^^^^^^^^^^^^
  File "C:\Users\Vignesh.Selvaraju\AppData\Local\Programs\Python\Python312\Lib\site-packages\streamlit\watcher\local_sources_watcher.py", line 317, in <lambda>
    if hasattr(m, "__path__")
       ^^^^^^^^^^^^^^^^^^^^^^
  File "C:\Users\Vignesh.Selvaraju\AppData\Local\Programs\Python\Python312\Lib\site-packages\transformers\__init__.py", line 862, in _getattr
    return getattr(importlib.import_module(target, __name__), name)
                   ^^^^^^^^^^^^^^^^^^^^^^^^^^^^^^^^^^^^^^^^^
  File "C:\Users\Vignesh.Selvaraju\AppData\Local\Programs\Python\Python312\Lib\importlib\__init__.py", line 90, in import_module
    return _bootstrap._gcd_import(name[level:], package, level)
           ^^^^^^^^^^^^^^^^^^^^^^^^^^^^^^^^^^^^^^^^^^^^^^^^^^^^
  File "<frozen importlib._bootstrap>", line 1387, in _gcd_import
  File "<frozen importlib._bootstrap>", line 1360, in _find_and_load
  File "<frozen importlib._bootstrap>", line 1331, in _find_and_load_unlocked
  File "<frozen importlib._bootstrap>", line 935, in _load_unlocked
  File "<frozen importlib._bootstrap_external>", line 999, in exec_module
  File "<frozen importlib._bootstrap>", line 488, in _call_with_frames_removed
  File "C:\Users\Vignesh.Selvaraju\AppData\Local\Programs\Python\Python312\Lib\site-packages\transformers\models\paddleocr_vl\image_processing_paddleocr_vl.py", line 30, in <module>
    from torchvision.transforms.v2 import functional as tvF
ModuleNotFoundError: No module named 'torchvision'
2026-10-01 16:26:21.531 Examining the path of transformers.models.perceiver.image_processing_perceiver_fast raised:
Traceback (most recent call last):
  File "C:\Users\Vignesh.Selvaraju\AppData\Local\Programs\Python\Python312\Lib\site-packages\streamlit\watcher\local_sources_watcher.py", line 330, in get_module_paths
    potential_paths = extract_paths(module)
                      ^^^^^^^^^^^^^^^^^^^^^
  File "C:\Users\Vignesh.Selvaraju\AppData\Local\Programs\Python\Python312\Lib\site-packages\streamlit\watcher\local_sources_watcher.py", line 317, in <lambda>
    if hasattr(m, "__path__")
       ^^^^^^^^^^^^^^^^^^^^^^
  File "C:\Users\Vignesh.Selvaraju\AppData\Local\Programs\Python\Python312\Lib\site-packages\transformers\__init__.py", line 862, in _getattr
    return getattr(importlib.import_module(target, __name__), name)
                   ^^^^^^^^^^^^^^^^^^^^^^^^^^^^^^^^^^^^^^^^^
  File "C:\Users\Vignesh.Selvaraju\AppData\Local\Programs\Python\Python312\Lib\importlib\__init__.py", line 90, in import_module
    return _bootstrap._gcd_import(name[level:], package, level)
           ^^^^^^^^^^^^^^^^^^^^^^^^^^^^^^^^^^^^^^^^^^^^^^^^^^^^
  File "<frozen importlib._bootstrap>", line 1387, in _gcd_import
  File "<frozen importlib._bootstrap>", line 1360, in _find_and_load
  File "<frozen importlib._bootstrap>", line 1331, in _find_and_load_unlocked
  File "<frozen importlib._bootstrap>", line 935, in _load_unlocked
  File "<frozen importlib._bootstrap_external>", line 999, in exec_module
  File "<frozen importlib._bootstrap>", line 488, in _call_with_frames_removed
  File "C:\Users\Vignesh.Selvaraju\AppData\Local\Programs\Python\Python312\Lib\site-packages\transformers\models\perceiver\image_processing_perceiver.py", line 17, in <module>
    from torchvision.transforms.v2 import functional as tvF
ModuleNotFoundError: No module named 'torchvision'
2026-10-01 16:26:21.535 Examining the path of transformers.models.perception_lm.image_processing_perception_lm_fast raised:
Traceback (most recent call last):
  File "C:\Users\Vignesh.Selvaraju\AppData\Local\Programs\Python\Python312\Lib\site-packages\streamlit\watcher\local_sources_watcher.py", line 330, in get_module_paths
    potential_paths = extract_paths(module)
                      ^^^^^^^^^^^^^^^^^^^^^
  File "C:\Users\Vignesh.Selvaraju\AppData\Local\Programs\Python\Python312\Lib\site-packages\streamlit\watcher\local_sources_watcher.py", line 317, in <lambda>
    if hasattr(m, "__path__")
       ^^^^^^^^^^^^^^^^^^^^^^
  File "C:\Users\Vignesh.Selvaraju\AppData\Local\Programs\Python\Python312\Lib\site-packages\transformers\__init__.py", line 862, in _getattr
    return getattr(importlib.import_module(target, __name__), name)
                   ^^^^^^^^^^^^^^^^^^^^^^^^^^^^^^^^^^^^^^^^^
  File "C:\Users\Vignesh.Selvaraju\AppData\Local\Programs\Python\Python312\Lib\importlib\__init__.py", line 90, in import_module
    return _bootstrap._gcd_import(name[level:], package, level)
           ^^^^^^^^^^^^^^^^^^^^^^^^^^^^^^^^^^^^^^^^^^^^^^^^^^^^
  File "<frozen importlib._bootstrap>", line 1387, in _gcd_import
  File "<frozen importlib._bootstrap>", line 1360, in _find_and_load
  File "<frozen importlib._bootstrap>", line 1331, in _find_and_load_unlocked
  File "<frozen importlib._bootstrap>", line 935, in _load_unlocked
  File "<frozen importlib._bootstrap_external>", line 999, in exec_module
  File "<frozen importlib._bootstrap>", line 488, in _call_with_frames_removed
  File "C:\Users\Vignesh.Selvaraju\AppData\Local\Programs\Python\Python312\Lib\site-packages\transformers\models\perception_lm\image_processing_perception_lm.py", line 19, in <module>
    from torchvision.transforms.v2 import functional as tvF
ModuleNotFoundError: No module named 'torchvision'
2026-10-01 16:26:21.538 Examining the path of transformers.models.phi4_multimodal.image_processing_phi4_multimodal_fast raised:
Traceback (most recent call last):
  File "C:\Users\Vignesh.Selvaraju\AppData\Local\Programs\Python\Python312\Lib\site-packages\streamlit\watcher\local_sources_watcher.py", line 330, in get_module_paths
    potential_paths = extract_paths(module)
                      ^^^^^^^^^^^^^^^^^^^^^
  File "C:\Users\Vignesh.Selvaraju\AppData\Local\Programs\Python\Python312\Lib\site-packages\streamlit\watcher\local_sources_watcher.py", line 317, in <lambda>
    if hasattr(m, "__path__")
       ^^^^^^^^^^^^^^^^^^^^^^
  File "C:\Users\Vignesh.Selvaraju\AppData\Local\Programs\Python\Python312\Lib\site-packages\transformers\__init__.py", line 862, in _getattr
    return getattr(importlib.import_module(target, __name__), name)
                   ^^^^^^^^^^^^^^^^^^^^^^^^^^^^^^^^^^^^^^^^^
  File "C:\Users\Vignesh.Selvaraju\AppData\Local\Programs\Python\Python312\Lib\importlib\__init__.py", line 90, in import_module
    return _bootstrap._gcd_import(name[level:], package, level)
           ^^^^^^^^^^^^^^^^^^^^^^^^^^^^^^^^^^^^^^^^^^^^^^^^^^^^
  File "<frozen importlib._bootstrap>", line 1387, in _gcd_import
  File "<frozen importlib._bootstrap>", line 1360, in _find_and_load
  File "<frozen importlib._bootstrap>", line 1331, in _find_and_load_unlocked
  File "<frozen importlib._bootstrap>", line 935, in _load_unlocked
  File "<frozen importlib._bootstrap_external>", line 999, in exec_module
  File "<frozen importlib._bootstrap>", line 488, in _call_with_frames_removed
  File "C:\Users\Vignesh.Selvaraju\AppData\Local\Programs\Python\Python312\Lib\site-packages\transformers\models\phi4_multimodal\image_processing_phi4_multimodal.py", line 19, in <module>
    from torchvision.transforms.v2 import functional as tvF
ModuleNotFoundError: No module named 'torchvision'
2026-10-01 16:26:21.542 Examining the path of transformers.models.pix2struct.image_processing_pix2struct_fast raised:
Traceback (most recent call last):
  File "C:\Users\Vignesh.Selvaraju\AppData\Local\Programs\Python\Python312\Lib\site-packages\streamlit\watcher\local_sources_watcher.py", line 330, in get_module_paths
    potential_paths = extract_paths(module)
                      ^^^^^^^^^^^^^^^^^^^^^
  File "C:\Users\Vignesh.Selvaraju\AppData\Local\Programs\Python\Python312\Lib\site-packages\streamlit\watcher\local_sources_watcher.py", line 317, in <lambda>
    if hasattr(m, "__path__")
       ^^^^^^^^^^^^^^^^^^^^^^
  File "C:\Users\Vignesh.Selvaraju\AppData\Local\Programs\Python\Python312\Lib\site-packages\transformers\__init__.py", line 862, in _getattr
    return getattr(importlib.import_module(target, __name__), name)
                   ^^^^^^^^^^^^^^^^^^^^^^^^^^^^^^^^^^^^^^^^^
  File "C:\Users\Vignesh.Selvaraju\AppData\Local\Programs\Python\Python312\Lib\importlib\__init__.py", line 90, in import_module
    return _bootstrap._gcd_import(name[level:], package, level)
           ^^^^^^^^^^^^^^^^^^^^^^^^^^^^^^^^^^^^^^^^^^^^^^^^^^^^
  File "<frozen importlib._bootstrap>", line 1387, in _gcd_import
  File "<frozen importlib._bootstrap>", line 1360, in _find_and_load
  File "<frozen importlib._bootstrap>", line 1331, in _find_and_load_unlocked
  File "<frozen importlib._bootstrap>", line 935, in _load_unlocked
  File "<frozen importlib._bootstrap_external>", line 999, in exec_module
  File "<frozen importlib._bootstrap>", line 488, in _call_with_frames_removed
  File "C:\Users\Vignesh.Selvaraju\AppData\Local\Programs\Python\Python312\Lib\site-packages\transformers\models\pix2struct\image_processing_pix2struct.py", line 21, in <module>
    import torchvision.transforms.v2.functional as tvF
ModuleNotFoundError: No module named 'torchvision'
2026-10-01 16:26:21.548 Examining the path of transformers.models.pixtral.image_processing_pixtral_fast raised:
Traceback (most recent call last):
  File "C:\Users\Vignesh.Selvaraju\AppData\Local\Programs\Python\Python312\Lib\site-packages\streamlit\watcher\local_sources_watcher.py", line 330, in get_module_paths
    potential_paths = extract_paths(module)
                      ^^^^^^^^^^^^^^^^^^^^^
  File "C:\Users\Vignesh.Selvaraju\AppData\Local\Programs\Python\Python312\Lib\site-packages\streamlit\watcher\local_sources_watcher.py", line 317, in <lambda>
    if hasattr(m, "__path__")
       ^^^^^^^^^^^^^^^^^^^^^^
  File "C:\Users\Vignesh.Selvaraju\AppData\Local\Programs\Python\Python312\Lib\site-packages\transformers\__init__.py", line 862, in _getattr
    return getattr(importlib.import_module(target, __name__), name)
                   ^^^^^^^^^^^^^^^^^^^^^^^^^^^^^^^^^^^^^^^^^
  File "C:\Users\Vignesh.Selvaraju\AppData\Local\Programs\Python\Python312\Lib\importlib\__init__.py", line 90, in import_module
    return _bootstrap._gcd_import(name[level:], package, level)
           ^^^^^^^^^^^^^^^^^^^^^^^^^^^^^^^^^^^^^^^^^^^^^^^^^^^^
  File "<frozen importlib._bootstrap>", line 1387, in _gcd_import
  File "<frozen importlib._bootstrap>", line 1360, in _find_and_load
  File "<frozen importlib._bootstrap>", line 1331, in _find_and_load_unlocked
  File "<frozen importlib._bootstrap>", line 935, in _load_unlocked
  File "<frozen importlib._bootstrap_external>", line 999, in exec_module
  File "<frozen importlib._bootstrap>", line 488, in _call_with_frames_removed
  File "C:\Users\Vignesh.Selvaraju\AppData\Local\Programs\Python\Python312\Lib\site-packages\transformers\models\pixtral\image_processing_pixtral.py", line 19, in <module>
    from torchvision.transforms.v2 import functional as tvF
ModuleNotFoundError: No module named 'torchvision'
2026-10-01 16:26:21.553 Examining the path of transformers.models.poolformer.image_processing_poolformer_fast raised:
Traceback (most recent call last):
  File "C:\Users\Vignesh.Selvaraju\AppData\Local\Programs\Python\Python312\Lib\site-packages\streamlit\watcher\local_sources_watcher.py", line 330, in get_module_paths
    potential_paths = extract_paths(module)
                      ^^^^^^^^^^^^^^^^^^^^^
  File "C:\Users\Vignesh.Selvaraju\AppData\Local\Programs\Python\Python312\Lib\site-packages\streamlit\watcher\local_sources_watcher.py", line 317, in <lambda>
    if hasattr(m, "__path__")
       ^^^^^^^^^^^^^^^^^^^^^^
  File "C:\Users\Vignesh.Selvaraju\AppData\Local\Programs\Python\Python312\Lib\site-packages\transformers\__init__.py", line 862, in _getattr
    return getattr(importlib.import_module(target, __name__), name)
                   ^^^^^^^^^^^^^^^^^^^^^^^^^^^^^^^^^^^^^^^^^
  File "C:\Users\Vignesh.Selvaraju\AppData\Local\Programs\Python\Python312\Lib\importlib\__init__.py", line 90, in import_module
    return _bootstrap._gcd_import(name[level:], package, level)
           ^^^^^^^^^^^^^^^^^^^^^^^^^^^^^^^^^^^^^^^^^^^^^^^^^^^^
  File "<frozen importlib._bootstrap>", line 1387, in _gcd_import
  File "<frozen importlib._bootstrap>", line 1360, in _find_and_load
  File "<frozen importlib._bootstrap>", line 1331, in _find_and_load_unlocked
  File "<frozen importlib._bootstrap>", line 935, in _load_unlocked
  File "<frozen importlib._bootstrap_external>", line 999, in exec_module
  File "<frozen importlib._bootstrap>", line 488, in _call_with_frames_removed
  File "C:\Users\Vignesh.Selvaraju\AppData\Local\Programs\Python\Python312\Lib\site-packages\transformers\models\poolformer\image_processing_poolformer.py", line 17, in <module>
    from torchvision.transforms.v2 import functional as tvF
ModuleNotFoundError: No module named 'torchvision'
2026-10-01 16:26:21.556 Examining the path of transformers.models.pp_doclayout_v2.image_processing_pp_doclayout_v2_fast raised:
Traceback (most recent call last):
  File "C:\Users\Vignesh.Selvaraju\AppData\Local\Programs\Python\Python312\Lib\site-packages\streamlit\watcher\local_sources_watcher.py", line 330, in get_module_paths
    potential_paths = extract_paths(module)
                      ^^^^^^^^^^^^^^^^^^^^^
  File "C:\Users\Vignesh.Selvaraju\AppData\Local\Programs\Python\Python312\Lib\site-packages\streamlit\watcher\local_sources_watcher.py", line 317, in <lambda>
    if hasattr(m, "__path__")
       ^^^^^^^^^^^^^^^^^^^^^^
  File "C:\Users\Vignesh.Selvaraju\AppData\Local\Programs\Python\Python312\Lib\site-packages\transformers\__init__.py", line 862, in _getattr
    return getattr(importlib.import_module(target, __name__), name)
                   ^^^^^^^^^^^^^^^^^^^^^^^^^^^^^^^^^^^^^^^^^
  File "C:\Users\Vignesh.Selvaraju\AppData\Local\Programs\Python\Python312\Lib\importlib\__init__.py", line 90, in import_module
    return _bootstrap._gcd_import(name[level:], package, level)
           ^^^^^^^^^^^^^^^^^^^^^^^^^^^^^^^^^^^^^^^^^^^^^^^^^^^^
  File "<frozen importlib._bootstrap>", line 1387, in _gcd_import
  File "<frozen importlib._bootstrap>", line 1360, in _find_and_load
  File "<frozen importlib._bootstrap>", line 1331, in _find_and_load_unlocked
  File "<frozen importlib._bootstrap>", line 935, in _load_unlocked
  File "<frozen importlib._bootstrap_external>", line 999, in exec_module
  File "<frozen importlib._bootstrap>", line 488, in _call_with_frames_removed
  File "C:\Users\Vignesh.Selvaraju\AppData\Local\Programs\Python\Python312\Lib\site-packages\transformers\models\pp_doclayout_v2\image_processing_pp_doclayout_v2.py", line 23, in <module>
    from torchvision.transforms.v2 import functional as tvF
ModuleNotFoundError: No module named 'torchvision'
2026-10-01 16:26:21.560 Examining the path of transformers.models.pp_doclayout_v3.image_processing_pp_doclayout_v3_fast raised:
Traceback (most recent call last):
  File "C:\Users\Vignesh.Selvaraju\AppData\Local\Programs\Python\Python312\Lib\site-packages\streamlit\watcher\local_sources_watcher.py", line 330, in get_module_paths
    potential_paths = extract_paths(module)
                      ^^^^^^^^^^^^^^^^^^^^^
  File "C:\Users\Vignesh.Selvaraju\AppData\Local\Programs\Python\Python312\Lib\site-packages\streamlit\watcher\local_sources_watcher.py", line 317, in <lambda>
    if hasattr(m, "__path__")
       ^^^^^^^^^^^^^^^^^^^^^^
  File "C:\Users\Vignesh.Selvaraju\AppData\Local\Programs\Python\Python312\Lib\site-packages\transformers\__init__.py", line 862, in _getattr
    return getattr(importlib.import_module(target, __name__), name)
                   ^^^^^^^^^^^^^^^^^^^^^^^^^^^^^^^^^^^^^^^^^
  File "C:\Users\Vignesh.Selvaraju\AppData\Local\Programs\Python\Python312\Lib\importlib\__init__.py", line 90, in import_module
    return _bootstrap._gcd_import(name[level:], package, level)
           ^^^^^^^^^^^^^^^^^^^^^^^^^^^^^^^^^^^^^^^^^^^^^^^^^^^^
  File "<frozen importlib._bootstrap>", line 1387, in _gcd_import
  File "<frozen importlib._bootstrap>", line 1360, in _find_and_load
  File "<frozen importlib._bootstrap>", line 1331, in _find_and_load_unlocked
  File "<frozen importlib._bootstrap>", line 935, in _load_unlocked
  File "<frozen importlib._bootstrap_external>", line 999, in exec_module
  File "<frozen importlib._bootstrap>", line 488, in _call_with_frames_removed
  File "C:\Users\Vignesh.Selvaraju\AppData\Local\Programs\Python\Python312\Lib\site-packages\transformers\models\pp_doclayout_v3\image_processing_pp_doclayout_v3.py", line 24, in <module>
    from torchvision.transforms.v2 import functional as tvF
ModuleNotFoundError: No module named 'torchvision'
2026-10-01 16:26:21.564 Examining the path of transformers.models.pp_formulanet.image_processing_pp_formulanet_fast raised:
Traceback (most recent call last):
  File "C:\Users\Vignesh.Selvaraju\AppData\Local\Programs\Python\Python312\Lib\site-packages\streamlit\watcher\local_sources_watcher.py", line 330, in get_module_paths
    potential_paths = extract_paths(module)
                      ^^^^^^^^^^^^^^^^^^^^^
  File "C:\Users\Vignesh.Selvaraju\AppData\Local\Programs\Python\Python312\Lib\site-packages\streamlit\watcher\local_sources_watcher.py", line 317, in <lambda>
    if hasattr(m, "__path__")
       ^^^^^^^^^^^^^^^^^^^^^^
  File "C:\Users\Vignesh.Selvaraju\AppData\Local\Programs\Python\Python312\Lib\site-packages\transformers\__init__.py", line 862, in _getattr
    return getattr(importlib.import_module(target, __name__), name)
                   ^^^^^^^^^^^^^^^^^^^^^^^^^^^^^^^^^^^^^^^^^
  File "C:\Users\Vignesh.Selvaraju\AppData\Local\Programs\Python\Python312\Lib\importlib\__init__.py", line 90, in import_module
    return _bootstrap._gcd_import(name[level:], package, level)
           ^^^^^^^^^^^^^^^^^^^^^^^^^^^^^^^^^^^^^^^^^^^^^^^^^^^^
  File "<frozen importlib._bootstrap>", line 1387, in _gcd_import
  File "<frozen importlib._bootstrap>", line 1360, in _find_and_load
  File "<frozen importlib._bootstrap>", line 1331, in _find_and_load_unlocked
  File "<frozen importlib._bootstrap>", line 935, in _load_unlocked
  File "<frozen importlib._bootstrap_external>", line 999, in exec_module
  File "<frozen importlib._bootstrap>", line 488, in _call_with_frames_removed
  File "C:\Users\Vignesh.Selvaraju\AppData\Local\Programs\Python\Python312\Lib\site-packages\transformers\models\pp_formulanet\image_processing_pp_formulanet.py", line 23, in <module>
    from torchvision.transforms.v2 import functional as tvF
ModuleNotFoundError: No module named 'torchvision'
2026-10-01 16:26:21.568 Examining the path of transformers.models.pp_lcnet.image_processing_pp_lcnet_fast raised:
Traceback (most recent call last):
  File "C:\Users\Vignesh.Selvaraju\AppData\Local\Programs\Python\Python312\Lib\site-packages\streamlit\watcher\local_sources_watcher.py", line 330, in get_module_paths
    potential_paths = extract_paths(module)
                      ^^^^^^^^^^^^^^^^^^^^^
  File "C:\Users\Vignesh.Selvaraju\AppData\Local\Programs\Python\Python312\Lib\site-packages\streamlit\watcher\local_sources_watcher.py", line 317, in <lambda>
    if hasattr(m, "__path__")
       ^^^^^^^^^^^^^^^^^^^^^^
  File "C:\Users\Vignesh.Selvaraju\AppData\Local\Programs\Python\Python312\Lib\site-packages\transformers\__init__.py", line 862, in _getattr
    return getattr(importlib.import_module(target, __name__), name)
                   ^^^^^^^^^^^^^^^^^^^^^^^^^^^^^^^^^^^^^^^^^
  File "C:\Users\Vignesh.Selvaraju\AppData\Local\Programs\Python\Python312\Lib\importlib\__init__.py", line 90, in import_module
    return _bootstrap._gcd_import(name[level:], package, level)
           ^^^^^^^^^^^^^^^^^^^^^^^^^^^^^^^^^^^^^^^^^^^^^^^^^^^^
  File "<frozen importlib._bootstrap>", line 1387, in _gcd_import
  File "<frozen importlib._bootstrap>", line 1360, in _find_and_load
  File "<frozen importlib._bootstrap>", line 1331, in _find_and_load_unlocked
  File "<frozen importlib._bootstrap>", line 935, in _load_unlocked
  File "<frozen importlib._bootstrap_external>", line 999, in exec_module
  File "<frozen importlib._bootstrap>", line 488, in _call_with_frames_removed
  File "C:\Users\Vignesh.Selvaraju\AppData\Local\Programs\Python\Python312\Lib\site-packages\transformers\models\pp_lcnet\image_processing_pp_lcnet.py", line 24, in <module>
    import torchvision.transforms.v2.functional as tvF
ModuleNotFoundError: No module named 'torchvision'
2026-10-01 16:26:21.572 Examining the path of transformers.models.pp_ocrv5_server_det.image_processing_pp_ocrv5_server_det_fast raised:
Traceback (most recent call last):
  File "C:\Users\Vignesh.Selvaraju\AppData\Local\Programs\Python\Python312\Lib\site-packages\streamlit\watcher\local_sources_watcher.py", line 330, in get_module_paths
    potential_paths = extract_paths(module)
                      ^^^^^^^^^^^^^^^^^^^^^
  File "C:\Users\Vignesh.Selvaraju\AppData\Local\Programs\Python\Python312\Lib\site-packages\streamlit\watcher\local_sources_watcher.py", line 317, in <lambda>
    if hasattr(m, "__path__")
       ^^^^^^^^^^^^^^^^^^^^^^
  File "C:\Users\Vignesh.Selvaraju\AppData\Local\Programs\Python\Python312\Lib\site-packages\transformers\__init__.py", line 862, in _getattr
    return getattr(importlib.import_module(target, __name__), name)
                   ^^^^^^^^^^^^^^^^^^^^^^^^^^^^^^^^^^^^^^^^^
  File "C:\Users\Vignesh.Selvaraju\AppData\Local\Programs\Python\Python312\Lib\importlib\__init__.py", line 90, in import_module
    return _bootstrap._gcd_import(name[level:], package, level)
           ^^^^^^^^^^^^^^^^^^^^^^^^^^^^^^^^^^^^^^^^^^^^^^^^^^^^
  File "<frozen importlib._bootstrap>", line 1387, in _gcd_import
  File "<frozen importlib._bootstrap>", line 1360, in _find_and_load
  File "<frozen importlib._bootstrap>", line 1331, in _find_and_load_unlocked
  File "<frozen importlib._bootstrap>", line 935, in _load_unlocked
  File "<frozen importlib._bootstrap_external>", line 999, in exec_module
  File "<frozen importlib._bootstrap>", line 488, in _call_with_frames_removed
  File "C:\Users\Vignesh.Selvaraju\AppData\Local\Programs\Python\Python312\Lib\site-packages\transformers\models\pp_ocrv5_server_det\image_processing_pp_ocrv5_server_det.py", line 25, in <module>
    import torchvision.transforms.v2.functional as tvF
ModuleNotFoundError: No module named 'torchvision'
2026-10-01 16:26:21.576 Examining the path of transformers.models.pp_ocrv5_server_rec.image_processing_pp_ocrv5_server_rec_fast raised:
Traceback (most recent call last):
  File "C:\Users\Vignesh.Selvaraju\AppData\Local\Programs\Python\Python312\Lib\site-packages\streamlit\watcher\local_sources_watcher.py", line 330, in get_module_paths
    potential_paths = extract_paths(module)
                      ^^^^^^^^^^^^^^^^^^^^^
  File "C:\Users\Vignesh.Selvaraju\AppData\Local\Programs\Python\Python312\Lib\site-packages\streamlit\watcher\local_sources_watcher.py", line 317, in <lambda>
    if hasattr(m, "__path__")
       ^^^^^^^^^^^^^^^^^^^^^^
  File "C:\Users\Vignesh.Selvaraju\AppData\Local\Programs\Python\Python312\Lib\site-packages\transformers\__init__.py", line 862, in _getattr
    return getattr(importlib.import_module(target, __name__), name)
                   ^^^^^^^^^^^^^^^^^^^^^^^^^^^^^^^^^^^^^^^^^
  File "C:\Users\Vignesh.Selvaraju\AppData\Local\Programs\Python\Python312\Lib\importlib\__init__.py", line 90, in import_module
    return _bootstrap._gcd_import(name[level:], package, level)
           ^^^^^^^^^^^^^^^^^^^^^^^^^^^^^^^^^^^^^^^^^^^^^^^^^^^^
  File "<frozen importlib._bootstrap>", line 1387, in _gcd_import
  File "<frozen importlib._bootstrap>", line 1360, in _find_and_load
  File "<frozen importlib._bootstrap>", line 1331, in _find_and_load_unlocked
  File "<frozen importlib._bootstrap>", line 935, in _load_unlocked
  File "<frozen importlib._bootstrap_external>", line 999, in exec_module
  File "<frozen importlib._bootstrap>", line 488, in _call_with_frames_removed
  File "C:\Users\Vignesh.Selvaraju\AppData\Local\Programs\Python\Python312\Lib\site-packages\transformers\models\pp_ocrv5_server_rec\image_processing_pp_ocrv5_server_rec.py", line 24, in <module>
    import torchvision.transforms.v2.functional as tvF
ModuleNotFoundError: No module named 'torchvision'
2026-10-01 16:26:21.580 Examining the path of transformers.models.pp_ocrv6_small_rec.image_processing_pp_ocrv6_small_rec_fast raised:
Traceback (most recent call last):
  File "C:\Users\Vignesh.Selvaraju\AppData\Local\Programs\Python\Python312\Lib\site-packages\streamlit\watcher\local_sources_watcher.py", line 330, in get_module_paths
    potential_paths = extract_paths(module)
                      ^^^^^^^^^^^^^^^^^^^^^
  File "C:\Users\Vignesh.Selvaraju\AppData\Local\Programs\Python\Python312\Lib\site-packages\streamlit\watcher\local_sources_watcher.py", line 317, in <lambda>
    if hasattr(m, "__path__")
       ^^^^^^^^^^^^^^^^^^^^^^
  File "C:\Users\Vignesh.Selvaraju\AppData\Local\Programs\Python\Python312\Lib\site-packages\transformers\__init__.py", line 862, in _getattr
    return getattr(importlib.import_module(target, __name__), name)
                   ^^^^^^^^^^^^^^^^^^^^^^^^^^^^^^^^^^^^^^^^^
  File "C:\Users\Vignesh.Selvaraju\AppData\Local\Programs\Python\Python312\Lib\importlib\__init__.py", line 90, in import_module
    return _bootstrap._gcd_import(name[level:], package, level)
           ^^^^^^^^^^^^^^^^^^^^^^^^^^^^^^^^^^^^^^^^^^^^^^^^^^^^
  File "<frozen importlib._bootstrap>", line 1387, in _gcd_import
  File "<frozen importlib._bootstrap>", line 1360, in _find_and_load
  File "<frozen importlib._bootstrap>", line 1331, in _find_and_load_unlocked
  File "<frozen importlib._bootstrap>", line 935, in _load_unlocked
  File "<frozen importlib._bootstrap_external>", line 999, in exec_module
  File "<frozen importlib._bootstrap>", line 488, in _call_with_frames_removed
  File "C:\Users\Vignesh.Selvaraju\AppData\Local\Programs\Python\Python312\Lib\site-packages\transformers\models\pp_ocrv6_small_rec\image_processing_pp_ocrv6_small_rec.py", line 24, in <module>
    import torchvision.transforms.v2.functional as tvF
ModuleNotFoundError: No module named 'torchvision'
2026-10-01 16:26:21.585 Examining the path of transformers.models.prompt_depth_anything.image_processing_prompt_depth_anything_fast raised:
Traceback (most recent call last):
  File "C:\Users\Vignesh.Selvaraju\AppData\Local\Programs\Python\Python312\Lib\site-packages\streamlit\watcher\local_sources_watcher.py", line 330, in get_module_paths
    potential_paths = extract_paths(module)
                      ^^^^^^^^^^^^^^^^^^^^^
  File "C:\Users\Vignesh.Selvaraju\AppData\Local\Programs\Python\Python312\Lib\site-packages\streamlit\watcher\local_sources_watcher.py", line 317, in <lambda>
    if hasattr(m, "__path__")
       ^^^^^^^^^^^^^^^^^^^^^^
  File "C:\Users\Vignesh.Selvaraju\AppData\Local\Programs\Python\Python312\Lib\site-packages\transformers\__init__.py", line 862, in _getattr
    return getattr(importlib.import_module(target, __name__), name)
                   ^^^^^^^^^^^^^^^^^^^^^^^^^^^^^^^^^^^^^^^^^
  File "C:\Users\Vignesh.Selvaraju\AppData\Local\Programs\Python\Python312\Lib\importlib\__init__.py", line 90, in import_module
    return _bootstrap._gcd_import(name[level:], package, level)
           ^^^^^^^^^^^^^^^^^^^^^^^^^^^^^^^^^^^^^^^^^^^^^^^^^^^^
  File "<frozen importlib._bootstrap>", line 1387, in _gcd_import
  File "<frozen importlib._bootstrap>", line 1360, in _find_and_load
  File "<frozen importlib._bootstrap>", line 1331, in _find_and_load_unlocked
  File "<frozen importlib._bootstrap>", line 935, in _load_unlocked
  File "<frozen importlib._bootstrap_external>", line 999, in exec_module
  File "<frozen importlib._bootstrap>", line 488, in _call_with_frames_removed
  File "C:\Users\Vignesh.Selvaraju\AppData\Local\Programs\Python\Python312\Lib\site-packages\transformers\models\prompt_depth_anything\image_processing_prompt_depth_anything.py", line 42, in <module>
    from torchvision.transforms.v2 import functional as tvF
ModuleNotFoundError: No module named 'torchvision'
2026-10-01 16:26:21.588 Examining the path of transformers.models.qwen2_vl.image_processing_qwen2_vl_fast raised:
Traceback (most recent call last):
  File "C:\Users\Vignesh.Selvaraju\AppData\Local\Programs\Python\Python312\Lib\site-packages\streamlit\watcher\local_sources_watcher.py", line 330, in get_module_paths
    potential_paths = extract_paths(module)
                      ^^^^^^^^^^^^^^^^^^^^^
  File "C:\Users\Vignesh.Selvaraju\AppData\Local\Programs\Python\Python312\Lib\site-packages\streamlit\watcher\local_sources_watcher.py", line 317, in <lambda>
    if hasattr(m, "__path__")
       ^^^^^^^^^^^^^^^^^^^^^^
  File "C:\Users\Vignesh.Selvaraju\AppData\Local\Programs\Python\Python312\Lib\site-packages\transformers\__init__.py", line 862, in _getattr
    return getattr(importlib.import_module(target, __name__), name)
                   ^^^^^^^^^^^^^^^^^^^^^^^^^^^^^^^^^^^^^^^^^
  File "C:\Users\Vignesh.Selvaraju\AppData\Local\Programs\Python\Python312\Lib\importlib\__init__.py", line 90, in import_module
    return _bootstrap._gcd_import(name[level:], package, level)
           ^^^^^^^^^^^^^^^^^^^^^^^^^^^^^^^^^^^^^^^^^^^^^^^^^^^^
  File "<frozen importlib._bootstrap>", line 1387, in _gcd_import
  File "<frozen importlib._bootstrap>", line 1360, in _find_and_load
  File "<frozen importlib._bootstrap>", line 1331, in _find_and_load_unlocked
  File "<frozen importlib._bootstrap>", line 935, in _load_unlocked
  File "<frozen importlib._bootstrap_external>", line 999, in exec_module
  File "<frozen importlib._bootstrap>", line 488, in _call_with_frames_removed
  File "C:\Users\Vignesh.Selvaraju\AppData\Local\Programs\Python\Python312\Lib\site-packages\transformers\models\qwen2_vl\image_processing_qwen2_vl.py", line 25, in <module>
    from torchvision.transforms.v2 import functional as tvF
ModuleNotFoundError: No module named 'torchvision'
2026-10-01 16:26:21.592 Examining the path of transformers.models.rf_detr.image_processing_rf_detr_fast raised:
Traceback (most recent call last):
  File "C:\Users\Vignesh.Selvaraju\AppData\Local\Programs\Python\Python312\Lib\site-packages\streamlit\watcher\local_sources_watcher.py", line 330, in get_module_paths
    potential_paths = extract_paths(module)
                      ^^^^^^^^^^^^^^^^^^^^^
  File "C:\Users\Vignesh.Selvaraju\AppData\Local\Programs\Python\Python312\Lib\site-packages\streamlit\watcher\local_sources_watcher.py", line 317, in <lambda>
    if hasattr(m, "__path__")
       ^^^^^^^^^^^^^^^^^^^^^^
  File "C:\Users\Vignesh.Selvaraju\AppData\Local\Programs\Python\Python312\Lib\site-packages\transformers\__init__.py", line 862, in _getattr
    return getattr(importlib.import_module(target, __name__), name)
                   ^^^^^^^^^^^^^^^^^^^^^^^^^^^^^^^^^^^^^^^^^
  File "C:\Users\Vignesh.Selvaraju\AppData\Local\Programs\Python\Python312\Lib\importlib\__init__.py", line 90, in import_module
    return _bootstrap._gcd_import(name[level:], package, level)
           ^^^^^^^^^^^^^^^^^^^^^^^^^^^^^^^^^^^^^^^^^^^^^^^^^^^^
  File "<frozen importlib._bootstrap>", line 1387, in _gcd_import
  File "<frozen importlib._bootstrap>", line 1360, in _find_and_load
  File "<frozen importlib._bootstrap>", line 1331, in _find_and_load_unlocked
  File "<frozen importlib._bootstrap>", line 935, in _load_unlocked
  File "<frozen importlib._bootstrap_external>", line 999, in exec_module
  File "<frozen importlib._bootstrap>", line 488, in _call_with_frames_removed
  File "C:\Users\Vignesh.Selvaraju\AppData\Local\Programs\Python\Python312\Lib\site-packages\transformers\models\rf_detr\image_processing_rf_detr.py", line 26, in <module>
    from torchvision.transforms.v2 import functional as tvF
ModuleNotFoundError: No module named 'torchvision'
2026-10-01 16:26:21.597 Examining the path of transformers.models.rt_detr.image_processing_rt_detr_fast raised:
Traceback (most recent call last):
  File "C:\Users\Vignesh.Selvaraju\AppData\Local\Programs\Python\Python312\Lib\site-packages\streamlit\watcher\local_sources_watcher.py", line 330, in get_module_paths
    potential_paths = extract_paths(module)
                      ^^^^^^^^^^^^^^^^^^^^^
  File "C:\Users\Vignesh.Selvaraju\AppData\Local\Programs\Python\Python312\Lib\site-packages\streamlit\watcher\local_sources_watcher.py", line 317, in <lambda>
    if hasattr(m, "__path__")
       ^^^^^^^^^^^^^^^^^^^^^^
  File "C:\Users\Vignesh.Selvaraju\AppData\Local\Programs\Python\Python312\Lib\site-packages\transformers\__init__.py", line 862, in _getattr
    return getattr(importlib.import_module(target, __name__), name)
                   ^^^^^^^^^^^^^^^^^^^^^^^^^^^^^^^^^^^^^^^^^
  File "C:\Users\Vignesh.Selvaraju\AppData\Local\Programs\Python\Python312\Lib\importlib\__init__.py", line 90, in import_module
    return _bootstrap._gcd_import(name[level:], package, level)
           ^^^^^^^^^^^^^^^^^^^^^^^^^^^^^^^^^^^^^^^^^^^^^^^^^^^^
  File "<frozen importlib._bootstrap>", line 1387, in _gcd_import
  File "<frozen importlib._bootstrap>", line 1360, in _find_and_load
  File "<frozen importlib._bootstrap>", line 1331, in _find_and_load_unlocked
  File "<frozen importlib._bootstrap>", line 935, in _load_unlocked
  File "<frozen importlib._bootstrap_external>", line 999, in exec_module
  File "<frozen importlib._bootstrap>", line 488, in _call_with_frames_removed
  File "C:\Users\Vignesh.Selvaraju\AppData\Local\Programs\Python\Python312\Lib\site-packages\transformers\models\rt_detr\image_processing_rt_detr.py", line 24, in <module>
    from torchvision.transforms.v2 import functional as tvF
ModuleNotFoundError: No module named 'torchvision'
2026-10-01 16:26:21.602 Examining the path of transformers.models.sam.image_processing_sam_fast raised:
Traceback (most recent call last):
  File "C:\Users\Vignesh.Selvaraju\AppData\Local\Programs\Python\Python312\Lib\site-packages\streamlit\watcher\local_sources_watcher.py", line 330, in get_module_paths
    potential_paths = extract_paths(module)
                      ^^^^^^^^^^^^^^^^^^^^^
  File "C:\Users\Vignesh.Selvaraju\AppData\Local\Programs\Python\Python312\Lib\site-packages\streamlit\watcher\local_sources_watcher.py", line 317, in <lambda>
    if hasattr(m, "__path__")
       ^^^^^^^^^^^^^^^^^^^^^^
  File "C:\Users\Vignesh.Selvaraju\AppData\Local\Programs\Python\Python312\Lib\site-packages\transformers\__init__.py", line 862, in _getattr
    return getattr(importlib.import_module(target, __name__), name)
                   ^^^^^^^^^^^^^^^^^^^^^^^^^^^^^^^^^^^^^^^^^
  File "C:\Users\Vignesh.Selvaraju\AppData\Local\Programs\Python\Python312\Lib\importlib\__init__.py", line 90, in import_module
    return _bootstrap._gcd_import(name[level:], package, level)
           ^^^^^^^^^^^^^^^^^^^^^^^^^^^^^^^^^^^^^^^^^^^^^^^^^^^^
  File "<frozen importlib._bootstrap>", line 1387, in _gcd_import
  File "<frozen importlib._bootstrap>", line 1360, in _find_and_load
  File "<frozen importlib._bootstrap>", line 1331, in _find_and_load_unlocked
  File "<frozen importlib._bootstrap>", line 935, in _load_unlocked
  File "<frozen importlib._bootstrap_external>", line 999, in exec_module
  File "<frozen importlib._bootstrap>", line 488, in _call_with_frames_removed
  File "C:\Users\Vignesh.Selvaraju\AppData\Local\Programs\Python\Python312\Lib\site-packages\transformers\models\sam\image_processing_sam.py", line 25, in <module>
    from torchvision.ops.boxes import batched_nms
ModuleNotFoundError: No module named 'torchvision'
2026-10-01 16:26:21.607 Examining the path of transformers.models.sam2.image_processing_sam2_fast raised:
Traceback (most recent call last):
  File "C:\Users\Vignesh.Selvaraju\AppData\Local\Programs\Python\Python312\Lib\site-packages\streamlit\watcher\local_sources_watcher.py", line 330, in get_module_paths
    potential_paths = extract_paths(module)
                      ^^^^^^^^^^^^^^^^^^^^^
  File "C:\Users\Vignesh.Selvaraju\AppData\Local\Programs\Python\Python312\Lib\site-packages\streamlit\watcher\local_sources_watcher.py", line 317, in <lambda>
    if hasattr(m, "__path__")
       ^^^^^^^^^^^^^^^^^^^^^^
  File "C:\Users\Vignesh.Selvaraju\AppData\Local\Programs\Python\Python312\Lib\site-packages\transformers\__init__.py", line 862, in _getattr
    return getattr(importlib.import_module(target, __name__), name)
                   ^^^^^^^^^^^^^^^^^^^^^^^^^^^^^^^^^^^^^^^^^
  File "C:\Users\Vignesh.Selvaraju\AppData\Local\Programs\Python\Python312\Lib\importlib\__init__.py", line 90, in import_module
    return _bootstrap._gcd_import(name[level:], package, level)
           ^^^^^^^^^^^^^^^^^^^^^^^^^^^^^^^^^^^^^^^^^^^^^^^^^^^^
  File "<frozen importlib._bootstrap>", line 1387, in _gcd_import
  File "<frozen importlib._bootstrap>", line 1360, in _find_and_load
  File "<frozen importlib._bootstrap>", line 1331, in _find_and_load_unlocked
  File "<frozen importlib._bootstrap>", line 935, in _load_unlocked
  File "<frozen importlib._bootstrap_external>", line 999, in exec_module
  File "<frozen importlib._bootstrap>", line 488, in _call_with_frames_removed
  File "C:\Users\Vignesh.Selvaraju\AppData\Local\Programs\Python\Python312\Lib\site-packages\transformers\models\sam2\image_processing_sam2.py", line 28, in <module>
    from torchvision.ops.boxes import batched_nms
ModuleNotFoundError: No module named 'torchvision'
2026-10-01 16:26:21.610 Examining the path of transformers.models.sam3.image_processing_sam3_fast raised:
Traceback (most recent call last):
  File "C:\Users\Vignesh.Selvaraju\AppData\Local\Programs\Python\Python312\Lib\site-packages\streamlit\watcher\local_sources_watcher.py", line 330, in get_module_paths
    potential_paths = extract_paths(module)
                      ^^^^^^^^^^^^^^^^^^^^^
  File "C:\Users\Vignesh.Selvaraju\AppData\Local\Programs\Python\Python312\Lib\site-packages\streamlit\watcher\local_sources_watcher.py", line 317, in <lambda>
    if hasattr(m, "__path__")
       ^^^^^^^^^^^^^^^^^^^^^^
  File "C:\Users\Vignesh.Selvaraju\AppData\Local\Programs\Python\Python312\Lib\site-packages\transformers\__init__.py", line 862, in _getattr
    return getattr(importlib.import_module(target, __name__), name)
                   ^^^^^^^^^^^^^^^^^^^^^^^^^^^^^^^^^^^^^^^^^
  File "C:\Users\Vignesh.Selvaraju\AppData\Local\Programs\Python\Python312\Lib\importlib\__init__.py", line 90, in import_module
    return _bootstrap._gcd_import(name[level:], package, level)
           ^^^^^^^^^^^^^^^^^^^^^^^^^^^^^^^^^^^^^^^^^^^^^^^^^^^^
  File "<frozen importlib._bootstrap>", line 1387, in _gcd_import
  File "<frozen importlib._bootstrap>", line 1360, in _find_and_load
  File "<frozen importlib._bootstrap>", line 1331, in _find_and_load_unlocked
  File "<frozen importlib._bootstrap>", line 935, in _load_unlocked
  File "<frozen importlib._bootstrap_external>", line 999, in exec_module
  File "<frozen importlib._bootstrap>", line 488, in _call_with_frames_removed
  File "C:\Users\Vignesh.Selvaraju\AppData\Local\Programs\Python\Python312\Lib\site-packages\transformers\models\sam3\image_processing_sam3.py", line 30, in <module>
    from torchvision.ops.boxes import batched_nms
ModuleNotFoundError: No module named 'torchvision'
2026-10-01 16:26:21.613 Examining the path of transformers.models.sapiens2.image_processing_sapiens2_fast raised:
Traceback (most recent call last):
  File "C:\Users\Vignesh.Selvaraju\AppData\Local\Programs\Python\Python312\Lib\site-packages\streamlit\watcher\local_sources_watcher.py", line 330, in get_module_paths
    potential_paths = extract_paths(module)
                      ^^^^^^^^^^^^^^^^^^^^^
  File "C:\Users\Vignesh.Selvaraju\AppData\Local\Programs\Python\Python312\Lib\site-packages\streamlit\watcher\local_sources_watcher.py", line 317, in <lambda>
    if hasattr(m, "__path__")
       ^^^^^^^^^^^^^^^^^^^^^^
  File "C:\Users\Vignesh.Selvaraju\AppData\Local\Programs\Python\Python312\Lib\site-packages\transformers\__init__.py", line 862, in _getattr
    return getattr(importlib.import_module(target, __name__), name)
                   ^^^^^^^^^^^^^^^^^^^^^^^^^^^^^^^^^^^^^^^^^
  File "C:\Users\Vignesh.Selvaraju\AppData\Local\Programs\Python\Python312\Lib\importlib\__init__.py", line 90, in import_module
    return _bootstrap._gcd_import(name[level:], package, level)
           ^^^^^^^^^^^^^^^^^^^^^^^^^^^^^^^^^^^^^^^^^^^^^^^^^^^^
  File "<frozen importlib._bootstrap>", line 1387, in _gcd_import
  File "<frozen importlib._bootstrap>", line 1360, in _find_and_load
  File "<frozen importlib._bootstrap>", line 1331, in _find_and_load_unlocked
  File "<frozen importlib._bootstrap>", line 935, in _load_unlocked
  File "<frozen importlib._bootstrap_external>", line 999, in exec_module
  File "<frozen importlib._bootstrap>", line 488, in _call_with_frames_removed
  File "C:\Users\Vignesh.Selvaraju\AppData\Local\Programs\Python\Python312\Lib\site-packages\transformers\models\sapiens2\image_processing_sapiens2.py", line 23, in <module>
    from torchvision.transforms.v2 import functional as tvF
ModuleNotFoundError: No module named 'torchvision'
2026-10-01 16:26:21.617 Examining the path of transformers.models.segformer.image_processing_segformer_fast raised:
Traceback (most recent call last):
  File "C:\Users\Vignesh.Selvaraju\AppData\Local\Programs\Python\Python312\Lib\site-packages\streamlit\watcher\local_sources_watcher.py", line 330, in get_module_paths
    potential_paths = extract_paths(module)
                      ^^^^^^^^^^^^^^^^^^^^^
  File "C:\Users\Vignesh.Selvaraju\AppData\Local\Programs\Python\Python312\Lib\site-packages\streamlit\watcher\local_sources_watcher.py", line 317, in <lambda>
    if hasattr(m, "__path__")
       ^^^^^^^^^^^^^^^^^^^^^^
  File "C:\Users\Vignesh.Selvaraju\AppData\Local\Programs\Python\Python312\Lib\site-packages\transformers\__init__.py", line 862, in _getattr
    return getattr(importlib.import_module(target, __name__), name)
                   ^^^^^^^^^^^^^^^^^^^^^^^^^^^^^^^^^^^^^^^^^
  File "C:\Users\Vignesh.Selvaraju\AppData\Local\Programs\Python\Python312\Lib\importlib\__init__.py", line 90, in import_module
    return _bootstrap._gcd_import(name[level:], package, level)
           ^^^^^^^^^^^^^^^^^^^^^^^^^^^^^^^^^^^^^^^^^^^^^^^^^^^^
  File "<frozen importlib._bootstrap>", line 1387, in _gcd_import
  File "<frozen importlib._bootstrap>", line 1360, in _find_and_load
  File "<frozen importlib._bootstrap>", line 1331, in _find_and_load_unlocked
  File "<frozen importlib._bootstrap>", line 935, in _load_unlocked
  File "<frozen importlib._bootstrap_external>", line 999, in exec_module
  File "<frozen importlib._bootstrap>", line 488, in _call_with_frames_removed
  File "C:\Users\Vignesh.Selvaraju\AppData\Local\Programs\Python\Python312\Lib\site-packages\transformers\models\segformer\image_processing_segformer.py", line 25, in <module>
    import torchvision.transforms.v2.functional as tvF
ModuleNotFoundError: No module named 'torchvision'
2026-10-01 16:26:21.620 Examining the path of transformers.models.seggpt.image_processing_seggpt_fast raised:
Traceback (most recent call last):
  File "C:\Users\Vignesh.Selvaraju\AppData\Local\Programs\Python\Python312\Lib\site-packages\streamlit\watcher\local_sources_watcher.py", line 330, in get_module_paths
    potential_paths = extract_paths(module)
                      ^^^^^^^^^^^^^^^^^^^^^
  File "C:\Users\Vignesh.Selvaraju\AppData\Local\Programs\Python\Python312\Lib\site-packages\streamlit\watcher\local_sources_watcher.py", line 317, in <lambda>
    if hasattr(m, "__path__")
       ^^^^^^^^^^^^^^^^^^^^^^
  File "C:\Users\Vignesh.Selvaraju\AppData\Local\Programs\Python\Python312\Lib\site-packages\transformers\__init__.py", line 862, in _getattr
    return getattr(importlib.import_module(target, __name__), name)
                   ^^^^^^^^^^^^^^^^^^^^^^^^^^^^^^^^^^^^^^^^^
  File "C:\Users\Vignesh.Selvaraju\AppData\Local\Programs\Python\Python312\Lib\importlib\__init__.py", line 90, in import_module
    return _bootstrap._gcd_import(name[level:], package, level)
           ^^^^^^^^^^^^^^^^^^^^^^^^^^^^^^^^^^^^^^^^^^^^^^^^^^^^
  File "<frozen importlib._bootstrap>", line 1387, in _gcd_import
  File "<frozen importlib._bootstrap>", line 1360, in _find_and_load
  File "<frozen importlib._bootstrap>", line 1331, in _find_and_load_unlocked
  File "<frozen importlib._bootstrap>", line 935, in _load_unlocked
  File "<frozen importlib._bootstrap_external>", line 999, in exec_module
  File "<frozen importlib._bootstrap>", line 488, in _call_with_frames_removed
  File "C:\Users\Vignesh.Selvaraju\AppData\Local\Programs\Python\Python312\Lib\site-packages\transformers\models\seggpt\image_processing_seggpt.py", line 20, in <module>
    from torchvision.transforms.v2 import functional as tvF
ModuleNotFoundError: No module named 'torchvision'
2026-10-01 16:26:21.623 Examining the path of transformers.models.siglip2.image_processing_siglip2_fast raised:
Traceback (most recent call last):
  File "C:\Users\Vignesh.Selvaraju\AppData\Local\Programs\Python\Python312\Lib\site-packages\streamlit\watcher\local_sources_watcher.py", line 330, in get_module_paths
    potential_paths = extract_paths(module)
                      ^^^^^^^^^^^^^^^^^^^^^
  File "C:\Users\Vignesh.Selvaraju\AppData\Local\Programs\Python\Python312\Lib\site-packages\streamlit\watcher\local_sources_watcher.py", line 317, in <lambda>
    if hasattr(m, "__path__")
       ^^^^^^^^^^^^^^^^^^^^^^
  File "C:\Users\Vignesh.Selvaraju\AppData\Local\Programs\Python\Python312\Lib\site-packages\transformers\__init__.py", line 862, in _getattr
    return getattr(importlib.import_module(target, __name__), name)
                   ^^^^^^^^^^^^^^^^^^^^^^^^^^^^^^^^^^^^^^^^^
  File "C:\Users\Vignesh.Selvaraju\AppData\Local\Programs\Python\Python312\Lib\importlib\__init__.py", line 90, in import_module
    return _bootstrap._gcd_import(name[level:], package, level)
           ^^^^^^^^^^^^^^^^^^^^^^^^^^^^^^^^^^^^^^^^^^^^^^^^^^^^
  File "<frozen importlib._bootstrap>", line 1387, in _gcd_import
  File "<frozen importlib._bootstrap>", line 1360, in _find_and_load
  File "<frozen importlib._bootstrap>", line 1331, in _find_and_load_unlocked
  File "<frozen importlib._bootstrap>", line 935, in _load_unlocked
  File "<frozen importlib._bootstrap_external>", line 999, in exec_module
  File "<frozen importlib._bootstrap>", line 488, in _call_with_frames_removed
  File "C:\Users\Vignesh.Selvaraju\AppData\Local\Programs\Python\Python312\Lib\site-packages\transformers\models\siglip2\image_processing_siglip2.py", line 17, in <module>
    from torchvision.transforms.v2 import functional as tvF
ModuleNotFoundError: No module named 'torchvision'
2026-10-01 16:26:21.627 Examining the path of transformers.models.slanext.image_processing_slanext_fast raised:
Traceback (most recent call last):
  File "C:\Users\Vignesh.Selvaraju\AppData\Local\Programs\Python\Python312\Lib\site-packages\streamlit\watcher\local_sources_watcher.py", line 330, in get_module_paths
    potential_paths = extract_paths(module)
                      ^^^^^^^^^^^^^^^^^^^^^
  File "C:\Users\Vignesh.Selvaraju\AppData\Local\Programs\Python\Python312\Lib\site-packages\streamlit\watcher\local_sources_watcher.py", line 317, in <lambda>
    if hasattr(m, "__path__")
       ^^^^^^^^^^^^^^^^^^^^^^
  File "C:\Users\Vignesh.Selvaraju\AppData\Local\Programs\Python\Python312\Lib\site-packages\transformers\__init__.py", line 862, in _getattr
    return getattr(importlib.import_module(target, __name__), name)
                   ^^^^^^^^^^^^^^^^^^^^^^^^^^^^^^^^^^^^^^^^^
  File "C:\Users\Vignesh.Selvaraju\AppData\Local\Programs\Python\Python312\Lib\importlib\__init__.py", line 90, in import_module
    return _bootstrap._gcd_import(name[level:], package, level)
           ^^^^^^^^^^^^^^^^^^^^^^^^^^^^^^^^^^^^^^^^^^^^^^^^^^^^
  File "<frozen importlib._bootstrap>", line 1387, in _gcd_import
  File "<frozen importlib._bootstrap>", line 1360, in _find_and_load
  File "<frozen importlib._bootstrap>", line 1331, in _find_and_load_unlocked
  File "<frozen importlib._bootstrap>", line 935, in _load_unlocked
  File "<frozen importlib._bootstrap_external>", line 999, in exec_module
  File "<frozen importlib._bootstrap>", line 488, in _call_with_frames_removed
  File "C:\Users\Vignesh.Selvaraju\AppData\Local\Programs\Python\Python312\Lib\site-packages\transformers\models\slanext\image_processing_slanext.py", line 23, in <module>
    import torchvision.transforms.v2.functional as tvF
ModuleNotFoundError: No module named 'torchvision'
2026-10-01 16:26:21.630 Examining the path of transformers.models.smolvlm.image_processing_smolvlm_fast raised:
Traceback (most recent call last):
  File "C:\Users\Vignesh.Selvaraju\AppData\Local\Programs\Python\Python312\Lib\site-packages\streamlit\watcher\local_sources_watcher.py", line 330, in get_module_paths
    potential_paths = extract_paths(module)
                      ^^^^^^^^^^^^^^^^^^^^^
  File "C:\Users\Vignesh.Selvaraju\AppData\Local\Programs\Python\Python312\Lib\site-packages\streamlit\watcher\local_sources_watcher.py", line 317, in <lambda>
    if hasattr(m, "__path__")
       ^^^^^^^^^^^^^^^^^^^^^^
  File "C:\Users\Vignesh.Selvaraju\AppData\Local\Programs\Python\Python312\Lib\site-packages\transformers\__init__.py", line 862, in _getattr
    return getattr(importlib.import_module(target, __name__), name)
                   ^^^^^^^^^^^^^^^^^^^^^^^^^^^^^^^^^^^^^^^^^
  File "C:\Users\Vignesh.Selvaraju\AppData\Local\Programs\Python\Python312\Lib\importlib\__init__.py", line 90, in import_module
    return _bootstrap._gcd_import(name[level:], package, level)
           ^^^^^^^^^^^^^^^^^^^^^^^^^^^^^^^^^^^^^^^^^^^^^^^^^^^^
  File "<frozen importlib._bootstrap>", line 1387, in _gcd_import
  File "<frozen importlib._bootstrap>", line 1360, in _find_and_load
  File "<frozen importlib._bootstrap>", line 1331, in _find_and_load_unlocked
  File "<frozen importlib._bootstrap>", line 935, in _load_unlocked
  File "<frozen importlib._bootstrap_external>", line 999, in exec_module
  File "<frozen importlib._bootstrap>", line 488, in _call_with_frames_removed
  File "C:\Users\Vignesh.Selvaraju\AppData\Local\Programs\Python\Python312\Lib\site-packages\transformers\models\smolvlm\image_processing_smolvlm.py", line 27, in <module>
    from torchvision.transforms.v2 import functional as tvF
ModuleNotFoundError: No module named 'torchvision'
2026-10-01 16:26:21.634 Examining the path of transformers.models.superglue.image_processing_superglue_fast raised:
Traceback (most recent call last):
  File "C:\Users\Vignesh.Selvaraju\AppData\Local\Programs\Python\Python312\Lib\site-packages\streamlit\watcher\local_sources_watcher.py", line 330, in get_module_paths
    potential_paths = extract_paths(module)
                      ^^^^^^^^^^^^^^^^^^^^^
  File "C:\Users\Vignesh.Selvaraju\AppData\Local\Programs\Python\Python312\Lib\site-packages\streamlit\watcher\local_sources_watcher.py", line 317, in <lambda>
    if hasattr(m, "__path__")
       ^^^^^^^^^^^^^^^^^^^^^^
  File "C:\Users\Vignesh.Selvaraju\AppData\Local\Programs\Python\Python312\Lib\site-packages\transformers\__init__.py", line 862, in _getattr
    return getattr(importlib.import_module(target, __name__), name)
                   ^^^^^^^^^^^^^^^^^^^^^^^^^^^^^^^^^^^^^^^^^
  File "C:\Users\Vignesh.Selvaraju\AppData\Local\Programs\Python\Python312\Lib\importlib\__init__.py", line 90, in import_module
    return _bootstrap._gcd_import(name[level:], package, level)
           ^^^^^^^^^^^^^^^^^^^^^^^^^^^^^^^^^^^^^^^^^^^^^^^^^^^^
  File "<frozen importlib._bootstrap>", line 1387, in _gcd_import
  File "<frozen importlib._bootstrap>", line 1360, in _find_and_load
  File "<frozen importlib._bootstrap>", line 1331, in _find_and_load_unlocked
  File "<frozen importlib._bootstrap>", line 935, in _load_unlocked
  File "<frozen importlib._bootstrap_external>", line 999, in exec_module
  File "<frozen importlib._bootstrap>", line 488, in _call_with_frames_removed
  File "C:\Users\Vignesh.Selvaraju\AppData\Local\Programs\Python\Python312\Lib\site-packages\transformers\models\superglue\image_processing_superglue.py", line 47, in <module>
    from torchvision.transforms.v2 import functional as tvF
ModuleNotFoundError: No module named 'torchvision'
2026-10-01 16:26:21.636 Examining the path of transformers.models.superpoint.image_processing_superpoint_fast raised:
Traceback (most recent call last):
  File "C:\Users\Vignesh.Selvaraju\AppData\Local\Programs\Python\Python312\Lib\site-packages\streamlit\watcher\local_sources_watcher.py", line 330, in get_module_paths
    potential_paths = extract_paths(module)
                      ^^^^^^^^^^^^^^^^^^^^^
  File "C:\Users\Vignesh.Selvaraju\AppData\Local\Programs\Python\Python312\Lib\site-packages\streamlit\watcher\local_sources_watcher.py", line 317, in <lambda>
    if hasattr(m, "__path__")
       ^^^^^^^^^^^^^^^^^^^^^^
  File "C:\Users\Vignesh.Selvaraju\AppData\Local\Programs\Python\Python312\Lib\site-packages\transformers\__init__.py", line 862, in _getattr
    return getattr(importlib.import_module(target, __name__), name)
                   ^^^^^^^^^^^^^^^^^^^^^^^^^^^^^^^^^^^^^^^^^
  File "C:\Users\Vignesh.Selvaraju\AppData\Local\Programs\Python\Python312\Lib\importlib\__init__.py", line 90, in import_module
    return _bootstrap._gcd_import(name[level:], package, level)
           ^^^^^^^^^^^^^^^^^^^^^^^^^^^^^^^^^^^^^^^^^^^^^^^^^^^^
  File "<frozen importlib._bootstrap>", line 1387, in _gcd_import
  File "<frozen importlib._bootstrap>", line 1360, in _find_and_load
  File "<frozen importlib._bootstrap>", line 1331, in _find_and_load_unlocked
  File "<frozen importlib._bootstrap>", line 935, in _load_unlocked
  File "<frozen importlib._bootstrap_external>", line 999, in exec_module
  File "<frozen importlib._bootstrap>", line 488, in _call_with_frames_removed
  File "C:\Users\Vignesh.Selvaraju\AppData\Local\Programs\Python\Python312\Lib\site-packages\transformers\models\superpoint\image_processing_superpoint.py", line 31, in <module>
    from torchvision.transforms.v2 import functional as tvF
ModuleNotFoundError: No module named 'torchvision'
2026-10-01 16:26:21.639 Examining the path of transformers.models.swin2sr.image_processing_swin2sr_fast raised:
Traceback (most recent call last):
  File "C:\Users\Vignesh.Selvaraju\AppData\Local\Programs\Python\Python312\Lib\site-packages\streamlit\watcher\local_sources_watcher.py", line 330, in get_module_paths
    potential_paths = extract_paths(module)
                      ^^^^^^^^^^^^^^^^^^^^^
  File "C:\Users\Vignesh.Selvaraju\AppData\Local\Programs\Python\Python312\Lib\site-packages\streamlit\watcher\local_sources_watcher.py", line 317, in <lambda>
    if hasattr(m, "__path__")
       ^^^^^^^^^^^^^^^^^^^^^^
  File "C:\Users\Vignesh.Selvaraju\AppData\Local\Programs\Python\Python312\Lib\site-packages\transformers\__init__.py", line 862, in _getattr
    return getattr(importlib.import_module(target, __name__), name)
                   ^^^^^^^^^^^^^^^^^^^^^^^^^^^^^^^^^^^^^^^^^
  File "C:\Users\Vignesh.Selvaraju\AppData\Local\Programs\Python\Python312\Lib\importlib\__init__.py", line 90, in import_module
    return _bootstrap._gcd_import(name[level:], package, level)
           ^^^^^^^^^^^^^^^^^^^^^^^^^^^^^^^^^^^^^^^^^^^^^^^^^^^^
  File "<frozen importlib._bootstrap>", line 1387, in _gcd_import
  File "<frozen importlib._bootstrap>", line 1360, in _find_and_load
  File "<frozen importlib._bootstrap>", line 1331, in _find_and_load_unlocked
  File "<frozen importlib._bootstrap>", line 935, in _load_unlocked
  File "<frozen importlib._bootstrap_external>", line 999, in exec_module
  File "<frozen importlib._bootstrap>", line 488, in _call_with_frames_removed
  File "C:\Users\Vignesh.Selvaraju\AppData\Local\Programs\Python\Python312\Lib\site-packages\transformers\models\swin2sr\image_processing_swin2sr.py", line 17, in <module>
    from torchvision.transforms.v2 import functional as tvF
ModuleNotFoundError: No module named 'torchvision'
2026-10-01 16:26:21.641 Examining the path of transformers.models.textnet.image_processing_textnet_fast raised:
Traceback (most recent call last):
  File "C:\Users\Vignesh.Selvaraju\AppData\Local\Programs\Python\Python312\Lib\site-packages\streamlit\watcher\local_sources_watcher.py", line 330, in get_module_paths
    potential_paths = extract_paths(module)
                      ^^^^^^^^^^^^^^^^^^^^^
  File "C:\Users\Vignesh.Selvaraju\AppData\Local\Programs\Python\Python312\Lib\site-packages\streamlit\watcher\local_sources_watcher.py", line 317, in <lambda>
    if hasattr(m, "__path__")
       ^^^^^^^^^^^^^^^^^^^^^^
  File "C:\Users\Vignesh.Selvaraju\AppData\Local\Programs\Python\Python312\Lib\site-packages\transformers\__init__.py", line 862, in _getattr
    return getattr(importlib.import_module(target, __name__), name)
                   ^^^^^^^^^^^^^^^^^^^^^^^^^^^^^^^^^^^^^^^^^
  File "C:\Users\Vignesh.Selvaraju\AppData\Local\Programs\Python\Python312\Lib\importlib\__init__.py", line 90, in import_module
    return _bootstrap._gcd_import(name[level:], package, level)
           ^^^^^^^^^^^^^^^^^^^^^^^^^^^^^^^^^^^^^^^^^^^^^^^^^^^^
  File "<frozen importlib._bootstrap>", line 1387, in _gcd_import
  File "<frozen importlib._bootstrap>", line 1360, in _find_and_load
  File "<frozen importlib._bootstrap>", line 1331, in _find_and_load_unlocked
  File "<frozen importlib._bootstrap>", line 935, in _load_unlocked
  File "<frozen importlib._bootstrap_external>", line 999, in exec_module
  File "<frozen importlib._bootstrap>", line 488, in _call_with_frames_removed
  File "C:\Users\Vignesh.Selvaraju\AppData\Local\Programs\Python\Python312\Lib\site-packages\transformers\models\textnet\image_processing_textnet.py", line 17, in <module>
    from torchvision.transforms.v2 import functional as tvF
ModuleNotFoundError: No module named 'torchvision'
2026-10-01 16:26:21.645 Examining the path of transformers.models.tvp.image_processing_tvp_fast raised:
Traceback (most recent call last):
  File "C:\Users\Vignesh.Selvaraju\AppData\Local\Programs\Python\Python312\Lib\site-packages\streamlit\watcher\local_sources_watcher.py", line 330, in get_module_paths
    potential_paths = extract_paths(module)
                      ^^^^^^^^^^^^^^^^^^^^^
  File "C:\Users\Vignesh.Selvaraju\AppData\Local\Programs\Python\Python312\Lib\site-packages\streamlit\watcher\local_sources_watcher.py", line 317, in <lambda>
    if hasattr(m, "__path__")
       ^^^^^^^^^^^^^^^^^^^^^^
  File "C:\Users\Vignesh.Selvaraju\AppData\Local\Programs\Python\Python312\Lib\site-packages\transformers\__init__.py", line 862, in _getattr
    return getattr(importlib.import_module(target, __name__), name)
                   ^^^^^^^^^^^^^^^^^^^^^^^^^^^^^^^^^^^^^^^^^
  File "C:\Users\Vignesh.Selvaraju\AppData\Local\Programs\Python\Python312\Lib\importlib\__init__.py", line 90, in import_module
    return _bootstrap._gcd_import(name[level:], package, level)
           ^^^^^^^^^^^^^^^^^^^^^^^^^^^^^^^^^^^^^^^^^^^^^^^^^^^^
  File "<frozen importlib._bootstrap>", line 1387, in _gcd_import
  File "<frozen importlib._bootstrap>", line 1360, in _find_and_load
  File "<frozen importlib._bootstrap>", line 1331, in _find_and_load_unlocked
  File "<frozen importlib._bootstrap>", line 935, in _load_unlocked
  File "<frozen importlib._bootstrap_external>", line 999, in exec_module
  File "<frozen importlib._bootstrap>", line 488, in _call_with_frames_removed
  File "C:\Users\Vignesh.Selvaraju\AppData\Local\Programs\Python\Python312\Lib\site-packages\transformers\models\tvp\image_processing_tvp.py", line 17, in <module>
    from torchvision.transforms.v2 import functional as tvF
ModuleNotFoundError: No module named 'torchvision'
2026-10-01 16:26:21.647 Examining the path of transformers.models.video_llama_3.image_processing_video_llama_3_fast raised:
Traceback (most recent call last):
  File "C:\Users\Vignesh.Selvaraju\AppData\Local\Programs\Python\Python312\Lib\site-packages\streamlit\watcher\local_sources_watcher.py", line 330, in get_module_paths
    potential_paths = extract_paths(module)
                      ^^^^^^^^^^^^^^^^^^^^^
  File "C:\Users\Vignesh.Selvaraju\AppData\Local\Programs\Python\Python312\Lib\site-packages\streamlit\watcher\local_sources_watcher.py", line 317, in <lambda>
    if hasattr(m, "__path__")
       ^^^^^^^^^^^^^^^^^^^^^^
  File "C:\Users\Vignesh.Selvaraju\AppData\Local\Programs\Python\Python312\Lib\site-packages\transformers\__init__.py", line 862, in _getattr
    return getattr(importlib.import_module(target, __name__), name)
                   ^^^^^^^^^^^^^^^^^^^^^^^^^^^^^^^^^^^^^^^^^
  File "C:\Users\Vignesh.Selvaraju\AppData\Local\Programs\Python\Python312\Lib\importlib\__init__.py", line 90, in import_module
    return _bootstrap._gcd_import(name[level:], package, level)
           ^^^^^^^^^^^^^^^^^^^^^^^^^^^^^^^^^^^^^^^^^^^^^^^^^^^^
  File "<frozen importlib._bootstrap>", line 1387, in _gcd_import
  File "<frozen importlib._bootstrap>", line 1360, in _find_and_load
  File "<frozen importlib._bootstrap>", line 1331, in _find_and_load_unlocked
  File "<frozen importlib._bootstrap>", line 935, in _load_unlocked
  File "<frozen importlib._bootstrap_external>", line 999, in exec_module
  File "<frozen importlib._bootstrap>", line 488, in _call_with_frames_removed
  File "C:\Users\Vignesh.Selvaraju\AppData\Local\Programs\Python\Python312\Lib\site-packages\transformers\models\video_llama_3\image_processing_video_llama_3.py", line 24, in <module>
    import torchvision.transforms.v2.functional as tvF
ModuleNotFoundError: No module named 'torchvision'
2026-10-01 16:26:21.650 Examining the path of transformers.models.videomae.image_processing_videomae_fast raised:
Traceback (most recent call last):
  File "C:\Users\Vignesh.Selvaraju\AppData\Local\Programs\Python\Python312\Lib\site-packages\streamlit\watcher\local_sources_watcher.py", line 330, in get_module_paths
    potential_paths = extract_paths(module)
                      ^^^^^^^^^^^^^^^^^^^^^
  File "C:\Users\Vignesh.Selvaraju\AppData\Local\Programs\Python\Python312\Lib\site-packages\streamlit\watcher\local_sources_watcher.py", line 317, in <lambda>
    if hasattr(m, "__path__")
       ^^^^^^^^^^^^^^^^^^^^^^
  File "C:\Users\Vignesh.Selvaraju\AppData\Local\Programs\Python\Python312\Lib\site-packages\transformers\__init__.py", line 862, in _getattr
    return getattr(importlib.import_module(target, __name__), name)
                   ^^^^^^^^^^^^^^^^^^^^^^^^^^^^^^^^^^^^^^^^^
  File "C:\Users\Vignesh.Selvaraju\AppData\Local\Programs\Python\Python312\Lib\importlib\__init__.py", line 90, in import_module
    return _bootstrap._gcd_import(name[level:], package, level)
           ^^^^^^^^^^^^^^^^^^^^^^^^^^^^^^^^^^^^^^^^^^^^^^^^^^^^
  File "<frozen importlib._bootstrap>", line 1387, in _gcd_import
  File "<frozen importlib._bootstrap>", line 1360, in _find_and_load
  File "<frozen importlib._bootstrap>", line 1331, in _find_and_load_unlocked
  File "<frozen importlib._bootstrap>", line 935, in _load_unlocked
  File "<frozen importlib._bootstrap_external>", line 999, in exec_module
  File "<frozen importlib._bootstrap>", line 488, in _call_with_frames_removed
  File "C:\Users\Vignesh.Selvaraju\AppData\Local\Programs\Python\Python312\Lib\site-packages\transformers\models\videomae\image_processing_videomae.py", line 17, in <module>
    from torchvision.transforms.v2 import functional as tvF
ModuleNotFoundError: No module named 'torchvision'
2026-10-01 16:26:21.653 Examining the path of transformers.models.vilt.image_processing_vilt_fast raised:
Traceback (most recent call last):
  File "C:\Users\Vignesh.Selvaraju\AppData\Local\Programs\Python\Python312\Lib\site-packages\streamlit\watcher\local_sources_watcher.py", line 330, in get_module_paths
    potential_paths = extract_paths(module)
                      ^^^^^^^^^^^^^^^^^^^^^
  File "C:\Users\Vignesh.Selvaraju\AppData\Local\Programs\Python\Python312\Lib\site-packages\streamlit\watcher\local_sources_watcher.py", line 317, in <lambda>
    if hasattr(m, "__path__")
       ^^^^^^^^^^^^^^^^^^^^^^
  File "C:\Users\Vignesh.Selvaraju\AppData\Local\Programs\Python\Python312\Lib\site-packages\transformers\__init__.py", line 862, in _getattr
    return getattr(importlib.import_module(target, __name__), name)
                   ^^^^^^^^^^^^^^^^^^^^^^^^^^^^^^^^^^^^^^^^^
  File "C:\Users\Vignesh.Selvaraju\AppData\Local\Programs\Python\Python312\Lib\importlib\__init__.py", line 90, in import_module
    return _bootstrap._gcd_import(name[level:], package, level)
           ^^^^^^^^^^^^^^^^^^^^^^^^^^^^^^^^^^^^^^^^^^^^^^^^^^^^
  File "<frozen importlib._bootstrap>", line 1387, in _gcd_import
  File "<frozen importlib._bootstrap>", line 1360, in _find_and_load
  File "<frozen importlib._bootstrap>", line 1331, in _find_and_load_unlocked
  File "<frozen importlib._bootstrap>", line 935, in _load_unlocked
  File "<frozen importlib._bootstrap_external>", line 999, in exec_module
  File "<frozen importlib._bootstrap>", line 488, in _call_with_frames_removed
  File "C:\Users\Vignesh.Selvaraju\AppData\Local\Programs\Python\Python312\Lib\site-packages\transformers\models\vilt\image_processing_vilt.py", line 17, in <module>
    from torchvision.transforms.v2 import functional as tvF
ModuleNotFoundError: No module named 'torchvision'
2026-10-01 16:26:21.655 Examining the path of transformers.models.vitmatte.image_processing_vitmatte_fast raised:
Traceback (most recent call last):
  File "C:\Users\Vignesh.Selvaraju\AppData\Local\Programs\Python\Python312\Lib\site-packages\streamlit\watcher\local_sources_watcher.py", line 330, in get_module_paths
    potential_paths = extract_paths(module)
                      ^^^^^^^^^^^^^^^^^^^^^
  File "C:\Users\Vignesh.Selvaraju\AppData\Local\Programs\Python\Python312\Lib\site-packages\streamlit\watcher\local_sources_watcher.py", line 317, in <lambda>
    if hasattr(m, "__path__")
       ^^^^^^^^^^^^^^^^^^^^^^
  File "C:\Users\Vignesh.Selvaraju\AppData\Local\Programs\Python\Python312\Lib\site-packages\transformers\__init__.py", line 862, in _getattr
    return getattr(importlib.import_module(target, __name__), name)
                   ^^^^^^^^^^^^^^^^^^^^^^^^^^^^^^^^^^^^^^^^^
  File "C:\Users\Vignesh.Selvaraju\AppData\Local\Programs\Python\Python312\Lib\importlib\__init__.py", line 90, in import_module
    return _bootstrap._gcd_import(name[level:], package, level)
           ^^^^^^^^^^^^^^^^^^^^^^^^^^^^^^^^^^^^^^^^^^^^^^^^^^^^
  File "<frozen importlib._bootstrap>", line 1387, in _gcd_import
  File "<frozen importlib._bootstrap>", line 1360, in _find_and_load
  File "<frozen importlib._bootstrap>", line 1331, in _find_and_load_unlocked
  File "<frozen importlib._bootstrap>", line 935, in _load_unlocked
  File "<frozen importlib._bootstrap_external>", line 999, in exec_module
  File "<frozen importlib._bootstrap>", line 488, in _call_with_frames_removed
  File "C:\Users\Vignesh.Selvaraju\AppData\Local\Programs\Python\Python312\Lib\site-packages\transformers\models\vitmatte\image_processing_vitmatte.py", line 19, in <module>
    from torchvision.transforms.v2 import functional as tvF
ModuleNotFoundError: No module named 'torchvision'
2026-10-01 16:26:21.658 Examining the path of transformers.models.vitpose.image_processing_vitpose_fast raised:
Traceback (most recent call last):
  File "C:\Users\Vignesh.Selvaraju\AppData\Local\Programs\Python\Python312\Lib\site-packages\streamlit\watcher\local_sources_watcher.py", line 330, in get_module_paths
    potential_paths = extract_paths(module)
                      ^^^^^^^^^^^^^^^^^^^^^
  File "C:\Users\Vignesh.Selvaraju\AppData\Local\Programs\Python\Python312\Lib\site-packages\streamlit\watcher\local_sources_watcher.py", line 317, in <lambda>
    if hasattr(m, "__path__")
       ^^^^^^^^^^^^^^^^^^^^^^
  File "C:\Users\Vignesh.Selvaraju\AppData\Local\Programs\Python\Python312\Lib\site-packages\transformers\__init__.py", line 862, in _getattr
    return getattr(importlib.import_module(target, __name__), name)
                   ^^^^^^^^^^^^^^^^^^^^^^^^^^^^^^^^^^^^^^^^^
  File "C:\Users\Vignesh.Selvaraju\AppData\Local\Programs\Python\Python312\Lib\importlib\__init__.py", line 90, in import_module
    return _bootstrap._gcd_import(name[level:], package, level)
           ^^^^^^^^^^^^^^^^^^^^^^^^^^^^^^^^^^^^^^^^^^^^^^^^^^^^
  File "<frozen importlib._bootstrap>", line 1387, in _gcd_import
  File "<frozen importlib._bootstrap>", line 1360, in _find_and_load
  File "<frozen importlib._bootstrap>", line 1331, in _find_and_load_unlocked
  File "<frozen importlib._bootstrap>", line 935, in _load_unlocked
  File "<frozen importlib._bootstrap_external>", line 999, in exec_module
  File "<frozen importlib._bootstrap>", line 488, in _call_with_frames_removed
  File "C:\Users\Vignesh.Selvaraju\AppData\Local\Programs\Python\Python312\Lib\site-packages\transformers\models\vitpose\image_processing_vitpose.py", line 22, in <module>
    from torchvision.transforms.v2 import functional as tvF
ModuleNotFoundError: No module named 'torchvision'
2026-10-01 16:26:21.661 Examining the path of transformers.models.yolos.image_processing_yolos_fast raised:
Traceback (most recent call last):
  File "C:\Users\Vignesh.Selvaraju\AppData\Local\Programs\Python\Python312\Lib\site-packages\streamlit\watcher\local_sources_watcher.py", line 330, in get_module_paths
    potential_paths = extract_paths(module)
                      ^^^^^^^^^^^^^^^^^^^^^
  File "C:\Users\Vignesh.Selvaraju\AppData\Local\Programs\Python\Python312\Lib\site-packages\streamlit\watcher\local_sources_watcher.py", line 317, in <lambda>
    if hasattr(m, "__path__")
       ^^^^^^^^^^^^^^^^^^^^^^
  File "C:\Users\Vignesh.Selvaraju\AppData\Local\Programs\Python\Python312\Lib\site-packages\transformers\__init__.py", line 862, in _getattr
    return getattr(importlib.import_module(target, __name__), name)
                   ^^^^^^^^^^^^^^^^^^^^^^^^^^^^^^^^^^^^^^^^^
  File "C:\Users\Vignesh.Selvaraju\AppData\Local\Programs\Python\Python312\Lib\importlib\__init__.py", line 90, in import_module
    return _bootstrap._gcd_import(name[level:], package, level)
           ^^^^^^^^^^^^^^^^^^^^^^^^^^^^^^^^^^^^^^^^^^^^^^^^^^^^
  File "<frozen importlib._bootstrap>", line 1387, in _gcd_import
  File "<frozen importlib._bootstrap>", line 1360, in _find_and_load
  File "<frozen importlib._bootstrap>", line 1331, in _find_and_load_unlocked
  File "<frozen importlib._bootstrap>", line 935, in _load_unlocked
  File "<frozen importlib._bootstrap_external>", line 999, in exec_module
  File "<frozen importlib._bootstrap>", line 488, in _call_with_frames_removed
  File "C:\Users\Vignesh.Selvaraju\AppData\Local\Programs\Python\Python312\Lib\site-packages\transformers\models\yolos\image_processing_yolos.py", line 12, in <module>
    from torchvision.io import read_image
ModuleNotFoundError: No module named 'torchvision'
2026-10-01 16:26:21.664 Examining the path of transformers.models.zoedepth.image_processing_zoedepth_fast raised:
Traceback (most recent call last):
  File "C:\Users\Vignesh.Selvaraju\AppData\Local\Programs\Python\Python312\Lib\site-packages\streamlit\watcher\local_sources_watcher.py", line 330, in get_module_paths
    potential_paths = extract_paths(module)
                      ^^^^^^^^^^^^^^^^^^^^^
  File "C:\Users\Vignesh.Selvaraju\AppData\Local\Programs\Python\Python312\Lib\site-packages\streamlit\watcher\local_sources_watcher.py", line 317, in <lambda>
    if hasattr(m, "__path__")
       ^^^^^^^^^^^^^^^^^^^^^^
  File "C:\Users\Vignesh.Selvaraju\AppData\Local\Programs\Python\Python312\Lib\site-packages\transformers\__init__.py", line 862, in _getattr
    return getattr(importlib.import_module(target, __name__), name)
                   ^^^^^^^^^^^^^^^^^^^^^^^^^^^^^^^^^^^^^^^^^
  File "C:\Users\Vignesh.Selvaraju\AppData\Local\Programs\Python\Python312\Lib\importlib\__init__.py", line 90, in import_module
    return _bootstrap._gcd_import(name[level:], package, level)
           ^^^^^^^^^^^^^^^^^^^^^^^^^^^^^^^^^^^^^^^^^^^^^^^^^^^^
  File "<frozen importlib._bootstrap>", line 1387, in _gcd_import
  File "<frozen importlib._bootstrap>", line 1360, in _find_and_load
  File "<frozen importlib._bootstrap>", line 1331, in _find_and_load_unlocked
  File "<frozen importlib._bootstrap>", line 935, in _load_unlocked
  File "<frozen importlib._bootstrap_external>", line 999, in exec_module
  File "<frozen importlib._bootstrap>", line 488, in _call_with_frames_removed
  File "C:\Users\Vignesh.Selvaraju\AppData\Local\Programs\Python\Python312\Lib\site-packages\transformers\models\zoedepth\image_processing_zoedepth.py", line 43, in <module>
    from torchvision.transforms.v2 import functional as tvF
ModuleNotFoundError: No module named 'torchvision'
2026-10-01 16:26:36 | INFO     | parser.openapi_parser | Parsing OpenAPI spec from: C:\Users\VIGNES~1.SEL\AppData\Local\Temp\tmp4sdicej5.yaml
2026-10-01 16:26:36 | INFO     | parser.openapi_parser | Parsed 4 endpoint(s) from C:\Users\VIGNES~1.SEL\AppData\Local\Temp\tmp4sdicej5.yaml
MongoDB is unavailable; using local document store at C:\Users\Vignesh.Selvaraju\Downloads\CapstoneMentorArchitecture\capstone1_mentor_architecture\capstone1_release\storage\data\ingested_documents.sqlite3
2026-10-01 16:26:46.193 Please replace `use_container_width` with `width`.

`use_container_width` will be removed after 2025-12-31.

For `use_container_width=True`, use `width='stretch'`. For `use_container_width=False`, use `width='content'`.
2026-10-01 16:27:35 | INFO     | parser.openapi_parser | Parsing OpenAPI spec from: C:\Users\VIGNES~1.SEL\AppData\Local\Temp\tmpgy6yqxo7.yaml
2026-10-01 16:27:35 | INFO     | parser.openapi_parser | Parsed 4 endpoint(s) from C:\Users\VIGNES~1.SEL\AppData\Local\Temp\tmpgy6yqxo7.yaml
2026-10-01 16:27:40 | WARNING  | __main__ | Mongo document persistence skipped: localhost:27017: [WinError 10061] No connection could be made because the target machine actively refused it (configured timeouts: socketTimeoutMS: 20000.0ms, connectTimeoutMS: 20000.0ms), Timeout: 5.0s, Topology Description: <TopologyDescription id: 6abe3c9fe3976c02faae4279, topology_type: Unknown, servers: [<ServerDescription ('localhost', 27017) server_type: Unknown, rtt: None, error=AutoReconnect('localhost:27017: [WinError 10061] No connection could be made because the target machine actively refused it (configured timeouts: socketTimeoutMS: 20000.0ms, connectTimeoutMS: 20000.0ms)')>]>
2026-10-01 16:27:40.542 Please replace `use_container_width` with `width`.

`use_container_width` will be removed after 2025-12-31.

For `use_container_width=True`, use `width='stretch'`. For `use_container_width=False`, use `width='content'`.
